foodCode,foodName,alias,category,energyKCal,protein,fat,carbohydrate,dietaryFiber,standardName,searchKeywords,primaryCategory,secondaryCategory,originalCategory,nutritionBasis,basisAmount,basisUnit,defaultServingAmount,defaultServingUnit,defaultServingGram,foodState,cookingMethod,brand,sourceName,sourceType,sourceVersion,sourceQueryDate,dataConfidence,isEstimated,isCompositeFood,isActive,canonicalFoodCode,reviewStatus,reviewNote,energyRepairMethod,originalEnergyKCal,qualityFlags
EXT0001,炼乳（甜，罐头）,炼乳，甜炼乳，炼奶,乳类及其制品-其他,332.0,8.0,8.7,55.4,0.0,炼乳（甜，罐头）,炼乳（甜，罐头），炼乳，甜炼乳，炼奶,奶及乳制品,液态乳及其他乳制品,乳类及其制品-其他,100g,100,g,,,,未明确,,,原始数据库（来源待追溯）,原始导入,未提供,2026-06-25,中,否,否,是,EXT0001,待来源追溯,原始数据保留；新增结构字段为规则化整理结果。,,332,
EXT0002,奶皮子,奶皮，乳皮,乳类及其制品-其他,460.0,12.2,42.9,6.3,0.0,奶皮子,奶皮子，奶皮，乳皮,奶及乳制品,液态乳及其他乳制品,乳类及其制品-其他,100g,100,g,,,,未明确,,,原始数据库（来源待追溯）,原始导入,未提供,2026-06-25,中,否,否,是,EXT0002,待来源追溯,原始数据保留；新增结构字段为规则化整理结果。,,460,
EXT0003,奶片,奶片糖，奶贝，牛奶片,乳类及其制品-其他,472.0,13.3,20.2,59.3,0.0,奶片,奶片，奶片糖，奶贝，牛奶片,奶及乳制品,液态乳及其他乳制品,乳类及其制品-其他,100g,100,g,,,,未明确,,,原始数据库（来源待追溯）,原始导入,未提供,2026-06-25,中,否,否,是,EXT0003,待来源追溯,原始数据保留；新增结构字段为规则化整理结果。,,472,
EXT0004,全脂甜炼乳（雀巢）,雀巢炼乳，鹰唛炼奶，甜炼乳,乳类及其制品-其他,380.0,7.5,10.0,64.9,0.0,全脂甜炼乳（雀巢）,全脂甜炼乳（雀巢），雀巢炼乳，鹰唛炼奶，甜炼乳,奶及乳制品,液态乳及其他乳制品,乳类及其制品-其他,100g,100,g,,,,未明确,,,原始数据库（来源待追溯）,原始导入,未提供,2026-06-25,中,否,否,是,EXT0004,待来源追溯,原始数据保留；新增结构字段为规则化整理结果。,,380,
EXT0005,全脂甜炼乳（燕山牌）,,乳类及其制品-其他,374.0,8.2,10.0,62.8,0.0,全脂甜炼乳（燕山牌）,全脂甜炼乳（燕山牌）,奶及乳制品,液态乳及其他乳制品,乳类及其制品-其他,100g,100,g,,,,未明确,,,原始数据库（来源待追溯）,原始导入,未提供,2026-06-25,中,否,否,是,EXT0005,待来源追溯,原始数据保留；新增结构字段为规则化整理结果。,,374,
EXT0006,脱脂甜炼乳,,乳类及其制品-其他,275.0,10.3,0.2,58.0,0.0,脱脂甜炼乳,脱脂甜炼乳,奶及乳制品,液态乳及其他乳制品,乳类及其制品-其他,100g,100,g,,,,未明确,,,原始数据库（来源待追溯）,原始导入,未提供,2026-06-25,中,否,否,是,EXT0006,待来源追溯,原始数据保留；新增结构字段为规则化整理结果。,,275,
EXT0007,蛋白粉（益力健乳铁乳清蛋白粉）,,乳类及其制品-其他,425.0,50.0,12.5,28.0,0.0,蛋白粉（益力健乳铁乳清蛋白粉）,蛋白粉（益力健乳铁乳清蛋白粉）,运动营养,其他,乳类及其制品-其他,100g,100,g,,,,未明确,,,原始数据库（来源待追溯）,原始导入,未提供,2026-06-25,中,否,否,是,EXT0007,待来源追溯,原始数据保留；新增结构字段为规则化整理结果。,,425,
EXT0008,牛初乳奶片（纽瑞滋牛初乳咀嚼奶片）,奶片糖，奶贝，牛奶片,乳类及其制品-其他,347.0,27.0,4.5,49.5,0.0,牛初乳奶片（纽瑞滋牛初乳咀嚼奶片）,牛初乳奶片（纽瑞滋牛初乳咀嚼奶片），奶片糖，奶贝，牛奶片,奶及乳制品,液态乳及其他乳制品,乳类及其制品-其他,100g,100,g,,,,未明确,,,原始数据库（来源待追溯）,原始导入,未提供,2026-06-25,中,否,否,是,EXT0008,待来源追溯,原始数据保留；新增结构字段为规则化整理结果。,,347,
EXT0009,奶渣,,乳类及其制品-其他,381.0,44.4,4.2,41.3,0.0,奶渣,奶渣,奶及乳制品,液态乳及其他乳制品,乳类及其制品-其他,100g,100,g,,,,未明确,,,原始数据库（来源待追溯）,原始导入,未提供,2026-06-25,中,否,否,是,EXT0009,待来源追溯,原始数据保留；新增结构字段为规则化整理结果。,,381,
EXT0010,奶油,黄油，白脱，乳脂，淡奶油,乳类及其制品-奶油,879.0,0.7,97.0,0.9,0.0,奶油,奶油，黄油，白脱，乳脂，淡奶油,油脂,动物油及其他油脂,乳类及其制品-奶油,100g,100,g,,,,未明确,,,原始数据库（来源待追溯）,原始导入,未提供,2026-06-25,低,否,否,否,EXT0010,同名冲突待核验,原始数据保留；新增结构字段为规则化整理结果。,,879,
EXT0011,奶油（焦克）,黄油，白脱，乳脂，淡奶油,乳类及其制品-奶油,447.0,3.0,48.3,0.0,0.0,奶油（焦克）,奶油（焦克），黄油，白脱，乳脂，淡奶油,油脂,动物油及其他油脂,乳类及其制品-奶油,100g,100,g,,,,未明确,,,原始数据库（来源待追溯）,原始导入,未提供,2026-06-25,中,否,否,是,EXT0011,待来源追溯,原始数据保留；新增结构字段为规则化整理结果。,,447,
EXT0012,奶油（食品工业）,黄油，白脱，乳脂，淡奶油,乳类及其制品-奶油,504.0,1.1,55.5,0.0,0.0,奶油（食品工业）,奶油（食品工业），黄油，白脱，乳脂，淡奶油,油脂,动物油及其他油脂,乳类及其制品-奶油,100g,100,g,,,,未明确,,,原始数据库（来源待追溯）,原始导入,未提供,2026-06-25,中,否,否,是,EXT0012,待来源追溯,原始数据保留；新增结构字段为规则化整理结果。,,504,
EXT0013,黄油,牛油（西式），白脱，乳脂,乳类及其制品-奶油,888.0,1.4,98.0,0.0,0.0,黄油,黄油，牛油（西式），白脱，乳脂,油脂,动物油及其他油脂,乳类及其制品-奶油,100g,100,g,,,,未明确,,,原始数据库（来源待追溯）,原始导入,未提供,2026-06-25,低,否,否,否,EXT0013,同名冲突待核验,原始数据保留；新增结构字段为规则化整理结果。,,888,
EXT0014,黄油渣,牛油（西式），白脱，乳脂,乳类及其制品-奶油,599.0,11.1,43.8,40.0,0.0,黄油渣,黄油渣，牛油（西式），白脱，乳脂,油脂,动物油及其他油脂,乳类及其制品-奶油,100g,100,g,,,,未明确,,,原始数据库（来源待追溯）,原始导入,未提供,2026-06-25,中,否,否,是,EXT0014,待来源追溯,原始数据保留；新增结构字段为规则化整理结果。,,599,
EXT0015,白脱（食品工业）[牛油、黄油],牛油、黄油,乳类及其制品-奶油,744.0,0.0,82.7,0.0,0.0,白脱（食品工业）[牛油、黄油],白脱（食品工业）[牛油、黄油]，牛油，黄油,油脂,动物油及其他油脂,乳类及其制品-奶油,100g,100,g,,,,未明确,,,原始数据库（来源待追溯）,原始导入,未提供,2026-06-25,中,否,否,是,EXT0015,待来源追溯,原始数据保留；新增结构字段为规则化整理结果。,,744,
EXT0016,酥油,黄油（西藏），酥油（牦牛乳）,乳类及其制品-奶油,860.0,1.5,94.4,1.1,0.0,酥油,酥油，黄油（西藏），酥油（牦牛乳）,油脂,动物油及其他油脂,乳类及其制品-奶油,100g,100,g,,,,未明确,,,原始数据库（来源待追溯）,原始导入,未提供,2026-06-25,低,否,否,否,EXT0016,同名冲突待核验,原始数据保留；新增结构字段为规则化整理结果。,,860,
EXT0017,奶油,黄油，白脱，乳脂，淡奶油,乳类及其制品-奶油,785.0,1.1,86.0,1.7,0.0,奶油,奶油，黄油，白脱，乳脂，淡奶油,油脂,动物油及其他油脂,乳类及其制品-奶油,100g,100,g,,,,未明确,,,原始数据库（来源待追溯）,原始导入,未提供,2026-06-25,低,否,否,否,EXT0017,同名冲突待核验,原始数据保留；新增结构字段为规则化整理结果。,,785,
EXT0018,酥油,黄油（西藏），酥油（牦牛乳）,乳类及其制品-奶油,718.0,0.7,74.9,10.3,0.0,酥油,酥油，黄油（西藏），酥油（牦牛乳）,油脂,动物油及其他油脂,乳类及其制品-奶油,100g,100,g,,,,未明确,,,原始数据库（来源待追溯）,原始导入,未提供,2026-06-25,低,否,否,否,EXT0018,同名冲突待核验,原始数据保留；新增结构字段为规则化整理结果。,,718,
EXT0019,酥油茶（原味）,黄油（西藏），酥油（牦牛乳）,乳类及其制品-奶油,465.0,3.0,17.7,73.3,0.0,酥油茶（原味）,酥油茶（原味），黄油（西藏），酥油（牦牛乳）,油脂,动物油及其他油脂,乳类及其制品-奶油,100g,100,g,,,,未明确,,,原始数据库（来源待追溯）,原始导入,未提供,2026-06-25,中,否,否,是,EXT0019,待来源追溯,原始数据保留；新增结构字段为规则化整理结果。,,465,
EXT0020,全脂奶粉（多维奶粉）,,乳类及其制品-奶粉,484.0,19.9,22.7,49.9,0.0,全脂奶粉（多维奶粉）,全脂奶粉（多维奶粉）,奶及乳制品,奶粉,乳类及其制品-奶粉,100g,100,g,,,,未明确,,,原始数据库（来源待追溯）,原始导入,未提供,2026-06-25,中,否,否,是,EXT0020,待来源追溯,原始数据保留；新增结构字段为规则化整理结果。,,484,
EXT0021,全脂奶粉（代表值）,,乳类及其制品-奶粉,482.0,19.9,22.3,50.5,0.0,全脂奶粉（代表值）,全脂奶粉（代表值）,奶及乳制品,奶粉,乳类及其制品-奶粉,100g,100,g,,,,未明确,,,原始数据库（来源待追溯）,原始导入,未提供,2026-06-25,中,否,否,是,EXT0021,待来源追溯,原始数据保留；新增结构字段为规则化整理结果。,,482,
EXT0022,全脂奶粉,,乳类及其制品-奶粉,478.0,20.1,21.2,51.7,0.0,全脂奶粉,全脂奶粉,奶及乳制品,奶粉,乳类及其制品-奶粉,100g,100,g,,,,未明确,,,原始数据库（来源待追溯）,原始导入,未提供,2026-06-25,中,否,否,是,EXT0022,待来源追溯,原始数据保留；新增结构字段为规则化整理结果。,,478,
EXT0023,全脂奶粉（速溶）,,乳类及其制品-奶粉,466.0,19.9,18.9,54.0,0.0,全脂奶粉（速溶）,全脂奶粉（速溶）,奶及乳制品,奶粉,乳类及其制品-奶粉,100g,100,g,,,,未明确,,,原始数据库（来源待追溯）,原始导入,未提供,2026-06-25,中,否,否,是,EXT0023,待来源追溯,原始数据保留；新增结构字段为规则化整理结果。,,466,
EXT0024,全脂奶粉（雀巢）,,乳类及其制品-奶粉,504.0,24.0,28.0,39.0,0.0,全脂奶粉（雀巢）,全脂奶粉（雀巢）,奶及乳制品,奶粉,乳类及其制品-奶粉,100g,100,g,,,,未明确,,,原始数据库（来源待追溯）,原始导入,未提供,2026-06-25,中,否,否,是,EXT0024,待来源追溯,原始数据保留；新增结构字段为规则化整理结果。,,504,
EXT0025,全脂奶粉（伊利牌）,,乳类及其制品-奶粉,504.0,22.0,26.0,45.5,0.0,全脂奶粉（伊利牌）,全脂奶粉（伊利牌）,奶及乳制品,奶粉,乳类及其制品-奶粉,100g,100,g,,,,未明确,,,原始数据库（来源待追溯）,原始导入,未提供,2026-06-25,中,否,否,是,EXT0025,待来源追溯,原始数据保留；新增结构字段为规则化整理结果。,,504,
EXT0026,全脂奶粉(红星速溶加锌奶粉),,乳类及其制品-奶粉,478.0,18.5,20.8,54.1,0.0,全脂奶粉(红星速溶加锌奶粉),全脂奶粉(红星速溶加锌奶粉),奶及乳制品,奶粉,乳类及其制品-奶粉,100g,100,g,,,,未明确,,,原始数据库（来源待追溯）,原始导入,未提供,2026-06-25,中,否,否,是,EXT0026,待来源追溯,原始数据保留；新增结构字段为规则化整理结果。,,478,
EXT0027,全脂奶粉（欧世蒙牛多维高钙高铁奶粉）,,乳类及其制品-奶粉,473.0,18.2,21.7,51.1,0.0,全脂奶粉（欧世蒙牛多维高钙高铁奶粉）,全脂奶粉（欧世蒙牛多维高钙高铁奶粉）,奶及乳制品,奶粉,乳类及其制品-奶粉,100g,100,g,,,,未明确,,,原始数据库（来源待追溯）,原始导入,未提供,2026-06-25,中,否,否,是,EXT0027,待来源追溯,原始数据保留；新增结构字段为规则化整理结果。,,473,
EXT0028,全脂奶粉（雪花钙加锌调制奶粉）,,乳类及其制品-奶粉,461.0,17.0,19.0,55.5,0.0,全脂奶粉（雪花钙加锌调制奶粉）,全脂奶粉（雪花钙加锌调制奶粉）,奶及乳制品,奶粉,乳类及其制品-奶粉,100g,100,g,,,,未明确,,,原始数据库（来源待追溯）,原始导入,未提供,2026-06-25,中,否,否,是,EXT0028,待来源追溯,原始数据保留；新增结构字段为规则化整理结果。,,461,
EXT0029,全脂奶粉（雪花高钙多维调制奶粉）,,乳类及其制品-奶粉,484.0,19.5,22.0,52.0,0.0,全脂奶粉（雪花高钙多维调制奶粉）,全脂奶粉（雪花高钙多维调制奶粉）,奶及乳制品,奶粉,乳类及其制品-奶粉,100g,100,g,,,,未明确,,,原始数据库（来源待追溯）,原始导入,未提供,2026-06-25,中,否,否,是,EXT0029,待来源追溯,原始数据保留；新增结构字段为规则化整理结果。,,484,
EXT0030,全脂甜奶粉（代表值）,甜奶粉，全脂加糖奶粉，甜牛奶粉,乳类及其制品-奶粉,485.0,20.2,22.9,49.6,0.0,全脂甜奶粉（代表值）,全脂甜奶粉（代表值），甜奶粉，全脂加糖奶粉，甜牛奶粉,奶及乳制品,奶粉,乳类及其制品-奶粉,100g,100,g,,,,未明确,,,原始数据库（来源待追溯）,原始导入,未提供,2026-06-25,中,否,否,是,EXT0030,待来源追溯,原始数据保留；新增结构字段为规则化整理结果。,,485,
EXT0031,全脂甜奶粉,甜奶粉，全脂加糖奶粉，甜牛奶粉,乳类及其制品-奶粉,490.0,22.5,23.4,47.4,0.0,全脂甜奶粉,全脂甜奶粉，甜奶粉，全脂加糖奶粉，甜牛奶粉,奶及乳制品,奶粉,乳类及其制品-奶粉,100g,100,g,,,,未明确,,,原始数据库（来源待追溯）,原始导入,未提供,2026-06-25,中,否,否,是,EXT0031,待来源追溯,原始数据保留；新增结构字段为规则化整理结果。,,490,
EXT0032,全脂甜奶粉（伊利牌）,甜奶粉，全脂加糖奶粉，甜牛奶粉,乳类及其制品-奶粉,476.0,19.0,21.0,52.8,0.0,全脂甜奶粉（伊利牌）,全脂甜奶粉（伊利牌），甜奶粉，全脂加糖奶粉，甜牛奶粉,奶及乳制品,奶粉,乳类及其制品-奶粉,100g,100,g,,,,未明确,,,原始数据库（来源待追溯）,原始导入,未提供,2026-06-25,中,否,否,是,EXT0032,待来源追溯,原始数据保留；新增结构字段为规则化整理结果。,,476,
EXT0033,全脂甜奶粉(飞鹤全脂甜乳粉),甜奶粉，全脂加糖奶粉，甜牛奶粉,乳类及其制品-奶粉,479.0,20.0,23.0,48.0,0.0,全脂甜奶粉(飞鹤全脂甜乳粉),全脂甜奶粉(飞鹤全脂甜乳粉)，甜奶粉，全脂加糖奶粉，甜牛奶粉,奶及乳制品,奶粉,乳类及其制品-奶粉,100g,100,g,,,,未明确,,,原始数据库（来源待追溯）,原始导入,未提供,2026-06-25,中,否,否,是,EXT0033,待来源追溯,原始数据保留；新增结构字段为规则化整理结果。,,479,
EXT0034,全脂甜奶粉（红星速溶全脂甜奶粉）,甜奶粉，全脂加糖奶粉，甜牛奶粉,乳类及其制品-奶粉,481.0,18.5,23.0,50.0,0.0,全脂甜奶粉（红星速溶全脂甜奶粉）,全脂甜奶粉（红星速溶全脂甜奶粉），甜奶粉，全脂加糖奶粉，甜牛奶粉,奶及乳制品,奶粉,乳类及其制品-奶粉,100g,100,g,,,,未明确,,,原始数据库（来源待追溯）,原始导入,未提供,2026-06-25,中,否,否,是,EXT0034,待来源追溯,原始数据保留；新增结构字段为规则化整理结果。,,481,
EXT0035,全脂甜奶粉（三元燕山牌全脂甜奶粉）,甜奶粉，全脂加糖奶粉，甜牛奶粉,乳类及其制品-奶粉,500.0,21.0,24.0,50.0,0.0,全脂甜奶粉（三元燕山牌全脂甜奶粉）,全脂甜奶粉（三元燕山牌全脂甜奶粉），甜奶粉，全脂加糖奶粉，甜牛奶粉,奶及乳制品,奶粉,乳类及其制品-奶粉,100g,100,g,,,,未明确,,,原始数据库（来源待追溯）,原始导入,未提供,2026-06-25,中,否,否,是,EXT0035,待来源追溯,原始数据保留；新增结构字段为规则化整理结果。,,500,
EXT0036,"低脂奶粉(代表值,高钙高铁)",,乳类及其制品-奶粉,425.0,23.7,11.9,55.9,0.0,"低脂奶粉(代表值,高钙高铁)","低脂奶粉(代表值,高钙高铁)",奶及乳制品,奶粉,乳类及其制品-奶粉,100g,100,g,,,,未明确,,,原始数据库（来源待追溯）,原始导入,未提供,2026-06-25,中,否,否,是,EXT0036,待来源追溯,原始数据保留；新增结构字段为规则化整理结果。,,425,
EXT0037,"低脂奶粉（高钙高铁,雀巢）",,乳类及其制品-奶粉,413.0,27.0,11.7,50.0,0.0,"低脂奶粉（高钙高铁,雀巢）","低脂奶粉（高钙高铁,雀巢）",奶及乳制品,奶粉,乳类及其制品-奶粉,100g,100,g,,,,未明确,,,原始数据库（来源待追溯）,原始导入,未提供,2026-06-25,中,否,否,是,EXT0037,待来源追溯,原始数据保留；新增结构字段为规则化整理结果。,,413,
EXT0038,"低脂奶粉（高钙高铁,伊利牌）",,乳类及其制品-奶粉,423.0,27.0,11.0,53.9,0.0,"低脂奶粉（高钙高铁,伊利牌）","低脂奶粉（高钙高铁,伊利牌）",奶及乳制品,奶粉,乳类及其制品-奶粉,100g,100,g,,,,未明确,,,原始数据库（来源待追溯）,原始导入,未提供,2026-06-25,中,否,否,是,EXT0038,待来源追溯,原始数据保留；新增结构字段为规则化整理结果。,,423,
EXT0039,"低脂奶粉（高钙高铁,可淇牌）",,乳类及其制品-奶粉,437.0,17.0,13.0,63.0,0.0,"低脂奶粉（高钙高铁,可淇牌）","低脂奶粉（高钙高铁,可淇牌）",奶及乳制品,奶粉,乳类及其制品-奶粉,100g,100,g,,,,未明确,,,原始数据库（来源待追溯）,原始导入,未提供,2026-06-25,中,否,否,是,EXT0039,待来源追溯,原始数据保留；新增结构字段为规则化整理结果。,,437,
EXT0040,全脂奶粉（全脂羊乳粉）,,乳类及其制品-奶粉,498.0,18.8,25.2,49.0,0.0,全脂奶粉（全脂羊乳粉）,全脂奶粉（全脂羊乳粉）,奶及乳制品,奶粉,乳类及其制品-奶粉,100g,100,g,,,,未明确,,,原始数据库（来源待追溯）,原始导入,未提供,2026-06-25,中,否,否,是,EXT0040,待来源追溯,原始数据保留；新增结构字段为规则化整理结果。,,498,
EXT0041,"驴奶粉（花麒牌,西域龙驴奶粉）",,乳类及其制品-奶粉,442.0,20.1,12.4,62.4,0.0,"驴奶粉（花麒牌,西域龙驴奶粉）","驴奶粉（花麒牌,西域龙驴奶粉）",奶及乳制品,奶粉,乳类及其制品-奶粉,100g,100,g,,,,未明确,,,原始数据库（来源待追溯）,原始导入,未提供,2026-06-25,中,否,否,是,EXT0041,待来源追溯,原始数据保留；新增结构字段为规则化整理结果。,,442,
EXT0042,驴奶粉（金驴龙奶）,,乳类及其制品-奶粉,416.0,14.8,8.2,70.8,0.0,驴奶粉（金驴龙奶）,驴奶粉（金驴龙奶）,奶及乳制品,奶粉,乳类及其制品-奶粉,100g,100,g,,,,未明确,,,原始数据库（来源待追溯）,原始导入,未提供,2026-06-25,中,否,否,是,EXT0042,待来源追溯,原始数据保留；新增结构字段为规则化整理结果。,,416,
EXT0043,"驴奶粉(源西域牌,冻干特质)",,乳类及其制品-奶粉,428.0,19.3,12.3,60.0,0.0,"驴奶粉(源西域牌,冻干特质)","驴奶粉(源西域牌,冻干特质)",奶及乳制品,奶粉,乳类及其制品-奶粉,100g,100,g,,,,未明确,,,原始数据库（来源待追溯）,原始导入,未提供,2026-06-25,中,否,否,是,EXT0043,待来源追溯,原始数据保留；新增结构字段为规则化整理结果。,,428,
EXT0044,"驼奶粉(花麒牌,西域龙驼奶粉)",,乳类及其制品-奶粉,528.0,20.2,30.4,43.4,0.0,"驼奶粉(花麒牌,西域龙驼奶粉)","驼奶粉(花麒牌,西域龙驼奶粉)",奶及乳制品,奶粉,乳类及其制品-奶粉,100g,100,g,,,,未明确,,,原始数据库（来源待追溯）,原始导入,未提供,2026-06-25,中,否,否,是,EXT0044,待来源追溯,原始数据保留；新增结构字段为规则化整理结果。,,528,
EXT0045,驼奶粉(天山牧歌牌),,乳类及其制品-奶粉,513.0,16.7,28.6,47.1,0.0,驼奶粉(天山牧歌牌),驼奶粉(天山牧歌牌),奶及乳制品,奶粉,乳类及其制品-奶粉,100g,100,g,,,,未明确,,,原始数据库（来源待追溯）,原始导入,未提供,2026-06-25,中,否,否,是,EXT0045,待来源追溯,原始数据保留；新增结构字段为规则化整理结果。,,513,
EXT0046,"驼奶粉(旺源牌,全脂驼乳粉)",,乳类及其制品-奶粉,545.0,21.3,34.6,37.0,0.0,"驼奶粉(旺源牌,全脂驼乳粉)","驼奶粉(旺源牌,全脂驼乳粉)",奶及乳制品,奶粉,乳类及其制品-奶粉,100g,100,g,,,,未明确,,,原始数据库（来源待追溯）,原始导入,未提供,2026-06-25,中,否,否,是,EXT0046,待来源追溯,原始数据保留；新增结构字段为规则化整理结果。,,545,
EXT0047,儿童配方奶粉(代表值),,乳类及其制品-奶粉,454.0,19.0,17.3,56.1,1.1,儿童配方奶粉(代表值),儿童配方奶粉(代表值),奶及乳制品,奶粉,乳类及其制品-奶粉,100g,100,g,,,,未明确,,,原始数据库（来源待追溯）,原始导入,未提供,2026-06-25,中,否,否,是,EXT0047,待来源追溯,原始数据保留；新增结构字段为规则化整理结果。,,454,
EXT0048,"儿童配方奶粉(安儿健A+,美赞臣)",,乳类及其制品-奶粉,428.0,17.9,11.1,64.0,0.0,"儿童配方奶粉(安儿健A+,美赞臣)","儿童配方奶粉(安儿健A+,美赞臣)",奶及乳制品,奶粉,乳类及其制品-奶粉,100g,100,g,,,,未明确,,,原始数据库（来源待追溯）,原始导入,未提供,2026-06-25,中,否,否,是,EXT0048,待来源追溯,原始数据保留；新增结构字段为规则化整理结果。,,428,
EXT0049,"儿童配方奶粉(适体健,美赞臣)",,乳类及其制品-奶粉,417.0,16.0,9.0,68.0,0.0,"儿童配方奶粉(适体健,美赞臣)","儿童配方奶粉(适体健,美赞臣)",奶及乳制品,奶粉,乳类及其制品-奶粉,100g,100,g,,,,未明确,,,原始数据库（来源待追溯）,原始导入,未提供,2026-06-25,中,否,否,是,EXT0049,待来源追溯,原始数据保留；新增结构字段为规则化整理结果。,,417,
EXT0050,儿童配方奶粉(惠氏),,乳类及其制品-奶粉,451.0,17.0,15.0,62.0,0.0,儿童配方奶粉(惠氏),儿童配方奶粉(惠氏),奶及乳制品,奶粉,乳类及其制品-奶粉,100g,100,g,,,,未明确,,,原始数据库（来源待追溯）,原始导入,未提供,2026-06-25,中,否,否,是,EXT0050,待来源追溯,原始数据保留；新增结构字段为规则化整理结果。,,451,
EXT0051,儿童配方奶粉(可淇牌),,乳类及其制品-奶粉,457.0,17.0,17.0,59.0,0.0,儿童配方奶粉(可淇牌),儿童配方奶粉(可淇牌),奶及乳制品,奶粉,乳类及其制品-奶粉,100g,100,g,,,,未明确,,,原始数据库（来源待追溯）,原始导入,未提供,2026-06-25,中,否,否,是,EXT0051,待来源追溯,原始数据保留；新增结构字段为规则化整理结果。,,457,
EXT0052,儿童配方奶粉(完达山牌),,乳类及其制品-奶粉,458.0,17.0,18.0,57.0,0.0,儿童配方奶粉(完达山牌),儿童配方奶粉(完达山牌),奶及乳制品,奶粉,乳类及其制品-奶粉,100g,100,g,,,,未明确,,,原始数据库（来源待追溯）,原始导入,未提供,2026-06-25,中,否,否,是,EXT0052,待来源追溯,原始数据保留；新增结构字段为规则化整理结果。,,458,
EXT0053,儿童配方奶粉(贝因美特选幼童配方奶粉4阶段),,乳类及其制品-奶粉,473.0,18.0,19.5,56.6,0.6,儿童配方奶粉(贝因美特选幼童配方奶粉4阶段),儿童配方奶粉(贝因美特选幼童配方奶粉4阶段),奶及乳制品,奶粉,乳类及其制品-奶粉,100g,100,g,,,,未明确,,,原始数据库（来源待追溯）,原始导入,未提供,2026-06-25,中,否,否,是,EXT0053,待来源追溯,原始数据保留；新增结构字段为规则化整理结果。,,473,
EXT0054,儿童配方奶粉(多美滋优阶儿童配方奶粉),,乳类及其制品-奶粉,406.0,19.6,10.0,59.4,0.0,儿童配方奶粉(多美滋优阶儿童配方奶粉),儿童配方奶粉(多美滋优阶儿童配方奶粉),奶及乳制品,奶粉,乳类及其制品-奶粉,100g,100,g,,,,未明确,,,原始数据库（来源待追溯）,原始导入,未提供,2026-06-25,中,否,否,是,EXT0054,待来源追溯,原始数据保留；新增结构字段为规则化整理结果。,,406,
EXT0055,儿童配方奶粉(惠氏金装学儿乐学龄前儿童配方奶粉),,乳类及其制品-奶粉,442.0,17.0,16.0,58.9,3.0,儿童配方奶粉(惠氏金装学儿乐学龄前儿童配方奶粉),儿童配方奶粉(惠氏金装学儿乐学龄前儿童配方奶粉),奶及乳制品,奶粉,乳类及其制品-奶粉,100g,100,g,,,,未明确,,,原始数据库（来源待追溯）,原始导入,未提供,2026-06-25,中,否,否,是,EXT0055,待来源追溯,原始数据保留；新增结构字段为规则化整理结果。,,442,
EXT0056,儿童配方奶粉(美素佳儿GOLD金装儿童配方奶粉),,乳类及其制品-奶粉,452.0,25.8,17.0,49.0,0.0,儿童配方奶粉(美素佳儿GOLD金装儿童配方奶粉),儿童配方奶粉(美素佳儿GOLD金装儿童配方奶粉),奶及乳制品,奶粉,乳类及其制品-奶粉,100g,100,g,,,,未明确,,,原始数据库（来源待追溯）,原始导入,未提供,2026-06-25,中,否,否,是,EXT0056,待来源追溯,原始数据保留；新增结构字段为规则化整理结果。,,452,
EXT0057,儿童配方奶粉(美赞臣安儿健儿童配方奶粉),,乳类及其制品-奶粉,434.0,20.0,12.0,63.0,3.0,儿童配方奶粉(美赞臣安儿健儿童配方奶粉),儿童配方奶粉(美赞臣安儿健儿童配方奶粉),奶及乳制品,奶粉,乳类及其制品-奶粉,100g,100,g,,,,未明确,,,原始数据库（来源待追溯）,原始导入,未提供,2026-06-25,中,否,否,是,EXT0057,待来源追溯,原始数据保留；新增结构字段为规则化整理结果。,,434,
EXT0058,儿童配方奶粉(明治珍爱童儿童配方奶粉),,乳类及其制品-奶粉,465.0,20.0,19.0,53.7,0.3,儿童配方奶粉(明治珍爱童儿童配方奶粉),儿童配方奶粉(明治珍爱童儿童配方奶粉),奶及乳制品,奶粉,乳类及其制品-奶粉,100g,100,g,,,,未明确,,,原始数据库（来源待追溯）,原始导入,未提供,2026-06-25,中,否,否,是,EXT0058,待来源追溯,原始数据保留；新增结构字段为规则化整理结果。,,465,
EXT0059,儿童配方奶粉（欧世蒙牛奶装佳智学龄前儿童特殊配方奶粉4阶段）,,乳类及其制品-奶粉,470.0,17.9,20.9,52.5,0.0,儿童配方奶粉（欧世蒙牛奶装佳智学龄前儿童特殊配方奶粉4阶段）,儿童配方奶粉（欧世蒙牛奶装佳智学龄前儿童特殊配方奶粉4阶段）,奶及乳制品,奶粉,乳类及其制品-奶粉,100g,100,g,,,,未明确,,,原始数据库（来源待追溯）,原始导入,未提供,2026-06-25,中,否,否,是,EXT0059,待来源追溯,原始数据保留；新增结构字段为规则化整理结果。,,470,
EXT0060,儿童配方奶粉（雀巢能恩全进口奶源儿童配方奶粉4）,,乳类及其制品-奶粉,455.0,22.0,19.0,49.0,0.0,儿童配方奶粉（雀巢能恩全进口奶源儿童配方奶粉4）,儿童配方奶粉（雀巢能恩全进口奶源儿童配方奶粉4）,奶及乳制品,奶粉,乳类及其制品-奶粉,100g,100,g,,,,未明确,,,原始数据库（来源待追溯）,原始导入,未提供,2026-06-25,中,否,否,是,EXT0060,待来源追溯,原始数据保留；新增结构字段为规则化整理结果。,,455,
EXT0061,儿童配方奶粉（三元爱益儿童成长配方奶粉）,,乳类及其制品-奶粉,500.0,20.0,20.0,60.0,0.0,儿童配方奶粉（三元爱益儿童成长配方奶粉）,儿童配方奶粉（三元爱益儿童成长配方奶粉）,奶及乳制品,奶粉,乳类及其制品-奶粉,100g,100,g,,,,未明确,,,原始数据库（来源待追溯）,原始导入,未提供,2026-06-25,中,否,否,是,EXT0061,待来源追溯,原始数据保留；新增结构字段为规则化整理结果。,,500,
EXT0062,儿童配方奶粉（完达山4段儿童奶粉）,,乳类及其制品-奶粉,462.0,17.1,19.2,55.7,0.8,儿童配方奶粉（完达山4段儿童奶粉）,儿童配方奶粉（完达山4段儿童奶粉）,奶及乳制品,奶粉,乳类及其制品-奶粉,100g,100,g,,,,未明确,,,原始数据库（来源待追溯）,原始导入,未提供,2026-06-25,中,否,否,是,EXT0062,待来源追溯,原始数据保留；新增结构字段为规则化整理结果。,,462,
EXT0063,儿童配方奶粉（完达山金装元乳4段儿童奶粉）,,乳类及其制品-奶粉,466.0,17.5,19.8,54.8,0.9,儿童配方奶粉（完达山金装元乳4段儿童奶粉）,儿童配方奶粉（完达山金装元乳4段儿童奶粉）,奶及乳制品,奶粉,乳类及其制品-奶粉,100g,100,g,,,,未明确,,,原始数据库（来源待追溯）,原始导入,未提供,2026-06-25,中,否,否,是,EXT0063,待来源追溯,原始数据保留；新增结构字段为规则化整理结果。,,466,
EXT0064,儿童配方奶粉（雪花学生特殊配方奶粉）,,乳类及其制品-奶粉,461.0,17.5,19.0,55.0,0.0,儿童配方奶粉（雪花学生特殊配方奶粉）,儿童配方奶粉（雪花学生特殊配方奶粉）,奶及乳制品,奶粉,乳类及其制品-奶粉,100g,100,g,,,,生/鲜,,,原始数据库（来源待追溯）,原始导入,未提供,2026-06-25,中,否,否,是,EXT0064,待来源追溯,原始数据保留；新增结构字段为规则化整理结果。,,461,
EXT0065,儿童配方奶粉（雪花学生营养奶粉）,,乳类及其制品-奶粉,463.0,17.8,19.5,54.0,0.0,儿童配方奶粉（雪花学生营养奶粉）,儿童配方奶粉（雪花学生营养奶粉）,奶及乳制品,奶粉,乳类及其制品-奶粉,100g,100,g,,,,生/鲜,,,原始数据库（来源待追溯）,原始导入,未提供,2026-06-25,中,否,否,是,EXT0065,待来源追溯,原始数据保留；新增结构字段为规则化整理结果。,,463,
EXT0066,儿童配方奶粉（雅培金装喜康宝儿童配方奶粉）,,乳类及其制品-奶粉,444.0,17.5,15.9,58.1,0.7,儿童配方奶粉（雅培金装喜康宝儿童配方奶粉）,儿童配方奶粉（雅培金装喜康宝儿童配方奶粉）,奶及乳制品,奶粉,乳类及其制品-奶粉,100g,100,g,,,,未明确,,,原始数据库（来源待追溯）,原始导入,未提供,2026-06-25,中,否,否,是,EXT0066,待来源追溯,原始数据保留；新增结构字段为规则化整理结果。,,444,
EXT0067,儿童配方奶粉（雅士利儿童奶粉）,,乳类及其制品-奶粉,460.0,21.6,18.0,53.0,0.0,儿童配方奶粉（雅士利儿童奶粉）,儿童配方奶粉（雅士利儿童奶粉）,奶及乳制品,奶粉,乳类及其制品-奶粉,100g,100,g,,,,未明确,,,原始数据库（来源待追溯）,原始导入,未提供,2026-06-25,中,否,否,是,EXT0067,待来源追溯,原始数据保留；新增结构字段为规则化整理结果。,,460,
EXT0068,儿童配方奶粉（伊利儿童配方奶粉）,,乳类及其制品-奶粉,465.0,21.0,20.0,50.6,0.6,儿童配方奶粉（伊利儿童配方奶粉）,儿童配方奶粉（伊利儿童配方奶粉）,奶及乳制品,奶粉,乳类及其制品-奶粉,100g,100,g,,,,未明确,,,原始数据库（来源待追溯）,原始导入,未提供,2026-06-25,中,否,否,是,EXT0068,待来源追溯,原始数据保留；新增结构字段为规则化整理结果。,,465,
EXT0069,儿童配方奶粉（伊利金领冠儿童配方奶粉）,,乳类及其制品-奶粉,467.0,21.5,20.0,50.6,0.6,儿童配方奶粉（伊利金领冠儿童配方奶粉）,儿童配方奶粉（伊利金领冠儿童配方奶粉）,奶及乳制品,奶粉,乳类及其制品-奶粉,100g,100,g,,,,未明确,,,原始数据库（来源待追溯）,原始导入,未提供,2026-06-25,中,否,否,是,EXT0069,待来源追溯,原始数据保留；新增结构字段为规则化整理结果。,,467,
EXT0070,儿童配方奶粉（伊利金装儿童配方奶粉）,,乳类及其制品-奶粉,467.0,21.5,20.0,50.6,0.6,儿童配方奶粉（伊利金装儿童配方奶粉）,儿童配方奶粉（伊利金装儿童配方奶粉）,奶及乳制品,奶粉,乳类及其制品-奶粉,100g,100,g,,,,未明确,,,原始数据库（来源待追溯）,原始导入,未提供,2026-06-25,中,否,否,是,EXT0070,待来源追溯,原始数据保留；新增结构字段为规则化整理结果。,,467,
EXT0071,儿童配方奶粉（伊利学生营养奶粉）,,乳类及其制品-奶粉,464.0,18.0,20.0,53.0,0.0,儿童配方奶粉（伊利学生营养奶粉）,儿童配方奶粉（伊利学生营养奶粉）,奶及乳制品,奶粉,乳类及其制品-奶粉,100g,100,g,,,,生/鲜,,,原始数据库（来源待追溯）,原始导入,未提供,2026-06-25,中,否,否,是,EXT0071,待来源追溯,原始数据保留；新增结构字段为规则化整理结果。,,464,
EXT0072,孕产妇配方奶粉(代表值),,乳类及其制品-奶粉,413.0,22.0,9.8,60.5,2.9,孕产妇配方奶粉(代表值),孕产妇配方奶粉(代表值),奶及乳制品,奶粉,乳类及其制品-奶粉,100g,100,g,,,,未明确,,,原始数据库（来源待追溯）,原始导入,未提供,2026-06-25,中,否,否,是,EXT0072,待来源追溯,原始数据保留；新增结构字段为规则化整理结果。,,413,
EXT0073,孕产妇配方奶粉（惠氏）,,乳类及其制品-奶粉,405.0,16.0,6.8,70.0,0.0,孕产妇配方奶粉（惠氏）,孕产妇配方奶粉（惠氏）,奶及乳制品,奶粉,乳类及其制品-奶粉,100g,100,g,,,,未明确,,,原始数据库（来源待追溯）,原始导入,未提供,2026-06-25,中,否,否,是,EXT0073,待来源追溯,原始数据保留；新增结构字段为规则化整理结果。,,405,
EXT0074,孕产妇配方奶粉（美赞臣）,,乳类及其制品-奶粉,378.0,23.3,3.9,62.4,0.0,孕产妇配方奶粉（美赞臣）,孕产妇配方奶粉（美赞臣）,奶及乳制品,奶粉,乳类及其制品-奶粉,100g,100,g,,,,未明确,,,原始数据库（来源待追溯）,原始导入,未提供,2026-06-25,中,否,否,是,EXT0074,待来源追溯,原始数据保留；新增结构字段为规则化整理结果。,,378,
EXT0075,孕产妇配方奶粉（贝因美冠军宝贝孕妈咪配方奶粉）,,乳类及其制品-奶粉,425.0,22.5,12.0,59.0,4.5,孕产妇配方奶粉（贝因美冠军宝贝孕妈咪配方奶粉）,孕产妇配方奶粉（贝因美冠军宝贝孕妈咪配方奶粉）,奶及乳制品,奶粉,乳类及其制品-奶粉,100g,100,g,,,,未明确,,,原始数据库（来源待追溯）,原始导入,未提供,2026-06-25,中,否,否,是,EXT0075,待来源追溯,原始数据保留；新增结构字段为规则化整理结果。,,425,
EXT0076,孕产妇配方奶粉（贝因美金装爱+孕妈咪配方奶粉）,,乳类及其制品-奶粉,434.0,22.5,12.0,59.0,0.0,孕产妇配方奶粉（贝因美金装爱+孕妈咪配方奶粉）,孕产妇配方奶粉（贝因美金装爱+孕妈咪配方奶粉）,奶及乳制品,奶粉,乳类及其制品-奶粉,100g,100,g,,,,未明确,,,原始数据库（来源待追溯）,原始导入,未提供,2026-06-25,中,否,否,是,EXT0076,待来源追溯,原始数据保留；新增结构字段为规则化整理结果。,,434,
EXT0077,孕产妇配方奶粉（贝因美金装爱+准妈咪配方奶粉）,,乳类及其制品-奶粉,426.0,22.5,10.0,61.5,0.0,孕产妇配方奶粉（贝因美金装爱+准妈咪配方奶粉）,孕产妇配方奶粉（贝因美金装爱+准妈咪配方奶粉）,奶及乳制品,奶粉,乳类及其制品-奶粉,100g,100,g,,,,未明确,,,原始数据库（来源待追溯）,原始导入,未提供,2026-06-25,中,否,否,是,EXT0077,待来源追溯,原始数据保留；新增结构字段为规则化整理结果。,,426,
EXT0078,孕产妇配方奶粉（多美滋优阶妈妈孕产妇配方奶粉）,,乳类及其制品-奶粉,360.0,20.5,2.5,67.4,7.2,孕产妇配方奶粉（多美滋优阶妈妈孕产妇配方奶粉）,孕产妇配方奶粉（多美滋优阶妈妈孕产妇配方奶粉）,奶及乳制品,奶粉,乳类及其制品-奶粉,100g,100,g,,,,未明确,,,原始数据库（来源待追溯）,原始导入,未提供,2026-06-25,中,否,否,是,EXT0078,待来源追溯,原始数据保留；新增结构字段为规则化整理结果。,,360,
EXT0079,孕产妇配方奶粉（飞帆孕产妇配方乳粉）,,乳类及其制品-奶粉,460.0,18.0,17.5,57.7,0.0,孕产妇配方奶粉（飞帆孕产妇配方乳粉）,孕产妇配方奶粉（飞帆孕产妇配方乳粉）,奶及乳制品,奶粉,乳类及其制品-奶粉,100g,100,g,,,,未明确,,,原始数据库（来源待追溯）,原始导入,未提供,2026-06-25,中,否,否,是,EXT0079,待来源追溯,原始数据保留；新增结构字段为规则化整理结果。,,460,
EXT0080,孕产妇配方奶粉（合生元金装妈妈配方奶粉）,,乳类及其制品-奶粉,380.0,27.0,2.8,62.7,2.0,孕产妇配方奶粉（合生元金装妈妈配方奶粉）,孕产妇配方奶粉（合生元金装妈妈配方奶粉）,奶及乳制品,奶粉,乳类及其制品-奶粉,100g,100,g,,,,生/鲜,,,原始数据库（来源待追溯）,原始导入,未提供,2026-06-25,中,否,否,是,EXT0080,待来源追溯,原始数据保留；新增结构字段为规则化整理结果。,,380,
EXT0081,孕产妇配方奶粉（亨氏超金妈妈孕产妇配方奶粉）,,乳类及其制品-奶粉,398.0,26.0,8.0,57.0,3.0,孕产妇配方奶粉（亨氏超金妈妈孕产妇配方奶粉）,孕产妇配方奶粉（亨氏超金妈妈孕产妇配方奶粉）,奶及乳制品,奶粉,乳类及其制品-奶粉,100g,100,g,,,,未明确,,,原始数据库（来源待追溯）,原始导入,未提供,2026-06-25,中,否,否,是,EXT0081,待来源追溯,原始数据保留；新增结构字段为规则化整理结果。,,398,
EXT0082,孕产妇配方奶粉（惠氏爱儿乐妈妈孕产妇配方奶粉）,,乳类及其制品-奶粉,406.0,19.0,6.9,67.0,0.0,孕产妇配方奶粉（惠氏爱儿乐妈妈孕产妇配方奶粉）,孕产妇配方奶粉（惠氏爱儿乐妈妈孕产妇配方奶粉）,奶及乳制品,奶粉,乳类及其制品-奶粉,100g,100,g,,,,未明确,,,原始数据库（来源待追溯）,原始导入,未提供,2026-06-25,中,否,否,是,EXT0082,待来源追溯,原始数据保留；新增结构字段为规则化整理结果。,,406,
EXT0083,孕产妇配方奶粉（美素佳儿GOLD金装妈妈孕产妇配方奶粉）,,乳类及其制品-奶粉,454.0,27.0,17.5,47.1,0.0,孕产妇配方奶粉（美素佳儿GOLD金装妈妈孕产妇配方奶粉）,孕产妇配方奶粉（美素佳儿GOLD金装妈妈孕产妇配方奶粉）,奶及乳制品,奶粉,乳类及其制品-奶粉,100g,100,g,,,,未明确,,,原始数据库（来源待追溯）,原始导入,未提供,2026-06-25,中,否,否,是,EXT0083,待来源追溯,原始数据保留；新增结构字段为规则化整理结果。,,454,
EXT0084,孕产妇配方奶粉（美赞臣安婴妈妈孕产妇配方奶粉）,,乳类及其制品-奶粉,383.0,24.0,4.3,62.0,0.0,孕产妇配方奶粉（美赞臣安婴妈妈孕产妇配方奶粉）,孕产妇配方奶粉（美赞臣安婴妈妈孕产妇配方奶粉）,奶及乳制品,奶粉,乳类及其制品-奶粉,100g,100,g,,,,未明确,,,原始数据库（来源待追溯）,原始导入,未提供,2026-06-25,中,否,否,是,EXT0084,待来源追溯,原始数据保留；新增结构字段为规则化整理结果。,,383,
EXT0085,孕产妇配方奶粉（雀巢妈妈孕产妇奶粉）,,乳类及其制品-奶粉,407.0,20.0,6.5,67.0,0.0,孕产妇配方奶粉（雀巢妈妈孕产妇奶粉）,孕产妇配方奶粉（雀巢妈妈孕产妇奶粉）,奶及乳制品,奶粉,乳类及其制品-奶粉,100g,100,g,,,,未明确,,,原始数据库（来源待追溯）,原始导入,未提供,2026-06-25,中,否,否,是,EXT0085,待来源追溯,原始数据保留；新增结构字段为规则化整理结果。,,407,
EXT0086,孕产妇配方奶粉（雀巢妈妈孕产妇营养配方奶粉）,,乳类及其制品-奶粉,402.0,20.0,6.0,67.0,0.0,孕产妇配方奶粉（雀巢妈妈孕产妇营养配方奶粉）,孕产妇配方奶粉（雀巢妈妈孕产妇营养配方奶粉）,奶及乳制品,奶粉,乳类及其制品-奶粉,100g,100,g,,,,未明确,,,原始数据库（来源待追溯）,原始导入,未提供,2026-06-25,中,否,否,是,EXT0086,待来源追溯,原始数据保留；新增结构字段为规则化整理结果。,,402,
EXT0087,孕产妇配方奶粉（三元爱力优妈妈配方奶粉）,,乳类及其制品-奶粉,438.0,22.5,13.8,56.3,0.9,孕产妇配方奶粉（三元爱力优妈妈配方奶粉）,孕产妇配方奶粉（三元爱力优妈妈配方奶粉）,奶及乳制品,奶粉,乳类及其制品-奶粉,100g,100,g,,,,未明确,,,原始数据库（来源待追溯）,原始导入,未提供,2026-06-25,中,否,否,是,EXT0087,待来源追溯,原始数据保留；新增结构字段为规则化整理结果。,,438,
EXT0088,孕产妇配方奶粉（圣元优博妈咪孕产妇配方奶粉）,,乳类及其制品-奶粉,440.0,22.0,16.0,52.0,0.0,孕产妇配方奶粉（圣元优博妈咪孕产妇配方奶粉）,孕产妇配方奶粉（圣元优博妈咪孕产妇配方奶粉）,奶及乳制品,奶粉,乳类及其制品-奶粉,100g,100,g,,,,未明确,,,原始数据库（来源待追溯）,原始导入,未提供,2026-06-25,中,否,否,是,EXT0088,待来源追溯,原始数据保留；新增结构字段为规则化整理结果。,,440,
EXT0089,孕产妇配方奶粉（完达山妈咪配方奶粉）,,乳类及其制品-奶粉,455.0,22.5,17.5,52.4,1.2,孕产妇配方奶粉（完达山妈咪配方奶粉）,孕产妇配方奶粉（完达山妈咪配方奶粉）,奶及乳制品,奶粉,乳类及其制品-奶粉,100g,100,g,,,,未明确,,,原始数据库（来源待追溯）,原始导入,未提供,2026-06-25,中,否,否,是,EXT0089,待来源追溯,原始数据保留；新增结构字段为规则化整理结果。,,455,
EXT0090,孕产妇配方奶粉（雅培妈妈喜康素金装孕产妇配方奶粉）,,乳类及其制品-奶粉,367.0,23.1,2.0,66.0,3.7,孕产妇配方奶粉（雅培妈妈喜康素金装孕产妇配方奶粉）,孕产妇配方奶粉（雅培妈妈喜康素金装孕产妇配方奶粉）,奶及乳制品,奶粉,乳类及其制品-奶粉,100g,100,g,,,,未明确,,,原始数据库（来源待追溯）,原始导入,未提供,2026-06-25,中,否,否,是,EXT0090,待来源追溯,原始数据保留；新增结构字段为规则化整理结果。,,367,
EXT0091,孕产妇配方奶粉（雅士利能慧金装孕产妇奶粉）,,乳类及其制品-奶粉,425.0,20.6,12.5,59.0,3.0,孕产妇配方奶粉（雅士利能慧金装孕产妇奶粉）,孕产妇配方奶粉（雅士利能慧金装孕产妇奶粉）,奶及乳制品,奶粉,乳类及其制品-奶粉,100g,100,g,,,,未明确,,,原始数据库（来源待追溯）,原始导入,未提供,2026-06-25,中,否,否,是,EXT0091,待来源追溯,原始数据保留；新增结构字段为规则化整理结果。,,425,
EXT0092,孕产妇配方奶粉（伊利金领冠妈妈配方奶粉）,,乳类及其制品-奶粉,456.0,22.0,14.0,60.9,0.9,孕产妇配方奶粉（伊利金领冠妈妈配方奶粉）,孕产妇配方奶粉（伊利金领冠妈妈配方奶粉）,奶及乳制品,奶粉,乳类及其制品-奶粉,100g,100,g,,,,未明确,,,原始数据库（来源待追溯）,原始导入,未提供,2026-06-25,中,否,否,是,EXT0092,待来源追溯,原始数据保留；新增结构字段为规则化整理结果。,,456,
EXT0093,孕产妇配方奶粉（伊利孕妇奶粉）,孕期奶粉，妈咪奶粉，孕哺奶粉,乳类及其制品-奶粉,441.0,22.0,14.0,56.7,0.0,孕产妇配方奶粉（伊利孕妇奶粉）,孕产妇配方奶粉（伊利孕妇奶粉），孕期奶粉，妈咪奶粉，孕哺奶粉,奶及乳制品,奶粉,乳类及其制品-奶粉,100g,100,g,,,,未明确,,,原始数据库（来源待追溯）,原始导入,未提供,2026-06-25,中,否,否,是,EXT0093,待来源追溯,原始数据保留；新增结构字段为规则化整理结果。,,441,
EXT0094,孕产妇配方羊奶粉（美可高特孕产妇配方羊奶粉）,,乳类及其制品-奶粉,447.0,22.0,15.5,54.9,0.0,孕产妇配方羊奶粉（美可高特孕产妇配方羊奶粉）,孕产妇配方羊奶粉（美可高特孕产妇配方羊奶粉）,奶及乳制品,奶粉,乳类及其制品-奶粉,100g,100,g,,,,未明确,,,原始数据库（来源待追溯）,原始导入,未提供,2026-06-25,中,否,否,是,EXT0094,待来源追溯,原始数据保留；新增结构字段为规则化整理结果。,,447,
EXT0095,中老年配方奶粉(代表值),,乳类及其制品-奶粉,424.0,21.8,12.8,55.7,0.9,中老年配方奶粉(代表值),中老年配方奶粉(代表值),奶及乳制品,奶粉,乳类及其制品-奶粉,100g,100,g,,,,未明确,,,原始数据库（来源待追溯）,原始导入,未提供,2026-06-25,中,否,否,是,EXT0095,待来源追溯,原始数据保留；新增结构字段为规则化整理结果。,,424,
EXT0096,中老年配方奶粉(可祺牌),,乳类及其制品-奶粉,432.0,18.0,12.0,63.0,0.0,中老年配方奶粉(可祺牌),中老年配方奶粉(可祺牌),奶及乳制品,奶粉,乳类及其制品-奶粉,100g,100,g,,,,未明确,,,原始数据库（来源待追溯）,原始导入,未提供,2026-06-25,中,否,否,是,EXT0096,待来源追溯,原始数据保留；新增结构字段为规则化整理结果。,,432,
EXT0097,中老年配方奶粉(雀巢),,乳类及其制品-奶粉,429.0,30.0,14.4,44.8,0.0,中老年配方奶粉(雀巢),中老年配方奶粉(雀巢),奶及乳制品,奶粉,乳类及其制品-奶粉,100g,100,g,,,,未明确,,,原始数据库（来源待追溯）,原始导入,未提供,2026-06-25,中,否,否,是,EXT0097,待来源追溯,原始数据保留；新增结构字段为规则化整理结果。,,429,
EXT0098,中老年配方奶粉(森永牌),,乳类及其制品-奶粉,418.0,22.0,10.0,60.0,0.0,中老年配方奶粉(森永牌),中老年配方奶粉(森永牌),奶及乳制品,奶粉,乳类及其制品-奶粉,100g,100,g,,,,未明确,,,原始数据库（来源待追溯）,原始导入,未提供,2026-06-25,中,否,否,是,EXT0098,待来源追溯,原始数据保留；新增结构字段为规则化整理结果。,,418,
EXT0099,中老年配方奶粉（三元爱益中老年配方奶粉）,,乳类及其制品-奶粉,448.0,20.0,13.0,63.0,0.7,中老年配方奶粉（三元爱益中老年配方奶粉）,中老年配方奶粉（三元爱益中老年配方奶粉）,奶及乳制品,奶粉,乳类及其制品-奶粉,100g,100,g,,,,未明确,,,原始数据库（来源待追溯）,原始导入,未提供,2026-06-25,中,否,否,是,EXT0099,待来源追溯,原始数据保留；新增结构字段为规则化整理结果。,,448,
EXT0100,中老年配方奶粉（雪花中老年特殊配方奶粉）,,乳类及其制品-奶粉,432.0,20.0,13.6,58.0,1.0,中老年配方奶粉（雪花中老年特殊配方奶粉）,中老年配方奶粉（雪花中老年特殊配方奶粉）,奶及乳制品,奶粉,乳类及其制品-奶粉,100g,100,g,,,,未明确,,,原始数据库（来源待追溯）,原始导入,未提供,2026-06-25,中,否,否,是,EXT0100,待来源追溯,原始数据保留；新增结构字段为规则化整理结果。,,432,
EXT0101,中老年营养奶粉（雪花中老年营养奶粉）,,乳类及其制品-奶粉,440.0,21.0,14.0,58.0,1.0,中老年营养奶粉（雪花中老年营养奶粉）,中老年营养奶粉（雪花中老年营养奶粉）,奶及乳制品,奶粉,乳类及其制品-奶粉,100g,100,g,,,,未明确,,,原始数据库（来源待追溯）,原始导入,未提供,2026-06-25,中,否,否,是,EXT0101,待来源追溯,原始数据保留；新增结构字段为规则化整理结果。,,440,
EXT0102,奶酪 [干酪],干酪,乳类及其制品-奶酪,328.0,25.7,23.5,3.5,0.0,奶酪 [干酪],奶酪 [干酪]，干酪,奶及乳制品,奶酪,乳类及其制品-奶酪,100g,100,g,,,,未明确,,,原始数据库（来源待追溯）,原始导入,未提供,2026-06-25,中,否,否,是,EXT0102,待来源追溯,原始数据保留；新增结构字段为规则化整理结果。,,328,
EXT0103,奶豆腐（脱脂）,乳饼，酸奶干，奶渣,乳类及其制品-奶酪,343.0,53.7,2.5,26.5,0.0,奶豆腐（脱脂）,奶豆腐（脱脂），乳饼，酸奶干，奶渣,奶及乳制品,奶酪,乳类及其制品-奶酪,100g,100,g,,,,未明确,,,原始数据库（来源待追溯）,原始导入,未提供,2026-06-25,中,否,否,是,EXT0103,待来源追溯,原始数据保留；新增结构字段为规则化整理结果。,,343,
EXT0104,奶豆腐（鲜）,乳饼，酸奶干，奶渣,乳类及其制品-奶酪,305.0,46.2,7.8,12.5,0.0,奶豆腐（鲜）,奶豆腐（鲜），乳饼，酸奶干，奶渣,奶及乳制品,奶酪,乳类及其制品-奶酪,100g,100,g,,,,生/鲜,,,原始数据库（来源待追溯）,原始导入,未提供,2026-06-25,中,否,否,是,EXT0104,待来源追溯,原始数据保留；新增结构字段为规则化整理结果。,,305,
EXT0105,奶疙瘩 [ 奶酪干，干酸奶 ],奶酪干，干酸奶,乳类及其制品-奶酪,426.0,55.1,15.0,17.7,0.0,奶疙瘩 [ 奶酪干，干酸奶 ],奶疙瘩 [ 奶酪干，干酸奶 ]，奶酪干，干酸奶,奶及乳制品,发酵乳,乳类及其制品-奶酪,100g,100,g,,,,未明确,,,原始数据库（来源待追溯）,原始导入,未提供,2026-06-25,中,否,否,是,EXT0105,待来源追溯,原始数据保留；新增结构字段为规则化整理结果。,,426,
EXT0106,乳酪（契达干酪，普通）,车达芝士，Cheddar，切达干酪,乳类及其制品-奶酪,412.0,25.5,34.4,0.1,0.0,乳酪（契达干酪，普通）,乳酪（契达干酪，普通），车达芝士，Cheddar，切达干酪,奶及乳制品,奶酪,乳类及其制品-奶酪,100g,100,g,,,,未明确,,,原始数据库（来源待追溯）,原始导入,未提供,2026-06-25,中,否,否,是,EXT0106,待来源追溯,原始数据保留；新增结构字段为规则化整理结果。,,412,
EXT0107,乳酪（契达干酪，脱脂）,车达芝士，Cheddar，切达干酪,乳类及其制品-奶酪,261.0,31.5,15.0,0.0,0.0,乳酪（契达干酪，脱脂）,乳酪（契达干酪，脱脂），车达芝士，Cheddar，切达干酪,奶及乳制品,奶酪,乳类及其制品-奶酪,100g,100,g,,,,未明确,,,原始数据库（来源待追溯）,原始导入,未提供,2026-06-25,中,否,否,是,EXT0107,待来源追溯,原始数据保留；新增结构字段为规则化整理结果。,,261,
EXT0108,曲拉,,乳类及其制品-奶酪,356.0,39.1,2.9,43.4,0.0,曲拉,曲拉,奶及乳制品,奶酪,乳类及其制品-奶酪,100g,100,g,,,,未明确,,,原始数据库（来源待追溯）,原始导入,未提供,2026-06-25,中,否,否,是,EXT0108,待来源追溯,原始数据保留；新增结构字段为规则化整理结果。,,356,
EXT0109,乳酪（全脂软酪）,软芝士，鲜奶酪，奶油芝士,乳类及其制品-奶酪,313.0,8.6,31.0,0.0,0.0,乳酪（全脂软酪）,乳酪（全脂软酪），软芝士，鲜奶酪，奶油芝士,奶及乳制品,奶酪,乳类及其制品-奶酪,100g,100,g,,,,未明确,,,原始数据库（来源待追溯）,原始导入,未提供,2026-06-25,中,否,否,是,EXT0109,待来源追溯,原始数据保留；新增结构字段为规则化整理结果。,,313,
EXT0110,酸酪蛋,,乳类及其制品-奶酪,443.0,40.4,20.4,24.4,0.0,酸酪蛋,酸酪蛋,奶及乳制品,奶酪,乳类及其制品-奶酪,100g,100,g,,,,未明确,,,原始数据库（来源待追溯）,原始导入,未提供,2026-06-25,中,否,否,是,EXT0110,待来源追溯,原始数据保留；新增结构字段为规则化整理结果。,,443,
EXT0111,乳酪（羊乳酪）,,乳类及其制品-奶酪,250.0,15.6,20.2,1.5,0.0,乳酪（羊乳酪）,乳酪（羊乳酪）,奶及乳制品,奶酪,乳类及其制品-奶酪,100g,100,g,,,,未明确,,,原始数据库（来源待追溯）,原始导入,未提供,2026-06-25,中,否,否,是,EXT0111,待来源追溯,原始数据保留；新增结构字段为规则化整理结果。,,250,
EXT0112,乳酪（中脂软酪）,,乳类及其制品-奶酪,180.0,9.2,14.5,3.1,0.0,乳酪（中脂软酪）,乳酪（中脂软酪）,奶及乳制品,奶酪,乳类及其制品-奶酪,100g,100,g,,,,未明确,,,原始数据库（来源待追溯）,原始导入,未提供,2026-06-25,中,否,否,是,EXT0112,待来源追溯,原始数据保留；新增结构字段为规则化整理结果。,,180,
EXT0113,奶酪（光明牌）,芝士，起司，乳酪，干酪,乳类及其制品-奶酪,348.0,16.5,28.4,6.5,0.0,奶酪（光明牌）,奶酪（光明牌），芝士，起司，乳酪，干酪,奶及乳制品,奶酪,乳类及其制品-奶酪,100g,100,g,,,,未明确,,,原始数据库（来源待追溯）,原始导入,未提供,2026-06-25,中,否,否,是,EXT0113,待来源追溯,原始数据保留；新增结构字段为规则化整理结果。,,348,
EXT0114,奶酪（骑士牌）,芝士，起司，乳酪，干酪,乳类及其制品-奶酪,386.0,23.0,25.4,16.3,0.0,奶酪（骑士牌）,奶酪（骑士牌），芝士，起司，乳酪，干酪,奶及乳制品,奶酪,乳类及其制品-奶酪,100g,100,g,,,,未明确,,,原始数据库（来源待追溯）,原始导入,未提供,2026-06-25,中,否,否,是,EXT0114,待来源追溯,原始数据保留；新增结构字段为规则化整理结果。,,386,
EXT0115,低脂奶酪,芝士，起司，乳酪，干酪,乳类及其制品-奶酪,241.0,21.6,11.6,12.6,0.0,低脂奶酪,低脂奶酪，芝士，起司，乳酪，干酪,奶及乳制品,奶酪,乳类及其制品-奶酪,100g,100,g,,,,未明确,,,原始数据库（来源待追溯）,原始导入,未提供,2026-06-25,中,否,否,是,EXT0115,待来源追溯,原始数据保留；新增结构字段为规则化整理结果。,,241,
EXT0116,硬质干酪,,乳类及其制品-奶酪,411.0,24.9,34.5,0.1,0.0,硬质干酪,硬质干酪,奶及乳制品,奶酪,乳类及其制品-奶酪,100g,100,g,,,,未明确,,,原始数据库（来源待追溯）,原始导入,未提供,2026-06-25,中,否,否,是,EXT0116,待来源追溯,原始数据保留；新增结构字段为规则化整理结果。,,411,
EXT0117,奶酪（爱氏晨曦牌，儿童奶酪条）,芝士，起司，乳酪，干酪,乳类及其制品-奶酪,295.0,23.9,22.1,0.0,0.0,奶酪（爱氏晨曦牌，儿童奶酪条）,奶酪（爱氏晨曦牌，儿童奶酪条），芝士，起司，乳酪，干酪,奶及乳制品,奶酪,乳类及其制品-奶酪,100g,100,g,,,,未明确,,,原始数据库（来源待追溯）,原始导入,未提供,2026-06-25,中,否,否,是,EXT0117,待来源追溯,原始数据保留；新增结构字段为规则化整理结果。,,295,
EXT0118,奶酪（百嘉儿童干酪条）,芝士，起司，乳酪，干酪,乳类及其制品-奶酪,272.0,25.0,18.4,1.5,0.0,奶酪（百嘉儿童干酪条）,奶酪（百嘉儿童干酪条），芝士，起司，乳酪，干酪,奶及乳制品,奶酪,乳类及其制品-奶酪,100g,100,g,,,,未明确,,,原始数据库（来源待追溯）,原始导入,未提供,2026-06-25,中,否,否,是,EXT0118,待来源追溯,原始数据保留；新增结构字段为规则化整理结果。,,272,
EXT0119,奶酪（多美鲜牌，欧洲奶油奶酪）,芝士，起司，乳酪，干酪,乳类及其制品-奶酪,356.0,13.1,23.4,23.2,0.0,奶酪（多美鲜牌，欧洲奶油奶酪）,奶酪（多美鲜牌，欧洲奶油奶酪），芝士，起司，乳酪，干酪,油脂,动物油及其他油脂,乳类及其制品-奶酪,100g,100,g,,,,生/鲜,,,原始数据库（来源待追溯）,原始导入,未提供,2026-06-25,中,否,否,是,EXT0119,待来源追溯,原始数据保留；新增结构字段为规则化整理结果。,,356,
EXT0120,奶酪（天润牌，无限欢酪）,芝士，起司，乳酪，干酪,乳类及其制品-奶酪,515.0,3.5,33.0,51.0,0.0,奶酪（天润牌，无限欢酪）,奶酪（天润牌，无限欢酪），芝士，起司，乳酪，干酪,奶及乳制品,奶酪,乳类及其制品-奶酪,100g,100,g,,,,未明确,,,原始数据库（来源待追溯）,原始导入,未提供,2026-06-25,中,否,否,是,EXT0120,待来源追溯,原始数据保留；新增结构字段为规则化整理结果。,,515,
EXT0121,酸奶疙瘩（干，农户家）,酸奶疙瘩，干酪疙瘩,乳类及其制品-奶酪,446.0,48.8,18.6,20.9,0.0,酸奶疙瘩（干，农户家）,酸奶疙瘩（干，农户家），酸奶疙瘩，干酪疙瘩,奶及乳制品,发酵乳,乳类及其制品-奶酪,100g,100,g,,,,干制,,,原始数据库（来源待追溯）,原始导入,未提供,2026-06-25,中,否,否,是,EXT0121,待来源追溯,原始数据保留；新增结构字段为规则化整理结果。,,446,
EXT0122,酸奶疙瘩（干，市售）,酸奶疙瘩，干酪疙瘩,乳类及其制品-奶酪,451.0,31.1,27.6,19.6,0.0,酸奶疙瘩（干，市售）,酸奶疙瘩（干，市售），酸奶疙瘩，干酪疙瘩,奶及乳制品,发酵乳,乳类及其制品-奶酪,100g,100,g,,,,干制,,,原始数据库（来源待追溯）,原始导入,未提供,2026-06-25,中,否,否,是,EXT0122,待来源追溯,原始数据保留；新增结构字段为规则化整理结果。,,451,
EXT0123,酸奶疙瘩（干，市售，加盐）,酸奶疙瘩，干酪疙瘩,乳类及其制品-奶酪,383.0,51.6,11.7,17.8,0.0,酸奶疙瘩（干，市售，加盐）,酸奶疙瘩（干，市售，加盐），酸奶疙瘩，干酪疙瘩,奶及乳制品,发酵乳,乳类及其制品-奶酪,100g,100,g,,,,干制,,,原始数据库（来源待追溯）,原始导入,未提供,2026-06-25,中,否,否,是,EXT0123,待来源追溯,原始数据保留；新增结构字段为规则化整理结果。,,383,
EXT0124,酸奶疙瘩（瑞缘牌，中脂特硬质干酪）,酸奶疙瘩，干酪疙瘩,乳类及其制品-奶酪,456.0,14.4,22.3,49.5,0.0,酸奶疙瘩（瑞缘牌，中脂特硬质干酪）,酸奶疙瘩（瑞缘牌，中脂特硬质干酪），酸奶疙瘩，干酪疙瘩,奶及乳制品,发酵乳,乳类及其制品-奶酪,100g,100,g,,,,未明确,,,原始数据库（来源待追溯）,原始导入,未提供,2026-06-25,中,否,否,是,EXT0124,待来源追溯,原始数据保留；新增结构字段为规则化整理结果。,,456,
EXT0125,酸奶疙瘩（新鲜）,酸奶疙瘩，干酪疙瘩,乳类及其制品-奶酪,275.0,18.6,16.8,12.4,0.0,酸奶疙瘩（新鲜）,酸奶疙瘩（新鲜），酸奶疙瘩，干酪疙瘩,奶及乳制品,发酵乳,乳类及其制品-奶酪,100g,100,g,,,,生/鲜,,,原始数据库（来源待追溯）,原始导入,未提供,2026-06-25,中,否,否,是,EXT0125,待来源追溯,原始数据保留；新增结构字段为规则化整理结果。,,275,
EXT0126,纯牛奶（代表值，全脂）,纯牛奶，全脂牛奶，鲜牛奶,乳类及其制品-液态乳,65.0,3.3,3.6,4.9,0.0,纯牛奶（代表值，全脂）,纯牛奶（代表值，全脂），纯牛奶，全脂牛奶，鲜牛奶,奶及乳制品,液态乳及其他乳制品,乳类及其制品-液态乳,100g,100,g,,,,未明确,,,原始数据库（来源待追溯）,原始导入,未提供,2026-06-25,中,否,否,是,EXT0126,待来源追溯,原始数据保留；新增结构字段为规则化整理结果。,,65,
EXT0127,纯牛奶（全脂，美国牛）,,乳类及其制品-液态乳,59.0,2.9,3.2,4.6,0.0,纯牛奶（全脂，美国牛）,纯牛奶（全脂，美国牛）,奶及乳制品,液态乳及其他乳制品,乳类及其制品-液态乳,100g,100,g,,,,未明确,,,原始数据库（来源待追溯）,原始导入,未提供,2026-06-25,中,否,否,是,EXT0127,待来源追溯,原始数据保留；新增结构字段为规则化整理结果。,,59,
EXT0128,纯牛奶（全脂，德国牛）,,乳类及其制品-液态乳,60.0,3.1,3.0,5.1,0.0,纯牛奶（全脂，德国牛）,纯牛奶（全脂，德国牛）,奶及乳制品,液态乳及其他乳制品,乳类及其制品-液态乳,100g,100,g,,,,未明确,,,原始数据库（来源待追溯）,原始导入,未提供,2026-06-25,中,否,否,是,EXT0128,待来源追溯,原始数据保留；新增结构字段为规则化整理结果。,,60,
EXT0129,纯牛奶（全脂，光明牌）,,乳类及其制品-液态乳,61.0,3.1,3.2,5.0,0.0,纯牛奶（全脂，光明牌）,纯牛奶（全脂，光明牌）,奶及乳制品,液态乳及其他乳制品,乳类及其制品-液态乳,100g,100,g,,,,未明确,,,原始数据库（来源待追溯）,原始导入,未提供,2026-06-25,中,否,否,是,EXT0129,待来源追溯,原始数据保留；新增结构字段为规则化整理结果。,,61,
EXT0130,纯牛奶（全脂，乐百氏牌）,,乳类及其制品-液态乳,67.0,3.3,3.8,4.8,0.0,纯牛奶（全脂，乐百氏牌）,纯牛奶（全脂，乐百氏牌）,奶及乳制品,液态乳及其他乳制品,乳类及其制品-液态乳,100g,100,g,,,,未明确,,,原始数据库（来源待追溯）,原始导入,未提供,2026-06-25,中,否,否,是,EXT0130,待来源追溯,原始数据保留；新增结构字段为规则化整理结果。,,67,
EXT0131,纯牛奶（全脂，帕玛拉特牌）,,乳类及其制品-液态乳,61.0,3.0,3.1,5.3,0.0,纯牛奶（全脂，帕玛拉特牌）,纯牛奶（全脂，帕玛拉特牌）,奶及乳制品,液态乳及其他乳制品,乳类及其制品-液态乳,100g,100,g,,,,未明确,,,原始数据库（来源待追溯）,原始导入,未提供,2026-06-25,中,否,否,是,EXT0131,待来源追溯,原始数据保留；新增结构字段为规则化整理结果。,,61,
EXT0132,纯牛奶（全脂，三元牌）,,乳类及其制品-液态乳,69.0,3.4,3.9,5.1,0.0,纯牛奶（全脂，三元牌）,纯牛奶（全脂，三元牌）,奶及乳制品,液态乳及其他乳制品,乳类及其制品-液态乳,100g,100,g,,,,未明确,,,原始数据库（来源待追溯）,原始导入,未提供,2026-06-25,中,否,否,是,EXT0132,待来源追溯,原始数据保留；新增结构字段为规则化整理结果。,,69,
EXT0133,纯牛奶（全脂，完达山牌）,,乳类及其制品-液态乳,60.0,2.9,3.2,4.9,0.0,纯牛奶（全脂，完达山牌）,纯牛奶（全脂，完达山牌）,奶及乳制品,液态乳及其他乳制品,乳类及其制品-液态乳,100g,100,g,,,,未明确,,,原始数据库（来源待追溯）,原始导入,未提供,2026-06-25,中,否,否,是,EXT0133,待来源追溯,原始数据保留；新增结构字段为规则化整理结果。,,60,
EXT0134,纯牛奶（全脂，龙丹牌）,,乳类及其制品-液态乳,66.0,2.9,3.8,5.1,0.0,纯牛奶（全脂，龙丹牌）,纯牛奶（全脂，龙丹牌）,奶及乳制品,液态乳及其他乳制品,乳类及其制品-液态乳,100g,100,g,,,,未明确,,,原始数据库（来源待追溯）,原始导入,未提供,2026-06-25,中,否,否,是,EXT0134,待来源追溯,原始数据保留；新增结构字段为规则化整理结果。,,66,
EXT0135,纯牛奶（全脂，蒙牛牌）,,乳类及其制品-液态乳,67.0,3.1,3.7,5.3,0.0,纯牛奶（全脂，蒙牛牌）,纯牛奶（全脂，蒙牛牌）,奶及乳制品,液态乳及其他乳制品,乳类及其制品-液态乳,100g,100,g,,,,未明确,,,原始数据库（来源待追溯）,原始导入,未提供,2026-06-25,中,否,否,是,EXT0135,待来源追溯,原始数据保留；新增结构字段为规则化整理结果。,,67,
EXT0136,纯牛奶（全脂，新南洋牌）,,乳类及其制品-液态乳,67.0,3.1,3.8,5.1,0.0,纯牛奶（全脂，新南洋牌）,纯牛奶（全脂，新南洋牌）,奶及乳制品,液态乳及其他乳制品,乳类及其制品-液态乳,100g,100,g,,,,未明确,,,原始数据库（来源待追溯）,原始导入,未提供,2026-06-25,中,否,否,是,EXT0136,待来源追溯,原始数据保留；新增结构字段为规则化整理结果。,,67,
EXT0137,纯牛奶（全脂，帕玛拉特）,,乳类及其制品-液态乳,61.0,2.9,3.2,5.1,0.0,纯牛奶（全脂，帕玛拉特）,纯牛奶（全脂，帕玛拉特）,奶及乳制品,液态乳及其他乳制品,乳类及其制品-液态乳,100g,100,g,,,,未明确,,,原始数据库（来源待追溯）,原始导入,未提供,2026-06-25,中,否,否,是,EXT0137,待来源追溯,原始数据保留；新增结构字段为规则化整理结果。,,61,
EXT0138,纯牛奶（全脂，伊利牌）,,乳类及其制品-液态乳,68.0,3.2,3.7,5.4,0.0,纯牛奶（全脂，伊利牌）,纯牛奶（全脂，伊利牌）,奶及乳制品,液态乳及其他乳制品,乳类及其制品-液态乳,100g,100,g,,,,未明确,,,原始数据库（来源待追溯）,原始导入,未提供,2026-06-25,中,否,否,是,EXT0138,待来源追溯,原始数据保留；新增结构字段为规则化整理结果。,,68,
EXT0139,纯牛奶（全脂，爱尔兰金凯利全脂牛奶）,,乳类及其制品-液态乳,62.0,3.2,3.6,4.1,0.0,纯牛奶（全脂，爱尔兰金凯利全脂牛奶）,纯牛奶（全脂，爱尔兰金凯利全脂牛奶）,奶及乳制品,液态乳及其他乳制品,乳类及其制品-液态乳,100g,100,g,,,,未明确,,,原始数据库（来源待追溯）,原始导入,未提供,2026-06-25,中,否,否,是,EXT0139,待来源追溯,原始数据保留；新增结构字段为规则化整理结果。,,62,
EXT0140,纯牛奶（全脂，澳大利亚澳田纯牛奶）,,乳类及其制品-液态乳,62.0,3.6,3.5,3.9,0.0,纯牛奶（全脂，澳大利亚澳田纯牛奶）,纯牛奶（全脂，澳大利亚澳田纯牛奶）,奶及乳制品,液态乳及其他乳制品,乳类及其制品-液态乳,100g,100,g,,,,未明确,,,原始数据库（来源待追溯）,原始导入,未提供,2026-06-25,中,否,否,是,EXT0140,待来源追溯,原始数据保留；新增结构字段为规则化整理结果。,,62,
EXT0141,纯牛奶（全脂，比利时纯牧牛奶）,,乳类及其制品-液态乳,61.0,3.5,3.4,4.0,0.0,纯牛奶（全脂，比利时纯牧牛奶）,纯牛奶（全脂，比利时纯牧牛奶）,奶及乳制品,液态乳及其他乳制品,乳类及其制品-液态乳,100g,100,g,,,,未明确,,,原始数据库（来源待追溯）,原始导入,未提供,2026-06-25,中,否,否,是,EXT0141,待来源追溯,原始数据保留；新增结构字段为规则化整理结果。,,61,
EXT0142,纯牛奶（全脂，波兰美波全脂纯牛奶）,,乳类及其制品-液态乳,75.0,3.2,3.4,7.8,0.0,纯牛奶（全脂，波兰美波全脂纯牛奶）,纯牛奶（全脂，波兰美波全脂纯牛奶）,奶及乳制品,液态乳及其他乳制品,乳类及其制品-液态乳,100g,100,g,,,,未明确,,,原始数据库（来源待追溯）,原始导入,未提供,2026-06-25,中,否,否,是,EXT0142,待来源追溯,原始数据保留；新增结构字段为规则化整理结果。,,75,
EXT0143,纯牛奶（全脂，丹麦爱氏晨曦有机全脂牛奶）,,乳类及其制品-液态乳,67.0,3.5,3.6,5.2,0.0,纯牛奶（全脂，丹麦爱氏晨曦有机全脂牛奶）,纯牛奶（全脂，丹麦爱氏晨曦有机全脂牛奶）,奶及乳制品,液态乳及其他乳制品,乳类及其制品-液态乳,100g,100,g,,,,未明确,,,原始数据库（来源待追溯）,原始导入,未提供,2026-06-25,中,否,否,是,EXT0143,待来源追溯,原始数据保留；新增结构字段为规则化整理结果。,,67,
EXT0144,纯牛奶（全脂，德国爱氏晨曦纯牛奶）,,乳类及其制品-液态乳,68.0,3.4,3.6,5.5,0.0,纯牛奶（全脂，德国爱氏晨曦纯牛奶）,纯牛奶（全脂，德国爱氏晨曦纯牛奶）,奶及乳制品,液态乳及其他乳制品,乳类及其制品-液态乳,100g,100,g,,,,未明确,,,原始数据库（来源待追溯）,原始导入,未提供,2026-06-25,中,否,否,是,EXT0144,待来源追溯,原始数据保留；新增结构字段为规则化整理结果。,,68,
EXT0145,纯牛奶（全脂，德国甘蒂牧场纯牛奶）,,乳类及其制品-液态乳,64.0,3.3,3.6,4.7,0.0,纯牛奶（全脂，德国甘蒂牧场纯牛奶）,纯牛奶（全脂，德国甘蒂牧场纯牛奶）,奶及乳制品,液态乳及其他乳制品,乳类及其制品-液态乳,100g,100,g,,,,未明确,,,原始数据库（来源待追溯）,原始导入,未提供,2026-06-25,中,否,否,是,EXT0145,待来源追溯,原始数据保留；新增结构字段为规则化整理结果。,,64,
EXT0146,纯牛奶（全脂，法国得乐思全脂牛奶）,,乳类及其制品-液态乳,64.0,3.7,3.6,4.3,0.0,纯牛奶（全脂，法国得乐思全脂牛奶）,纯牛奶（全脂，法国得乐思全脂牛奶）,奶及乳制品,液态乳及其他乳制品,乳类及其制品-液态乳,100g,100,g,,,,未明确,,,原始数据库（来源待追溯）,原始导入,未提供,2026-06-25,中,否,否,是,EXT0146,待来源追溯,原始数据保留；新增结构字段为规则化整理结果。,,64,
EXT0147,纯牛奶（全脂，光明纯牛奶）,,乳类及其制品-液态乳,60.0,3.4,3.4,4.0,0.0,纯牛奶（全脂，光明纯牛奶）,纯牛奶（全脂，光明纯牛奶）,奶及乳制品,液态乳及其他乳制品,乳类及其制品-液态乳,100g,100,g,,,,未明确,,,原始数据库（来源待追溯）,原始导入,未提供,2026-06-25,中,否,否,是,EXT0147,待来源追溯,原始数据保留；新增结构字段为规则化整理结果。,,60,
EXT0148,纯牛奶（全脂，光明优+高品质纯牛奶）,,乳类及其制品-液态乳,67.0,3.6,3.8,4.5,0.0,纯牛奶（全脂，光明优+高品质纯牛奶）,纯牛奶（全脂，光明优+高品质纯牛奶）,奶及乳制品,液态乳及其他乳制品,乳类及其制品-液态乳,100g,100,g,,,,未明确,,,原始数据库（来源待追溯）,原始导入,未提供,2026-06-25,中,否,否,是,EXT0148,待来源追溯,原始数据保留；新增结构字段为规则化整理结果。,,67,
EXT0149,纯牛奶（全脂，广泽澳醇纯牛奶）,,乳类及其制品-液态乳,63.0,3.5,3.6,4.1,0.0,纯牛奶（全脂，广泽澳醇纯牛奶）,纯牛奶（全脂，广泽澳醇纯牛奶）,奶及乳制品,液态乳及其他乳制品,乳类及其制品-液态乳,100g,100,g,,,,未明确,,,原始数据库（来源待追溯）,原始导入,未提供,2026-06-25,中,否,否,是,EXT0149,待来源追溯,原始数据保留；新增结构字段为规则化整理结果。,,63,
EXT0150,纯牛奶（全脂，花园牌）,,乳类及其制品-液态乳,57.0,2.9,3.3,4.0,0.0,纯牛奶（全脂，花园牌）,纯牛奶（全脂，花园牌）,奶及乳制品,液态乳及其他乳制品,乳类及其制品-液态乳,100g,100,g,,,,未明确,,,原始数据库（来源待追溯）,原始导入,未提供,2026-06-25,中,否,否,是,EXT0150,待来源追溯,原始数据保留；新增结构字段为规则化整理结果。,,57,
EXT0151,纯牛奶（全脂，辉山纯牛奶）,,乳类及其制品-液态乳,66.0,3.5,3.7,4.7,0.0,纯牛奶（全脂，辉山纯牛奶）,纯牛奶（全脂，辉山纯牛奶）,奶及乳制品,液态乳及其他乳制品,乳类及其制品-液态乳,100g,100,g,,,,未明确,,,原始数据库（来源待追溯）,原始导入,未提供,2026-06-25,中,否,否,是,EXT0151,待来源追溯,原始数据保留；新增结构字段为规则化整理结果。,,66,
EXT0152,纯牛奶（全脂，龙丹松花江牧场纯牛奶）,,乳类及其制品-液态乳,67.0,3.6,3.7,4.8,0.0,纯牛奶（全脂，龙丹松花江牧场纯牛奶）,纯牛奶（全脂，龙丹松花江牧场纯牛奶）,奶及乳制品,液态乳及其他乳制品,乳类及其制品-液态乳,100g,100,g,,,,未明确,,,原始数据库（来源待追溯）,原始导入,未提供,2026-06-25,中,否,否,是,EXT0152,待来源追溯,原始数据保留；新增结构字段为规则化整理结果。,,67,
EXT0153,纯牛奶（全脂，麦趣尔牌）,,乳类及其制品-液态乳,61.0,2.9,3.1,5.3,0.0,纯牛奶（全脂，麦趣尔牌）,纯牛奶（全脂，麦趣尔牌）,奶及乳制品,液态乳及其他乳制品,乳类及其制品-液态乳,100g,100,g,,,,未明确,,,原始数据库（来源待追溯）,原始导入,未提供,2026-06-25,中,否,否,是,EXT0153,待来源追溯,原始数据保留；新增结构字段为规则化整理结果。,,61,
EXT0154,纯牛奶（全脂，蒙牛纯牛奶）,,乳类及其制品-液态乳,67.0,3.4,3.8,4.7,0.0,纯牛奶（全脂，蒙牛纯牛奶）,纯牛奶（全脂，蒙牛纯牛奶）,奶及乳制品,液态乳及其他乳制品,乳类及其制品-液态乳,100g,100,g,,,,未明确,,,原始数据库（来源待追溯）,原始导入,未提供,2026-06-25,中,否,否,是,EXT0154,待来源追溯,原始数据保留；新增结构字段为规则化整理结果。,,67,
EXT0155,纯牛奶（全脂，蒙牛特仑苏有机纯牛奶）,,乳类及其制品-液态乳,69.0,3.4,4.0,4.9,0.0,纯牛奶（全脂，蒙牛特仑苏有机纯牛奶）,纯牛奶（全脂，蒙牛特仑苏有机纯牛奶）,奶及乳制品,液态乳及其他乳制品,乳类及其制品-液态乳,100g,100,g,,,,未明确,,,原始数据库（来源待追溯）,原始导入,未提供,2026-06-25,中,否,否,是,EXT0155,待来源追溯,原始数据保留；新增结构字段为规则化整理结果。,,69,
EXT0156,纯牛奶（全脂，明治醇壹高温杀菌乳）,,乳类及其制品-液态乳,67.0,3.6,3.7,4.8,0.0,纯牛奶（全脂，明治醇壹高温杀菌乳）,纯牛奶（全脂，明治醇壹高温杀菌乳）,奶及乳制品,液态乳及其他乳制品,乳类及其制品-液态乳,100g,100,g,,,,未明确,,,原始数据库（来源待追溯）,原始导入,未提供,2026-06-25,中,否,否,是,EXT0156,待来源追溯,原始数据保留；新增结构字段为规则化整理结果。,,67,
EXT0157,纯牛奶（全脂，瑞士艾美全脂牛奶）,,乳类及其制品-液态乳,70.0,3.2,3.5,6.4,0.0,纯牛奶（全脂，瑞士艾美全脂牛奶）,纯牛奶（全脂，瑞士艾美全脂牛奶）,奶及乳制品,液态乳及其他乳制品,乳类及其制品-液态乳,100g,100,g,,,,未明确,,,原始数据库（来源待追溯）,原始导入,未提供,2026-06-25,中,否,否,是,EXT0157,待来源追溯,原始数据保留；新增结构字段为规则化整理结果。,,70,
EXT0158,纯牛奶（全脂，圣牧有机纯牛奶）,,乳类及其制品-液态乳,74.0,3.5,4.1,5.7,0.0,纯牛奶（全脂，圣牧有机纯牛奶）,纯牛奶（全脂，圣牧有机纯牛奶）,奶及乳制品,液态乳及其他乳制品,乳类及其制品-液态乳,100g,100,g,,,,未明确,,,原始数据库（来源待追溯）,原始导入,未提供,2026-06-25,中,否,否,是,EXT0158,待来源追溯,原始数据保留；新增结构字段为规则化整理结果。,,74,
EXT0159,纯牛奶（全脂，天润牌浓缩纯奶）,,乳类及其制品-液态乳,67.0,3.2,3.5,5.7,0.0,纯牛奶（全脂，天润牌浓缩纯奶）,纯牛奶（全脂，天润牌浓缩纯奶）,奶及乳制品,液态乳及其他乳制品,乳类及其制品-液态乳,100g,100,g,,,,未明确,,,原始数据库（来源待追溯）,原始导入,未提供,2026-06-25,中,否,否,是,EXT0159,待来源追溯,原始数据保留；新增结构字段为规则化整理结果。,,67,
EXT0160,"纯牛奶(全脂,完达山纯牛奶)",,乳类及其制品-液态乳,66.0,3.5,4.2,3.6,0.0,"纯牛奶(全脂,完达山纯牛奶)","纯牛奶(全脂,完达山纯牛奶)",奶及乳制品,液态乳及其他乳制品,乳类及其制品-液态乳,100g,100,g,,,,未明确,,,原始数据库（来源待追溯）,原始导入,未提供,2026-06-25,中,否,否,是,EXT0160,待来源追溯,原始数据保留；新增结构字段为规则化整理结果。,,66,
EXT0161,"纯牛奶(全脂,西域春牌)",,乳类及其制品-液态乳,59.0,2.9,3.1,4.8,0.0,"纯牛奶(全脂,西域春牌)","纯牛奶(全脂,西域春牌)",奶及乳制品,液态乳及其他乳制品,乳类及其制品-液态乳,100g,100,g,,,,未明确,,,原始数据库（来源待追溯）,原始导入,未提供,2026-06-25,中,否,否,是,EXT0161,待来源追溯,原始数据保留；新增结构字段为规则化整理结果。,,59,
EXT0162,"纯牛奶(全脂,夏进纯牛奶)",,乳类及其制品-液态乳,63.0,3.5,3.5,4.4,0.0,"纯牛奶(全脂,夏进纯牛奶)","纯牛奶(全脂,夏进纯牛奶)",奶及乳制品,液态乳及其他乳制品,乳类及其制品-液态乳,100g,100,g,,,,未明确,,,原始数据库（来源待追溯）,原始导入,未提供,2026-06-25,中,否,否,是,EXT0162,待来源追溯,原始数据保留；新增结构字段为规则化整理结果。,,63,
EXT0163,"纯牛奶(全脂,现代牧业纯牛奶)",,乳类及其制品-液态乳,66.0,3.3,3.6,5.1,0.0,"纯牛奶(全脂,现代牧业纯牛奶)","纯牛奶(全脂,现代牧业纯牛奶)",奶及乳制品,液态乳及其他乳制品,乳类及其制品-液态乳,100g,100,g,,,,未明确,,,原始数据库（来源待追溯）,原始导入,未提供,2026-06-25,中,否,否,是,EXT0163,待来源追溯,原始数据保留；新增结构字段为规则化整理结果。,,66,
EXT0164,"纯牛奶(全脂,新希望复原乳)",,乳类及其制品-液态乳,63.0,3.0,3.6,4.6,0.0,"纯牛奶(全脂,新希望复原乳)","纯牛奶(全脂,新希望复原乳)",奶及乳制品,液态乳及其他乳制品,乳类及其制品-液态乳,100g,100,g,,,,未明确,,,原始数据库（来源待追溯）,原始导入,未提供,2026-06-25,中,否,否,是,EXT0164,待来源追溯,原始数据保留；新增结构字段为规则化整理结果。,,63,
EXT0165,"纯牛奶(全脂,新希望千岛湖牧场纯牛奶)",,乳类及其制品-液态乳,62.0,3.2,3.5,4.3,0.0,"纯牛奶(全脂,新希望千岛湖牧场纯牛奶)","纯牛奶(全脂,新希望千岛湖牧场纯牛奶)",奶及乳制品,液态乳及其他乳制品,乳类及其制品-液态乳,100g,100,g,,,,未明确,,,原始数据库（来源待追溯）,原始导入,未提供,2026-06-25,中,否,否,是,EXT0165,待来源追溯,原始数据保留；新增结构字段为规则化整理结果。,,62,
EXT0166,"纯牛奶(全脂,伊利纯牛奶)",,乳类及其制品-液态乳,66.0,3.4,3.9,4.2,0.0,"纯牛奶(全脂,伊利纯牛奶)","纯牛奶(全脂,伊利纯牛奶)",奶及乳制品,液态乳及其他乳制品,乳类及其制品-液态乳,100g,100,g,,,,未明确,,,原始数据库（来源待追溯）,原始导入,未提供,2026-06-25,中,否,否,是,EXT0166,待来源追溯,原始数据保留；新增结构字段为规则化整理结果。,,66,
EXT0167,"纯牛奶(全脂,伊利金典有机机纯牛奶)",,乳类及其制品-液态乳,73.0,3.5,4.1,5.4,0.0,"纯牛奶(全脂,伊利金典有机机纯牛奶)","纯牛奶(全脂,伊利金典有机机纯牛奶)",奶及乳制品,液态乳及其他乳制品,乳类及其制品-液态乳,100g,100,g,,,,未明确,,,原始数据库（来源待追溯）,原始导入,未提供,2026-06-25,中,否,否,是,EXT0167,待来源追溯,原始数据保留；新增结构字段为规则化整理结果。,,73,
EXT0168,"纯牛奶(全脂,意大利培兰全脂纯牛奶)",,乳类及其制品-液态乳,63.0,3.5,3.6,4.2,0.0,"纯牛奶(全脂,意大利培兰全脂纯牛奶)","纯牛奶(全脂,意大利培兰全脂纯牛奶)",奶及乳制品,液态乳及其他乳制品,乳类及其制品-液态乳,100g,100,g,,,,未明确,,,原始数据库（来源待追溯）,原始导入,未提供,2026-06-25,中,否,否,是,EXT0168,待来源追溯,原始数据保留；新增结构字段为规则化整理结果。,,63,
EXT0169,"纯牛奶(低脂,帕玛拉特)",,乳类及其制品-液态乳,43.0,2.9,1.3,5.0,0.0,"纯牛奶(低脂,帕玛拉特)","纯牛奶(低脂,帕玛拉特)",奶及乳制品,液态乳及其他乳制品,乳类及其制品-液态乳,100g,100,g,,,,未明确,,,原始数据库（来源待追溯）,原始导入,未提供,2026-06-25,中,否,否,是,EXT0169,待来源追溯,原始数据保留；新增结构字段为规则化整理结果。,,43,
EXT0170,"纯牛奶(代表值,低脂)",,乳类及其制品-液态乳,47.0,3.5,1.5,4.8,0.0,"纯牛奶(代表值,低脂)","纯牛奶(代表值,低脂)",奶及乳制品,液态乳及其他乳制品,乳类及其制品-液态乳,100g,100,g,,,,未明确,,,原始数据库（来源待追溯）,原始导入,未提供,2026-06-25,中,否,否,是,EXT0170,待来源追溯,原始数据保留；新增结构字段为规则化整理结果。,,47,
EXT0171,"纯牛奶(低脂,澳大利亚德运部分脱脂纯牛奶)",,乳类及其制品-液态乳,51.0,3.3,2.0,5.0,0.0,"纯牛奶(低脂,澳大利亚德运部分脱脂纯牛奶)","纯牛奶(低脂,澳大利亚德运部分脱脂纯牛奶)",奶及乳制品,液态乳及其他乳制品,乳类及其制品-液态乳,100g,100,g,,,,未明确,,,原始数据库（来源待追溯）,原始导入,未提供,2026-06-25,中,否,否,是,EXT0171,待来源追溯,原始数据保留；新增结构字段为规则化整理结果。,,51,
EXT0172,"纯牛奶(低脂,德国艾德牧牌部分脱脂纯牛奶)",,乳类及其制品-液态乳,45.0,3.5,1.7,3.8,0.0,"纯牛奶(低脂,德国艾德牧牌部分脱脂纯牛奶)","纯牛奶(低脂,德国艾德牧牌部分脱脂纯牛奶)",奶及乳制品,液态乳及其他乳制品,乳类及其制品-液态乳,100g,100,g,,,,未明确,,,原始数据库（来源待追溯）,原始导入,未提供,2026-06-25,中,否,否,是,EXT0172,待来源追溯,原始数据保留；新增结构字段为规则化整理结果。,,45,
EXT0173,"纯牛奶(低脂,蒙牛特仑苏低脂牛奶)",,乳类及其制品-液态乳,48.0,3.8,1.3,5.2,0.0,"纯牛奶(低脂,蒙牛特仑苏低脂牛奶)","纯牛奶(低脂,蒙牛特仑苏低脂牛奶)",奶及乳制品,液态乳及其他乳制品,乳类及其制品-液态乳,100g,100,g,,,,未明确,,,原始数据库（来源待追溯）,原始导入,未提供,2026-06-25,中,否,否,是,EXT0173,待来源追溯,原始数据保留；新增结构字段为规则化整理结果。,,48,
EXT0174,"纯牛奶(低脂,明治醇壹低脂肪高温杀菌乳)",,乳类及其制品-液态乳,46.0,3.6,1.2,5.2,0.0,"纯牛奶(低脂,明治醇壹低脂肪高温杀菌乳)","纯牛奶(低脂,明治醇壹低脂肪高温杀菌乳)",奶及乳制品,液态乳及其他乳制品,乳类及其制品-液态乳,100g,100,g,,,,未明确,,,原始数据库（来源待追溯）,原始导入,未提供,2026-06-25,中,否,否,是,EXT0174,待来源追溯,原始数据保留；新增结构字段为规则化整理结果。,,46,
EXT0175,"纯牛奶(低脂,新西兰安佳低脂牛奶)",,乳类及其制品-液态乳,51.0,3.8,1.5,5.5,0.0,"纯牛奶(低脂,新西兰安佳低脂牛奶)","纯牛奶(低脂,新西兰安佳低脂牛奶)",奶及乳制品,液态乳及其他乳制品,乳类及其制品-液态乳,100g,100,g,,,,未明确,,,原始数据库（来源待追溯）,原始导入,未提供,2026-06-25,中,否,否,是,EXT0175,待来源追溯,原始数据保留；新增结构字段为规则化整理结果。,,51,
EXT0176,"纯牛奶(低脂,新西兰恒天然田园低脂牛奶)",,乳类及其制品-液态乳,45.0,3.7,1.7,3.8,0.0,"纯牛奶(低脂,新西兰恒天然田园低脂牛奶)","纯牛奶(低脂,新西兰恒天然田园低脂牛奶)",奶及乳制品,液态乳及其他乳制品,乳类及其制品-液态乳,100g,100,g,,,,未明确,,,原始数据库（来源待追溯）,原始导入,未提供,2026-06-25,中,否,否,是,EXT0176,待来源追溯,原始数据保留；新增结构字段为规则化整理结果。,,45,
EXT0177,纯牛奶（低脂，伊利金典低脂奶）,,乳类及其制品-液态乳,48.0,3.7,1.3,5.4,0.0,纯牛奶（低脂，伊利金典低脂奶）,纯牛奶（低脂，伊利金典低脂奶）,奶及乳制品,液态乳及其他乳制品,乳类及其制品-液态乳,100g,100,g,,,,未明确,,,原始数据库（来源待追溯）,原始导入,未提供,2026-06-25,中,否,否,是,EXT0177,待来源追溯,原始数据保留；新增结构字段为规则化整理结果。,,48,
EXT0178,纯牛奶（低脂，意大利皮尔蒙特低脂牛奶）,,乳类及其制品-液态乳,45.0,3.4,1.4,4.6,0.0,纯牛奶（低脂，意大利皮尔蒙特低脂牛奶）,纯牛奶（低脂，意大利皮尔蒙特低脂牛奶）,奶及乳制品,液态乳及其他乳制品,乳类及其制品-液态乳,100g,100,g,,,,未明确,,,原始数据库（来源待追溯）,原始导入,未提供,2026-06-25,中,否,否,是,EXT0178,待来源追溯,原始数据保留；新增结构字段为规则化整理结果。,,45,
EXT0179,纯牛奶（脱脂，帕玛拉特）,,乳类及其制品-液态乳,33.0,2.9,0.2,4.8,0.0,纯牛奶（脱脂，帕玛拉特）,纯牛奶（脱脂，帕玛拉特）,奶及乳制品,液态乳及其他乳制品,乳类及其制品-液态乳,100g,100,g,,,,未明确,,,原始数据库（来源待追溯）,原始导入,未提供,2026-06-25,中,否,否,是,EXT0179,待来源追溯,原始数据保留；新增结构字段为规则化整理结果。,,33,
EXT0180,纯牛奶（代表值，脱脂）,,乳类及其制品-液态乳,34.0,3.5,0.3,4.6,0.0,纯牛奶（代表值，脱脂）,纯牛奶（代表值，脱脂）,奶及乳制品,液态乳及其他乳制品,乳类及其制品-液态乳,100g,100,g,,,,未明确,,,原始数据库（来源待追溯）,原始导入,未提供,2026-06-25,中,否,否,是,EXT0180,待来源追溯,原始数据保留；新增结构字段为规则化整理结果。,,34,
EXT0181,纯牛奶（脱脂，澳大利亚澳田脱脂牛奶）,,乳类及其制品-液态乳,35.0,3.7,0.3,4.3,0.0,纯牛奶（脱脂，澳大利亚澳田脱脂牛奶）,纯牛奶（脱脂，澳大利亚澳田脱脂牛奶）,奶及乳制品,液态乳及其他乳制品,乳类及其制品-液态乳,100g,100,g,,,,未明确,,,原始数据库（来源待追溯）,原始导入,未提供,2026-06-25,中,否,否,是,EXT0181,待来源追溯,原始数据保留；新增结构字段为规则化整理结果。,,35,
EXT0182,纯牛奶（脱脂，丹麦爱氏晨曦脱脂纯牛奶）,,乳类及其制品-液态乳,39.0,3.5,0.3,5.5,0.0,纯牛奶（脱脂，丹麦爱氏晨曦脱脂纯牛奶）,纯牛奶（脱脂，丹麦爱氏晨曦脱脂纯牛奶）,奶及乳制品,液态乳及其他乳制品,乳类及其制品-液态乳,100g,100,g,,,,未明确,,,原始数据库（来源待追溯）,原始导入,未提供,2026-06-25,中,否,否,是,EXT0182,待来源追溯,原始数据保留；新增结构字段为规则化整理结果。,,39,
EXT0183,纯牛奶（脱脂，德国甘蒂牧场脱脂牛奶）,,乳类及其制品-液态乳,34.0,3.3,0.5,4.0,0.0,纯牛奶（脱脂，德国甘蒂牧场脱脂牛奶）,纯牛奶（脱脂，德国甘蒂牧场脱脂牛奶）,奶及乳制品,液态乳及其他乳制品,乳类及其制品-液态乳,100g,100,g,,,,未明确,,,原始数据库（来源待追溯）,原始导入,未提供,2026-06-25,中,否,否,是,EXT0183,待来源追溯,原始数据保留；新增结构字段为规则化整理结果。,,34,
EXT0184,纯牛奶（脱脂，新西兰安佳轻欣脱脂牛奶）,,乳类及其制品-液态乳,32.0,3.9,0.0,4.2,0.0,纯牛奶（脱脂，新西兰安佳轻欣脱脂牛奶）,纯牛奶（脱脂，新西兰安佳轻欣脱脂牛奶）,奶及乳制品,液态乳及其他乳制品,乳类及其制品-液态乳,100g,100,g,,,,未明确,,,原始数据库（来源待追溯）,原始导入,未提供,2026-06-25,中,否,否,是,EXT0184,待来源追溯,原始数据保留；新增结构字段为规则化整理结果。,,32,
EXT0185,"调制乳（全脂，强化 VA, VD）",,乳类及其制品-液态乳,51.0,2.7,2.0,5.6,0.0,"调制乳（全脂，强化 VA, VD）","调制乳（全脂，强化 VA, VD）",奶及乳制品,液态乳及其他乳制品,乳类及其制品-液态乳,100g,100,g,,,,未明确,,,原始数据库（来源待追溯）,原始导入,未提供,2026-06-25,中,否,否,是,EXT0185,待来源追溯,原始数据保留；新增结构字段为规则化整理结果。,,51,
EXT0186,调制乳（全脂，草莓味，卡夫牌）,红莓，洋莓，地莓，士多啤梨,乳类及其制品-液态乳,79.0,2.7,3.0,10.3,0.0,调制乳（全脂，草莓味，卡夫牌）,调制乳（全脂，草莓味，卡夫牌），红莓，洋莓，地莓，士多啤梨,奶及乳制品,液态乳及其他乳制品,乳类及其制品-液态乳,100g,100,g,,,,未明确,,,原始数据库（来源待追溯）,原始导入,未提供,2026-06-25,中,否,否,是,EXT0186,待来源追溯,原始数据保留；新增结构字段为规则化整理结果。,,79,
EXT0187,调制乳（全脂，巧克力味，卡夫牌）,朱古力，巧克力块，朱古力糖,乳类及其制品-液态乳,80.0,2.8,3.2,10.0,0.0,调制乳（全脂，巧克力味，卡夫牌）,调制乳（全脂，巧克力味，卡夫牌），朱古力，巧克力块，朱古力糖,奶及乳制品,液态乳及其他乳制品,乳类及其制品-液态乳,100g,100,g,,,,未明确,,,原始数据库（来源待追溯）,原始导入,未提供,2026-06-25,中,否,否,是,EXT0187,待来源追溯,原始数据保留；新增结构字段为规则化整理结果。,,80,
EXT0188,调制乳（全脂，巧克力味，三元牌）,朱古力，巧克力块，朱古力糖,乳类及其制品-液态乳,74.0,2.3,2.8,9.9,0.0,调制乳（全脂，巧克力味，三元牌）,调制乳（全脂，巧克力味，三元牌），朱古力，巧克力块，朱古力糖,奶及乳制品,液态乳及其他乳制品,乳类及其制品-液态乳,100g,100,g,,,,未明确,,,原始数据库（来源待追溯）,原始导入,未提供,2026-06-25,中,否,否,是,EXT0188,待来源追溯,原始数据保留；新增结构字段为规则化整理结果。,,74,
EXT0189,调制乳（全脂，学生奶）,,乳类及其制品-液态乳,66.0,2.6,2.6,8.1,0.0,调制乳（全脂，学生奶）,调制乳（全脂，学生奶）,奶及乳制品,液态乳及其他乳制品,乳类及其制品-液态乳,100g,100,g,,,,生/鲜,,,原始数据库（来源待追溯）,原始导入,未提供,2026-06-25,中,否,否,是,EXT0189,待来源追溯,原始数据保留；新增结构字段为规则化整理结果。,,66,
EXT0190,调制乳（全脂，龙丹益醇核桃牛奶）,,乳类及其制品-液态乳,62.0,2.5,2.8,6.6,0.0,调制乳（全脂，龙丹益醇核桃牛奶）,调制乳（全脂，龙丹益醇核桃牛奶）,奶及乳制品,液态乳及其他乳制品,乳类及其制品-液态乳,100g,100,g,,,,未明确,,,原始数据库（来源待追溯）,原始导入,未提供,2026-06-25,中,否,否,是,EXT0190,待来源追溯,原始数据保留；新增结构字段为规则化整理结果。,,62,
EXT0191,调制乳（全脂，蒙牛特仑苏醇纤牛奶）,,乳类及其制品-液态乳,72.0,3.4,4.0,5.5,0.0,调制乳（全脂，蒙牛特仑苏醇纤牛奶）,调制乳（全脂，蒙牛特仑苏醇纤牛奶）,奶及乳制品,液态乳及其他乳制品,乳类及其制品-液态乳,100g,100,g,,,,未明确,,,原始数据库（来源待追溯）,原始导入,未提供,2026-06-25,中,否,否,是,EXT0191,待来源追溯,原始数据保留；新增结构字段为规则化整理结果。,,72,
EXT0192,调制乳（全脂，蒙牛珍养型零乳糖牛奶）,,乳类及其制品-液态乳,60.0,3.0,3.5,4.0,0.0,调制乳（全脂，蒙牛珍养型零乳糖牛奶）,调制乳（全脂，蒙牛珍养型零乳糖牛奶）,奶及乳制品,液态乳及其他乳制品,乳类及其制品-液态乳,100g,100,g,,,,未明确,,,原始数据库（来源待追溯）,原始导入,未提供,2026-06-25,中,否,否,是,EXT0192,待来源追溯,原始数据保留；新增结构字段为规则化整理结果。,,60,
EXT0193,调制乳（全脂，完达山臻醇牛奶）,,乳类及其制品-液态乳,69.0,3.4,3.7,5.4,0.0,调制乳（全脂，完达山臻醇牛奶）,调制乳（全脂，完达山臻醇牛奶）,奶及乳制品,液态乳及其他乳制品,乳类及其制品-液态乳,100g,100,g,,,,未明确,,,原始数据库（来源待追溯）,原始导入,未提供,2026-06-25,中,否,否,是,EXT0193,待来源追溯,原始数据保留；新增结构字段为规则化整理结果。,,69,
EXT0194,调制乳（全脂，旺仔复原乳牛奶）,,乳类及其制品-液态乳,74.0,2.5,2.6,10.1,0.0,调制乳（全脂，旺仔复原乳牛奶）,调制乳（全脂，旺仔复原乳牛奶）,奶及乳制品,液态乳及其他乳制品,乳类及其制品-液态乳,100g,100,g,,,,未明确,,,原始数据库（来源待追溯）,原始导入,未提供,2026-06-25,中,否,否,是,EXT0194,待来源追溯,原始数据保留；新增结构字段为规则化整理结果。,,74,
EXT0195,调制乳（全脂，夏进炼乳牛奶）,,乳类及其制品-液态乳,71.0,2.5,3.1,8.2,0.0,调制乳（全脂，夏进炼乳牛奶）,调制乳（全脂，夏进炼乳牛奶）,奶及乳制品,液态乳及其他乳制品,乳类及其制品-液态乳,100g,100,g,,,,未明确,,,原始数据库（来源待追溯）,原始导入,未提供,2026-06-25,中,否,否,是,EXT0195,待来源追溯,原始数据保留；新增结构字段为规则化整理结果。,,71,
EXT0196,调制乳（全脂，新西兰安佳原味进口儿童牛奶）,,乳类及其制品-液态乳,70.0,3.6,3.5,5.9,0.0,调制乳（全脂，新西兰安佳原味进口儿童牛奶）,调制乳（全脂，新西兰安佳原味进口儿童牛奶）,奶及乳制品,液态乳及其他乳制品,乳类及其制品-液态乳,100g,100,g,,,,未明确,,,原始数据库（来源待追溯）,原始导入,未提供,2026-06-25,中,否,否,是,EXT0196,待来源追溯,原始数据保留；新增结构字段为规则化整理结果。,,70,
EXT0197,调制乳（全脂，新希望特浓牛奶）,,乳类及其制品-液态乳,66.0,3.3,3.5,5.4,0.0,调制乳（全脂，新希望特浓牛奶）,调制乳（全脂，新希望特浓牛奶）,奶及乳制品,液态乳及其他乳制品,乳类及其制品-液态乳,100g,100,g,,,,未明确,,,原始数据库（来源待追溯）,原始导入,未提供,2026-06-25,中,否,否,是,EXT0197,待来源追溯,原始数据保留；新增结构字段为规则化整理结果。,,66,
EXT0198,调制乳（全脂，伊利舒化奶）,,乳类及其制品-液态乳,68.0,3.5,3.8,5.0,0.0,调制乳（全脂，伊利舒化奶）,调制乳（全脂，伊利舒化奶）,奶及乳制品,液态乳及其他乳制品,乳类及其制品-液态乳,100g,100,g,,,,未明确,,,原始数据库（来源待追溯）,原始导入,未提供,2026-06-25,中,否,否,是,EXT0198,待来源追溯,原始数据保留；新增结构字段为规则化整理结果。,,68,
EXT0199,调制乳（全脂，伊利早餐奶麦香味）,,乳类及其制品-液态乳,71.0,2.9,3.2,7.6,0.0,调制乳（全脂，伊利早餐奶麦香味）,调制乳（全脂，伊利早餐奶麦香味）,奶及乳制品,液态乳及其他乳制品,乳类及其制品-液态乳,100g,100,g,,,,未明确,,,原始数据库（来源待追溯）,原始导入,未提供,2026-06-25,中,否,否,是,EXT0199,待来源追溯,原始数据保留；新增结构字段为规则化整理结果。,,71,
EXT0200,调制乳（低脂，强化锌、钙，帕玛拉特）,,乳类及其制品-液态乳,60.0,3.0,3.1,5.0,0.0,调制乳（低脂，强化锌、钙，帕玛拉特）,调制乳（低脂，强化锌、钙，帕玛拉特）,奶及乳制品,液态乳及其他乳制品,乳类及其制品-液态乳,100g,100,g,,,,未明确,,,原始数据库（来源待追溯）,原始导入,未提供,2026-06-25,中,否,否,是,EXT0200,待来源追溯,原始数据保留；新增结构字段为规则化整理结果。,,60,
EXT0201,调制乳（低脂，澳大利亚德运高钙低脂奶）,,乳类及其制品-液态乳,52.0,3.5,1.1,7.1,0.0,调制乳（低脂，澳大利亚德运高钙低脂奶）,调制乳（低脂，澳大利亚德运高钙低脂奶）,奶及乳制品,液态乳及其他乳制品,乳类及其制品-液态乳,100g,100,g,,,,未明确,,,原始数据库（来源待追溯）,原始导入,未提供,2026-06-25,中,否,否,是,EXT0201,待来源追溯,原始数据保留；新增结构字段为规则化整理结果。,,52,
EXT0202,调制乳（低脂，伊利低脂型舒化奶）,,乳类及其制品-液态乳,46.0,3.4,1.5,4.6,0.0,调制乳（低脂，伊利低脂型舒化奶）,调制乳（低脂，伊利低脂型舒化奶）,奶及乳制品,液态乳及其他乳制品,乳类及其制品-液态乳,100g,100,g,,,,未明确,,,原始数据库（来源待追溯）,原始导入,未提供,2026-06-25,中,否,否,是,EXT0202,待来源追溯,原始数据保留；新增结构字段为规则化整理结果。,,46,
EXT0203,调制乳（低脂，伊利高钙低脂奶）,,乳类及其制品-液态乳,47.0,3.2,1.3,5.5,0.0,调制乳（低脂，伊利高钙低脂奶）,调制乳（低脂，伊利高钙低脂奶）,奶及乳制品,液态乳及其他乳制品,乳类及其制品-液态乳,100g,100,g,,,,未明确,,,原始数据库（来源待追溯）,原始导入,未提供,2026-06-25,中,否,否,是,EXT0203,待来源追溯,原始数据保留；新增结构字段为规则化整理结果。,,47,
EXT0204,调制乳（脱脂，部分复原乳，澳大利亚德运高钙脱脂奶）,,乳类及其制品-液态乳,42.0,3.6,0.3,6.2,0.0,调制乳（脱脂，部分复原乳，澳大利亚德运高钙脱脂奶）,调制乳（脱脂，部分复原乳，澳大利亚德运高钙脱脂奶）,奶及乳制品,液态乳及其他乳制品,乳类及其制品-液态乳,100g,100,g,,,,未明确,,,原始数据库（来源待追溯）,原始导入,未提供,2026-06-25,中,否,否,是,EXT0204,待来源追溯,原始数据保留；新增结构字段为规则化整理结果。,,42,
EXT0205,调制乳（脱脂，伊利脱脂奶）,,乳类及其制品-液态乳,34.0,3.3,0.3,4.5,0.0,调制乳（脱脂，伊利脱脂奶）,调制乳（脱脂，伊利脱脂奶）,奶及乳制品,液态乳及其他乳制品,乳类及其制品-液态乳,100g,100,g,,,,未明确,,,原始数据库（来源待追溯）,原始导入,未提供,2026-06-25,中,否,否,是,EXT0205,待来源追溯,原始数据保留；新增结构字段为规则化整理结果。,,34,
EXT0206,鲜牛奶（全脂，光明鲜牛奶）,,乳类及其制品-液态乳,63.0,3.4,3.5,4.5,0.0,鲜牛奶（全脂，光明鲜牛奶）,鲜牛奶（全脂，光明鲜牛奶）,奶及乳制品,液态乳及其他乳制品,乳类及其制品-液态乳,100g,100,g,,,,生/鲜,,,原始数据库（来源待追溯）,原始导入,未提供,2026-06-25,中,否,否,是,EXT0206,待来源追溯,原始数据保留；新增结构字段为规则化整理结果。,,63,
EXT0207,鲜牛奶（代表值，全脂）,,乳类及其制品-液态乳,67.0,3.4,3.7,5.1,0.0,鲜牛奶（代表值，全脂）,鲜牛奶（代表值，全脂）,奶及乳制品,液态乳及其他乳制品,乳类及其制品-液态乳,100g,100,g,,,,生/鲜,,,原始数据库（来源待追溯）,原始导入,未提供,2026-06-25,中,否,否,是,EXT0207,待来源追溯,原始数据保留；新增结构字段为规则化整理结果。,,67,
EXT0208,鲜牛奶（全脂，辉山鲜博士鲜牛奶）,,乳类及其制品-液态乳,70.0,3.6,4.3,4.1,0.0,鲜牛奶（全脂，辉山鲜博士鲜牛奶）,鲜牛奶（全脂，辉山鲜博士鲜牛奶）,奶及乳制品,液态乳及其他乳制品,乳类及其制品-液态乳,100g,100,g,,,,生/鲜,,,原始数据库（来源待追溯）,原始导入,未提供,2026-06-25,中,否,否,是,EXT0208,待来源追溯,原始数据保留；新增结构字段为规则化整理结果。,,70,
EXT0209,鲜牛奶（全脂，完达山鲜牛乳）,鲜牛奶，巴氏奶，鲜奶,乳类及其制品-液态乳,66.0,3.6,3.7,4.6,0.0,鲜牛奶（全脂，完达山鲜牛乳）,鲜牛奶（全脂，完达山鲜牛乳），鲜牛奶，巴氏奶，鲜奶,奶及乳制品,液态乳及其他乳制品,乳类及其制品-液态乳,100g,100,g,,,,生/鲜,,,原始数据库（来源待追溯）,原始导入,未提供,2026-06-25,中,否,否,是,EXT0209,待来源追溯,原始数据保留；新增结构字段为规则化整理结果。,,66,
EXT0210,鲜牛奶（全脂，西域春牌全脂巴氏杀菌乳）,,乳类及其制品-液态乳,63.0,2.5,3.1,6.3,0.0,鲜牛奶（全脂，西域春牌全脂巴氏杀菌乳）,鲜牛奶（全脂，西域春牌全脂巴氏杀菌乳）,奶及乳制品,液态乳及其他乳制品,乳类及其制品-液态乳,100g,100,g,,,,生/鲜,,,原始数据库（来源待追溯）,原始导入,未提供,2026-06-25,中,否,否,是,EXT0210,待来源追溯,原始数据保留；新增结构字段为规则化整理结果。,,63,
EXT0211,鲜牛奶（全脂，现代牧场景鲜牛奶）,,乳类及其制品-液态乳,64.0,3.4,3.6,4.5,0.0,鲜牛奶（全脂，现代牧场景鲜牛奶）,鲜牛奶（全脂，现代牧场景鲜牛奶）,奶及乳制品,液态乳及其他乳制品,乳类及其制品-液态乳,100g,100,g,,,,生/鲜,,,原始数据库（来源待追溯）,原始导入,未提供,2026-06-25,中,否,否,是,EXT0211,待来源追溯,原始数据保留；新增结构字段为规则化整理结果。,,64,
EXT0212,鲜牛奶（全脂，新希望千岛湖牧场鲜牛奶）,,乳类及其制品-液态乳,76.0,3.6,3.9,6.7,0.0,鲜牛奶（全脂，新希望千岛湖牧场鲜牛奶）,鲜牛奶（全脂，新希望千岛湖牧场鲜牛奶）,奶及乳制品,液态乳及其他乳制品,乳类及其制品-液态乳,100g,100,g,,,,生/鲜,,,原始数据库（来源待追溯）,原始导入,未提供,2026-06-25,中,否,否,是,EXT0212,待来源追溯,原始数据保留；新增结构字段为规则化整理结果。,,76,
EXT0213,鲜牛奶（全脂，一鸣鲜牛奶）,,乳类及其制品-液态乳,66.0,3.5,3.6,5.0,0.0,鲜牛奶（全脂，一鸣鲜牛奶）,鲜牛奶（全脂，一鸣鲜牛奶）,奶及乳制品,液态乳及其他乳制品,乳类及其制品-液态乳,100g,100,g,,,,生/鲜,,,原始数据库（来源待追溯）,原始导入,未提供,2026-06-25,中,否,否,是,EXT0213,待来源追溯,原始数据保留；新增结构字段为规则化整理结果。,,66,
EXT0214,羊乳,,乳类及其制品-液态乳,59.0,1.5,3.5,5.4,0.0,羊乳,羊乳,奶及乳制品,液态乳及其他乳制品,乳类及其制品-液态乳,100g,100,g,,,,未明确,,,原始数据库（来源待追溯）,原始导入,未提供,2026-06-25,中,否,否,是,EXT0214,待来源追溯,原始数据保留；新增结构字段为规则化整理结果。,,59,
EXT0215,人乳,母乳，人奶，乳汁,乳类及其制品-液态乳,65.0,1.3,3.4,7.4,0.0,人乳,人乳，母乳，人奶，乳汁,奶及乳制品,液态乳及其他乳制品,乳类及其制品-液态乳,100g,100,g,,,,未明确,,,原始数据库（来源待追溯）,原始导入,未提供,2026-06-25,中,否,否,是,EXT0215,待来源追溯,原始数据保留；新增结构字段为规则化整理结果。,,65,
EXT0216,人乳（初乳，1～7天）,母乳，人奶，乳汁,乳类及其制品-液态乳,68.0,2.2,3.8,6.2,0.0,人乳（初乳，1～7天）,人乳（初乳，1～7天），母乳，人奶，乳汁,奶及乳制品,液态乳及其他乳制品,乳类及其制品-液态乳,100g,100,g,,,,未明确,,,原始数据库（来源待追溯）,原始导入,未提供,2026-06-25,中,否,否,是,EXT0216,待来源追溯,原始数据保留；新增结构字段为规则化整理结果。,,68,
EXT0217,人乳（过渡乳，7～14天）,母乳，人奶，乳汁,乳类及其制品-液态乳,73.0,2.2,4.0,7.0,0.0,人乳（过渡乳，7～14天）,人乳（过渡乳，7～14天），母乳，人奶，乳汁,奶及乳制品,液态乳及其他乳制品,乳类及其制品-液态乳,100g,100,g,,,,未明确,,,原始数据库（来源待追溯）,原始导入,未提供,2026-06-25,中,否,否,是,EXT0217,待来源追溯,原始数据保留；新增结构字段为规则化整理结果。,,73,
EXT0218,人乳（成熟乳）,母乳，人奶，乳汁,乳类及其制品-液态乳,70.0,1.2,4.4,6.5,0.0,人乳（成熟乳）,人乳（成熟乳），母乳，人奶，乳汁,奶及乳制品,液态乳及其他乳制品,乳类及其制品-液态乳,100g,100,g,,,,熟,,,原始数据库（来源待追溯）,原始导入,未提供,2026-06-25,中,否,否,是,EXT0218,待来源追溯,原始数据保留；新增结构字段为规则化整理结果。,,70,
EXT0219,鲜驴奶,,乳类及其制品-液态乳,33.0,0.4,0.6,6.5,0.0,鲜驴奶,鲜驴奶,奶及乳制品,液态乳及其他乳制品,乳类及其制品-液态乳,100g,100,g,,,,生/鲜,,,原始数据库（来源待追溯）,原始导入,未提供,2026-06-25,中,否,否,是,EXT0219,待来源追溯,原始数据保留；新增结构字段为规则化整理结果。,,33,
EXT0220,鲜驴奶（冻）,,乳类及其制品-液态乳,41.0,0.5,1.2,7.0,0.0,鲜驴奶（冻）,鲜驴奶（冻）,奶及乳制品,液态乳及其他乳制品,乳类及其制品-液态乳,100g,100,g,,,,生/鲜,,,原始数据库（来源待追溯）,原始导入,未提供,2026-06-25,中,否,否,是,EXT0220,待来源追溯,原始数据保留；新增结构字段为规则化整理结果。,,41,
EXT0221,鲜驴奶（花麒牌，冻）,,乳类及其制品-液态乳,39.0,0.8,1.1,6.5,0.0,鲜驴奶（花麒牌，冻）,鲜驴奶（花麒牌，冻）,奶及乳制品,液态乳及其他乳制品,乳类及其制品-液态乳,100g,100,g,,,,生/鲜,,,原始数据库（来源待追溯）,原始导入,未提供,2026-06-25,中,否,否,是,EXT0221,待来源追溯,原始数据保留；新增结构字段为规则化整理结果。,,39,
EXT0222,鲜驼奶,,乳类及其制品-液态乳,72.0,3.7,3.5,6.5,0.0,鲜驼奶,鲜驼奶,奶及乳制品,液态乳及其他乳制品,乳类及其制品-液态乳,100g,100,g,,,,生/鲜,,,原始数据库（来源待追溯）,原始导入,未提供,2026-06-25,中,否,否,是,EXT0222,待来源追溯,原始数据保留；新增结构字段为规则化整理结果。,,72,
EXT0223,鲜驼奶（冻）,,乳类及其制品-液态乳,86.0,3.6,3.5,9.9,0.0,鲜驼奶（冻）,鲜驼奶（冻）,奶及乳制品,液态乳及其他乳制品,乳类及其制品-液态乳,100g,100,g,,,,生/鲜,,,原始数据库（来源待追溯）,原始导入,未提供,2026-06-25,中,否,否,是,EXT0223,待来源追溯,原始数据保留；新增结构字段为规则化整理结果。,,86,
EXT0224,驼奶（旺源牌，易拉罐）,,乳类及其制品-液态乳,81.0,3.9,4.6,6.0,0.0,驼奶（旺源牌，易拉罐）,驼奶（旺源牌，易拉罐）,奶及乳制品,液态乳及其他乳制品,乳类及其制品-液态乳,100g,100,g,,,,未明确,,,原始数据库（来源待追溯）,原始导入,未提供,2026-06-25,中,否,否,是,EXT0224,待来源追溯,原始数据保留；新增结构字段为规则化整理结果。,,81,
EXT0225,酸奶,,乳类及其制品-酸奶,70.0,3.2,1.9,10.0,0.0,酸奶,酸奶,奶及乳制品,发酵乳,乳类及其制品-酸奶,100g,100,g,,,,未明确,,,原始数据库（来源待追溯）,原始导入,未提供,2026-06-25,中,否,否,是,EXT0225,待来源追溯,原始数据保留；新增结构字段为规则化整理结果。,,70,
EXT0226,酸奶（代表值，全脂）,酸奶，优格，酸乳，全脂酸奶,乳类及其制品-酸奶,86.0,2.8,2.6,12.9,0.0,酸奶（代表值，全脂）,酸奶（代表值，全脂），酸奶，优格，酸乳，全脂酸奶,奶及乳制品,发酵乳,乳类及其制品-酸奶,100g,100,g,,,,未明确,,,原始数据库（来源待追溯）,原始导入,未提供,2026-06-25,中,否,否,是,EXT0226,待来源追溯,原始数据保留；新增结构字段为规则化整理结果。,,86,
EXT0227,酸奶（高蛋白）,,乳类及其制品-酸奶,62.0,3.2,2.2,7.3,0.0,酸奶（高蛋白）,酸奶（高蛋白）,奶及乳制品,发酵乳,乳类及其制品-酸奶,100g,100,g,,,,未明确,,,原始数据库（来源待追溯）,原始导入,未提供,2026-06-25,中,否,否,是,EXT0227,待来源追溯,原始数据保留；新增结构字段为规则化整理结果。,,62,
EXT0228,酸奶（脱脂）,脱脂酸奶，零脂酸奶，无脂优格,乳类及其制品-酸奶,57.0,3.3,0.4,10.0,0.0,酸奶（脱脂）,酸奶（脱脂），脱脂酸奶，零脂酸奶，无脂优格,奶及乳制品,发酵乳,乳类及其制品-酸奶,100g,100,g,,,,未明确,,,原始数据库（来源待追溯）,原始导入,未提供,2026-06-25,中,否,否,是,EXT0228,待来源追溯,原始数据保留；新增结构字段为规则化整理结果。,,57,
EXT0229,酸奶（低脂）,,乳类及其制品-酸奶,64.0,2.7,1.9,9.0,0.0,酸奶（低脂）,酸奶（低脂）,奶及乳制品,发酵乳,乳类及其制品-酸奶,100g,100,g,,,,未明确,,,原始数据库（来源待追溯）,原始导入,未提供,2026-06-25,中,否,否,是,EXT0229,待来源追溯,原始数据保留；新增结构字段为规则化整理结果。,,64,
EXT0230,酸奶（果料）,果味酸奶，果粒酸奶，果肉酸奶,乳类及其制品-酸奶,67.0,3.1,1.4,10.4,0.0,酸奶（果料）,酸奶（果料），果味酸奶，果粒酸奶，果肉酸奶,奶及乳制品,发酵乳,乳类及其制品-酸奶,100g,100,g,,,,未明确,,,原始数据库（来源待追溯）,原始导入,未提供,2026-06-25,中,否,否,是,EXT0230,待来源追溯,原始数据保留；新增结构字段为规则化整理结果。,,67,
EXT0231,酸奶（橘味，脱脂）,,乳类及其制品-酸奶,48.0,3.2,0.3,8.2,0.0,酸奶（橘味，脱脂）,酸奶（橘味，脱脂）,奶及乳制品,发酵乳,乳类及其制品-酸奶,100g,100,g,,,,未明确,,,原始数据库（来源待追溯）,原始导入,未提供,2026-06-25,中,否,否,是,EXT0231,待来源追溯,原始数据保留；新增结构字段为规则化整理结果。,,48,
EXT0232,酸奶（调味）,,乳类及其制品-酸奶,88.0,3.0,3.2,11.9,0.0,酸奶（调味）,酸奶（调味）,奶及乳制品,发酵乳,乳类及其制品-酸奶,100g,100,g,,,,未明确,,,原始数据库（来源待追溯）,原始导入,未提供,2026-06-25,中,否,否,是,EXT0232,待来源追溯,原始数据保留；新增结构字段为规则化整理结果。,,88,
EXT0233,酸奶（果粒）,,乳类及其制品-酸奶,98.0,3.3,2.9,14.6,0.0,酸奶（果粒）,酸奶（果粒）,奶及乳制品,发酵乳,乳类及其制品-酸奶,100g,100,g,,,,未明确,,,原始数据库（来源待追溯）,原始导入,未提供,2026-06-25,中,否,否,是,EXT0233,待来源追溯,原始数据保留；新增结构字段为规则化整理结果。,,98,
EXT0234,酸奶（全脂，多美鲜全脂果粒，草莓果粒/覆盆子果粒、桃果粒/西番莲汁/菠萝果粒）,红莓，洋莓，地莓，士多啤梨,乳类及其制品-酸奶,111.0,1.6,2.8,19.9,0.0,酸奶（全脂，多美鲜全脂果粒，草莓果粒/覆盆子果粒、桃果粒/西番莲汁/菠萝果粒）,酸奶（全脂，多美鲜全脂果粒，草莓果粒/覆盆子果粒、桃果粒/西番莲汁/菠萝果粒），红莓，洋莓，地莓，士多啤梨,奶及乳制品,发酵乳,乳类及其制品-酸奶,100g,100,g,,,,生/鲜,,,原始数据库（来源待追溯）,原始导入,未提供,2026-06-25,中,否,否,是,EXT0234,待来源追溯,原始数据保留；新增结构字段为规则化整理结果。,,111,
EXT0235,酸奶（全脂，盖瑞牌，全脂风味发酵乳）,,乳类及其制品-酸奶,93.0,3.1,2.5,14.6,0.0,酸奶（全脂，盖瑞牌，全脂风味发酵乳）,酸奶（全脂，盖瑞牌，全脂风味发酵乳）,奶及乳制品,发酵乳,乳类及其制品-酸奶,100g,100,g,,,,未明确,,,原始数据库（来源待追溯）,原始导入,未提供,2026-06-25,中,否,否,是,EXT0235,待来源追溯,原始数据保留；新增结构字段为规则化整理结果。,,93,
EXT0236,酸奶（全脂，花园牌）,,乳类及其制品-酸奶,77.0,1.6,2.8,11.3,0.0,酸奶（全脂，花园牌）,酸奶（全脂，花园牌）,奶及乳制品,发酵乳,乳类及其制品-酸奶,100g,100,g,,,,未明确,,,原始数据库（来源待追溯）,原始导入,未提供,2026-06-25,中,否,否,是,EXT0236,待来源追溯,原始数据保留；新增结构字段为规则化整理结果。,,77,
EXT0237,酸奶（全脂，佳丽牌，益家全脂风味发酵乳）,,乳类及其制品-酸奶,95.0,2.9,3.1,13.8,0.0,酸奶（全脂，佳丽牌，益家全脂风味发酵乳）,酸奶（全脂，佳丽牌，益家全脂风味发酵乳）,奶及乳制品,发酵乳,乳类及其制品-酸奶,100g,100,g,,,,未明确,,,原始数据库（来源待追溯）,原始导入,未提供,2026-06-25,中,否,否,是,EXT0237,待来源追溯,原始数据保留；新增结构字段为规则化整理结果。,,95,
EXT0238,酸奶（全脂，天润牌浓缩酸奶，全脂风味发酵乳）,,乳类及其制品-酸奶,95.0,3.0,2.9,14.1,0.0,酸奶（全脂，天润牌浓缩酸奶，全脂风味发酵乳）,酸奶（全脂，天润牌浓缩酸奶，全脂风味发酵乳）,奶及乳制品,发酵乳,乳类及其制品-酸奶,100g,100,g,,,,未明确,,,原始数据库（来源待追溯）,原始导入,未提供,2026-06-25,中,否,否,是,EXT0238,待来源追溯,原始数据保留；新增结构字段为规则化整理结果。,,95,
EXT0239,酸奶（全脂，西域春牌新疆老酸奶，凝固型）,,乳类及其制品-酸奶,96.0,3.1,2.6,15.1,0.0,酸奶（全脂，西域春牌新疆老酸奶，凝固型）,酸奶（全脂，西域春牌新疆老酸奶，凝固型）,奶及乳制品,发酵乳,乳类及其制品-酸奶,100g,100,g,,,,未明确,,,原始数据库（来源待追溯）,原始导入,未提供,2026-06-25,中,否,否,是,EXT0239,待来源追溯,原始数据保留；新增结构字段为规则化整理结果。,,96,
EXT0240,酸奶（低脂，艾美牌，草莓、芒果、蓝莓、覆盆子、菠萝味低脂风味发酵乳）,红莓，洋莓，地莓，士多啤梨,乳类及其制品-酸奶,96.0,1.6,2.4,16.9,0.0,酸奶（低脂，艾美牌，草莓、芒果、蓝莓、覆盆子、菠萝味低脂风味发酵乳）,酸奶（低脂，艾美牌，草莓、芒果、蓝莓、覆盆子、菠萝味低脂风味发酵乳），红莓，洋莓，地莓，士多啤梨,奶及乳制品,发酵乳,乳类及其制品-酸奶,100g,100,g,,,,未明确,,,原始数据库（来源待追溯）,原始导入,未提供,2026-06-25,中,否,否,是,EXT0240,待来源追溯,原始数据保留；新增结构字段为规则化整理结果。,,96,
EXT0241,蜂蛹 [蜂胚、蜂仔],蜂胚、蜂仔,其他类-其他,100.0,10.6,5.4,2.3,0.0,蜂蛹 [蜂胚、蜂仔],蜂蛹 [蜂胚、蜂仔]，蜂胚，蜂仔,其他,其他,其他类-其他,100g,100,g,,,,未明确,,,原始数据库（来源待追溯）,原始导入,未提供,2026-06-25,中,否,否,是,EXT0241,待来源追溯,原始数据保留；新增结构字段为规则化整理结果。,,100,
EXT0242,蜂蛹（油蜂，干）,蜂胚，蜂仔，蜜蜂蛹，马蜂蛹,其他类-其他,669.0,20.0,61.4,9.0,0.0,蜂蛹（油蜂，干）,蜂蛹（油蜂，干），蜂胚，蜂仔，蜜蜂蛹，马蜂蛹,其他,其他,其他类-其他,100g,100,g,,,,干制,,,原始数据库（来源待追溯）,原始导入,未提供,2026-06-25,中,否,否,是,EXT0242,待来源追溯,原始数据保留；新增结构字段为规则化整理结果。,,669,
EXT0243,蜂蛹（大黄蜂）,蜂胚，蜂仔，蜜蜂蛹，马蜂蛹,其他类-其他,109.0,12.1,3.8,6.6,0.0,蜂蛹（大黄蜂）,蜂蛹（大黄蜂），蜂胚，蜂仔，蜜蜂蛹，马蜂蛹,其他,其他,其他类-其他,100g,100,g,,,,未明确,,,原始数据库（来源待追溯）,原始导入,未提供,2026-06-25,中,否,否,是,EXT0243,待来源追溯,原始数据保留；新增结构字段为规则化整理结果。,,109,
EXT0244,牛蛙,牛蛙，美国青蛙，菜蛙，喧蛙,其他类-其他,81.0,15.7,0.5,3.4,0.0,牛蛙,牛蛙，美国青蛙，菜蛙，喧蛙,其他,其他,其他类-其他,100g,100,g,,,,未明确,,,原始数据库（来源待追溯）,原始导入,未提供,2026-06-25,低,否,否,否,EXT0244,同名冲突待核验,原始数据保留；新增结构字段为规则化整理结果。,,81,
EXT0245,鸡内金,,其他类-其他,359.0,83.1,1.3,3.8,0.0,鸡内金,鸡内金,其他,其他,其他类-其他,100g,100,g,,,,未明确,,,原始数据库（来源待追溯）,原始导入,未提供,2026-06-25,中,否,否,是,EXT0245,待来源追溯,原始数据保留；新增结构字段为规则化整理结果。,,359,
EXT0246,乌梢蛇,,其他类-其他,219.0,49.4,2.0,0.9,0.0,乌梢蛇,乌梢蛇,其他,其他,其他类-其他,100g,100,g,,,,未明确,,,原始数据库（来源待追溯）,原始导入,未提供,2026-06-25,中,否,否,是,EXT0246,待来源追溯,原始数据保留；新增结构字段为规则化整理结果。,,219,
EXT0247,团螺蛸,,其他类-其他,365.0,70.2,6.6,6.2,0.0,团螺蛸,团螺蛸,其他,其他,其他类-其他,100g,100,g,,,,未明确,,,原始数据库（来源待追溯）,原始导入,未提供,2026-06-25,中,否,否,是,EXT0247,待来源追溯,原始数据保留；新增结构字段为规则化整理结果。,,365,
EXT0248,阿胶,,其他类-其他,383.0,73.0,5.8,9.5,0.0,阿胶,阿胶,其他,其他,其他类-其他,100g,100,g,,,,未明确,,,原始数据库（来源待追溯）,原始导入,未提供,2026-06-25,中,否,否,是,EXT0248,待来源追溯,原始数据保留；新增结构字段为规则化整理结果。,,383,
EXT0249,珍珠,,其他类-其他,18.0,2.0,0.1,2.4,0.0,珍珠,珍珠,其他,其他,其他类-其他,100g,100,g,,,,未明确,,,原始数据库（来源待追溯）,原始导入,未提供,2026-06-25,中,否,否,是,EXT0249,待来源追溯,原始数据保留；新增结构字段为规则化整理结果。,,18,
EXT0250,牛黄,,其他类-其他,353.0,48.0,0.9,38.4,0.0,牛黄,牛黄,其他,其他,其他类-其他,100g,100,g,,,,未明确,,,原始数据库（来源待追溯）,原始导入,未提供,2026-06-25,中,否,否,是,EXT0250,待来源追溯,原始数据保留；新增结构字段为规则化整理结果。,,353,
EXT0251,马鹿胎（粉）,,其他类-其他,342.0,36.8,10.8,24.4,0.0,马鹿胎（粉）,马鹿胎（粉）,其他,其他,其他类-其他,100g,100,g,,,,未明确,,,原始数据库（来源待追溯）,原始导入,未提供,2026-06-25,中,否,否,是,EXT0251,待来源追溯,原始数据保留；新增结构字段为规则化整理结果。,,342,
EXT0252,蛤蚧,,其他类-其他,382.0,70.8,11.0,0.0,0.0,蛤蚧,蛤蚧,其他,其他,其他类-其他,100g,100,g,,,,未明确,,,原始数据库（来源待追溯）,原始导入,未提供,2026-06-25,中,否,否,是,EXT0252,待来源追溯,原始数据保留；新增结构字段为规则化整理结果。,,382,
EXT0253,燕窝,燕菜，燕盏，洞燕，屋燕,其他类-其他,320.0,57.9,0.2,21.7,0.0,燕窝,燕窝，燕菜，燕盏，洞燕，屋燕,其他,其他,其他类-其他,100g,100,g,,,,未明确,,,原始数据库（来源待追溯）,原始导入,未提供,2026-06-25,中,否,否,是,EXT0253,待来源追溯,原始数据保留；新增结构字段为规则化整理结果。,,320,
EXT0254,蜂胶液,,其他类-其他,0.0,0.2,0.0,0.0,0.0,蜂胶液,蜂胶液,其他,其他,其他类-其他,100g,100,g,,,,未明确,,,原始数据库（来源待追溯）,原始导入,未提供,2026-06-25,低,否,否,否,EXT0254,待人工核验,能量为0但至少一项营养素大于0，现有来源不足以判断是取整、缺失还是录入错误；暂停默认启用，待核验原始成分表或正式标签。,,0,零热量但营养素非零
EXT0255,蛤蟆油,,其他类-其他,241.0,31.4,1.9,24.6,0.0,蛤蟆油,蛤蟆油,其他,其他,其他类-其他,100g,100,g,,,,未明确,,,原始数据库（来源待追溯）,原始导入,未提供,2026-06-25,中,否,否,是,EXT0255,待来源追溯,原始数据保留；新增结构字段为规则化整理结果。,,241,
EXT0256,龟甲,,其他类-其他,134.0,26.4,2.0,2.6,0.0,龟甲,龟甲,其他,其他,其他类-其他,100g,100,g,,,,未明确,,,原始数据库（来源待追溯）,原始导入,未提供,2026-06-25,中,否,否,是,EXT0256,待来源追溯,原始数据保留；新增结构字段为规则化整理结果。,,134,
EXT0257,刺猬皮,,其他类-其他,357.0,69.2,8.6,0.8,0.0,刺猬皮,刺猬皮,其他,其他,其他类-其他,100g,100,g,,,,未明确,,,原始数据库（来源待追溯）,原始导入,未提供,2026-06-25,中,否,否,是,EXT0257,待来源追溯,原始数据保留；新增结构字段为规则化整理结果。,,357,
EXT0258,蜂王浆,,其他类-其他,0.0,14.6,0.0,0.0,0.0,蜂王浆,蜂王浆,其他,其他,其他类-其他,100g,100,g,,,,未明确,,,原始数据库（来源待追溯）,原始导入,未提供,2026-06-25,低,否,否,否,EXT0258,待人工核验,零热量但营养素非零。未找到足够证据自动改值，暂停作为默认搜索主记录。,,0,零热量但营养素非零
EXT0259,裙边（干）,,其他类-其他,337.0,81.6,1.2,0.0,0.0,裙边（干）,裙边（干）,其他,其他,其他类-其他,100g,100,g,,,,干制,,,原始数据库（来源待追溯）,原始导入,未提供,2026-06-25,中,否,否,是,EXT0259,待来源追溯,原始数据保留；新增结构字段为规则化整理结果。,,337,
EXT0260,鱼肚（干）,,其他类-其他,312.0,75.6,1.0,0.0,0.0,鱼肚（干）,鱼肚（干）,其他,其他,其他类-其他,100g,100,g,,,,干制,,,原始数据库（来源待追溯）,原始导入,未提供,2026-06-25,中,否,否,是,EXT0260,待来源追溯,原始数据保留；新增结构字段为规则化整理结果。,,312,
EXT0261,鱼唇（干）,,其他类-其他,347.0,83.1,1.6,0.0,0.0,鱼唇（干）,鱼唇（干）,其他,其他,其他类-其他,100g,100,g,,,,干制,,,原始数据库（来源待追溯）,原始导入,未提供,2026-06-25,中,否,否,是,EXT0261,待来源追溯,原始数据保留；新增结构字段为规则化整理结果。,,347,
EXT0262,牛油（板油）,牛脂，牛油，黄油（牛）,动物油脂类-动物油脂,835.0,0.0,92.0,1.8,0.0,牛油（板油）,牛油（板油），牛脂，牛油，黄油（牛）,油脂,动物油及其他油脂,动物油脂类-动物油脂,100g,100,g,,,,未明确,,,原始数据库（来源待追溯）,原始导入,未提供,2026-06-25,中,否,否,是,EXT0262,待来源追溯,原始数据保留；新增结构字段为规则化整理结果。,,835,
EXT0263,牛油（炼）,牛脂，牛油，黄油（牛）,动物油脂类-动物油脂,898.0,0.0,99.7,0.1,0.0,牛油（炼）,牛油（炼），牛脂，牛油，黄油（牛）,油脂,动物油及其他油脂,动物油脂类-动物油脂,100g,100,g,,,,未明确,,,原始数据库（来源待追溯）,原始导入,未提供,2026-06-25,中,否,否,是,EXT0263,待来源追溯,原始数据保留；新增结构字段为规则化整理结果。,,898,
EXT0264,鸭油（炼）,,动物油脂类-动物油脂,897.0,0.0,99.7,0.0,0.0,鸭油（炼）,鸭油（炼）,油脂,动物油及其他油脂,动物油脂类-动物油脂,100g,100,g,,,,未明确,,,原始数据库（来源待追溯）,原始导入,未提供,2026-06-25,中,否,否,是,EXT0264,待来源追溯,原始数据保留；新增结构字段为规则化整理结果。,,897,
EXT0265,羊油（板油）,羊脂，羊油，尾油,动物油脂类-动物油脂,824.0,0.0,88.0,8.0,0.0,羊油（板油）,羊油（板油），羊脂，羊油，尾油,油脂,动物油及其他油脂,动物油脂类-动物油脂,100g,100,g,,,,未明确,,,原始数据库（来源待追溯）,原始导入,未提供,2026-06-25,中,否,否,是,EXT0265,待来源追溯,原始数据保留；新增结构字段为规则化整理结果。,,824,
EXT0266,羊油（炼）,羊脂，羊油，尾油,动物油脂类-动物油脂,895.0,0.0,99.0,0.9,0.0,羊油（炼）,羊油（炼），羊脂，羊油，尾油,油脂,动物油及其他油脂,动物油脂类-动物油脂,100g,100,g,,,,未明确,,,原始数据库（来源待追溯）,原始导入,未提供,2026-06-25,中,否,否,是,EXT0266,待来源追溯,原始数据保留；新增结构字段为规则化整理结果。,,895,
EXT0267,猪油（板油）,,动物油脂类-动物油脂,827.0,0.0,88.7,7.2,0.0,猪油（板油）,猪油（板油）,油脂,动物油及其他油脂,动物油脂类-动物油脂,100g,100,g,,,,未明确,,,原始数据库（来源待追溯）,原始导入,未提供,2026-06-25,中,否,否,是,EXT0267,待来源追溯,原始数据保留；新增结构字段为规则化整理结果。,,827,
EXT0268,猪油（炼）,猪油，板油，大油，荤油,动物油脂类-动物油脂,897.0,0.0,99.6,0.2,0.0,猪油（炼）,猪油（炼），猪油，板油，大油，荤油,油脂,动物油及其他油脂,动物油脂类-动物油脂,100g,100,g,,,,未明确,,,原始数据库（来源待追溯）,原始导入,未提供,2026-06-25,中,否,否,是,EXT0268,待来源追溯,原始数据保留；新增结构字段为规则化整理结果。,,897,
EXT0269,白果（干）[银杏],银杏,坚果种子类-树坚果,355.0,13.2,1.3,72.6,0.0,白果（干）[银杏],白果（干）[银杏]，银杏,坚果及种子,种子,坚果种子类-树坚果,100g,100,g,,,,干制,,,原始数据库（来源待追溯）,原始导入,未提供,2026-06-25,中,否,否,是,EXT0269,待来源追溯,原始数据保留；新增结构字段为规则化整理结果。,,355,
EXT0270,菠萝蜜,大树菠萝，木菠萝，波罗蜜,坚果种子类-树坚果,164.0,4.9,0.3,36.7,2.3,菠萝蜜,菠萝蜜，大树菠萝，木菠萝，波罗蜜,坚果及种子,种子,坚果种子类-树坚果,100g,100,g,,,,未明确,,,原始数据库（来源待追溯）,原始导入,未提供,2026-06-25,低,否,否,否,EXT0270,同名冲突待核验,原始数据保留；新增结构字段为规则化整理结果。,,164,
EXT0271,核桃（鲜）,鲜核桃，青核桃,坚果种子类-树坚果,336.0,12.8,29.9,6.1,4.3,核桃（鲜）,核桃（鲜），鲜核桃，青核桃,水果,鲜果,坚果种子类-树坚果,100g,100,g,,,,生/鲜,,,原始数据库（来源待追溯）,原始导入,未提供,2026-06-25,中,否,否,是,EXT0271,待来源追溯,原始数据保留；新增结构字段为规则化整理结果。,,336,
EXT0272,核桃（干）[胡桃],胡桃,坚果种子类-树坚果,646.0,14.9,58.8,19.1,9.5,核桃（干）[胡桃],核桃（干）[胡桃]，胡桃,水果,水果制品,坚果种子类-树坚果,100g,100,g,,,,干制,,,原始数据库（来源待追溯）,原始导入,未提供,2026-06-25,中,否,否,是,EXT0272,待来源追溯,原始数据保留；新增结构字段为规则化整理结果。,,646,
EXT0273,毛核桃,,坚果种子类-树坚果,184.0,12.0,6.7,21.7,5.4,毛核桃,毛核桃,水果,鲜果,坚果种子类-树坚果,100g,100,g,,,,未明确,,,原始数据库（来源待追溯）,原始导入,未提供,2026-06-25,中,否,否,是,EXT0273,待来源追溯,原始数据保留；新增结构字段为规则化整理结果。,,184,
EXT0274,山核桃（干）,小核桃，山胡桃,坚果种子类-树坚果,616.0,18.0,50.4,26.2,7.4,山核桃（干）,山核桃（干），小核桃，山胡桃,水果,水果制品,坚果种子类-树坚果,100g,100,g,,,,干制,,,原始数据库（来源待追溯）,原始导入,未提供,2026-06-25,中,否,否,是,EXT0274,待来源追溯,原始数据保留；新增结构字段为规则化整理结果。,,616,
EXT0275,栗子（鲜）[板栗],板栗,坚果种子类-树坚果,188.0,4.2,0.7,42.2,1.7,栗子（鲜）[板栗],栗子（鲜）[板栗]，板栗,坚果及种子,种子,坚果种子类-树坚果,100g,100,g,,,,生/鲜,,,原始数据库（来源待追溯）,原始导入,未提供,2026-06-25,中,否,否,是,EXT0275,待来源追溯,原始数据保留；新增结构字段为规则化整理结果。,,188,
EXT0276,栗子（干）[板栗],板栗,坚果种子类-树坚果,348.0,5.3,1.7,78.4,1.2,栗子（干）[板栗],栗子（干）[板栗]，板栗,坚果及种子,种子,坚果种子类-树坚果,100g,100,g,,,,干制,,,原始数据库（来源待追溯）,原始导入,未提供,2026-06-25,中,否,否,是,EXT0276,待来源追溯,原始数据保留；新增结构字段为规则化整理结果。,,348,
EXT0277,栗子（熟）[板栗],板栗,坚果种子类-树坚果,214.0,4.8,1.5,46.0,1.2,栗子（熟）[板栗],栗子（熟）[板栗]，板栗,坚果及种子,种子,坚果种子类-树坚果,100g,100,g,,,,熟,,,原始数据库（来源待追溯）,原始导入,未提供,2026-06-25,中,否,否,是,EXT0277,待来源追溯,原始数据保留；新增结构字段为规则化整理结果。,,214,
EXT0278,松子（生）,松籽，松仁，红松子,坚果种子类-树坚果,665.0,12.6,62.6,19.0,12.4,松子（生）,松子（生），松籽，松仁，红松子,坚果及种子,种子,坚果种子类-树坚果,100g,100,g,,,,生/鲜,,,原始数据库（来源待追溯）,原始导入,未提供,2026-06-25,中,否,否,是,EXT0278,待来源追溯,原始数据保留；新增结构字段为规则化整理结果。,,665,
EXT0279,松子（炒）,,坚果种子类-树坚果,644.0,14.1,58.5,21.4,12.4,松子（炒）,松子（炒）,坚果及种子,种子,坚果种子类-树坚果,100g,100,g,,,,未明确,炒,,原始数据库（来源待追溯）,原始导入,未提供,2026-06-25,中,否,否,是,EXT0279,待来源追溯,原始数据保留；新增结构字段为规则化整理结果。,,644,
EXT0280,松子仁,,坚果种子类-树坚果,718.0,13.4,70.6,12.2,10.0,松子仁,松子仁,坚果及种子,种子,坚果种子类-树坚果,100g,100,g,,,,未明确,,,原始数据库（来源待追溯）,原始导入,未提供,2026-06-25,中,否,否,是,EXT0280,待来源追溯,原始数据保留；新增结构字段为规则化整理结果。,,718,
EXT0281,杏仁,苦杏仁，北杏，杏核仁,坚果种子类-树坚果,578.0,22.5,45.4,23.9,8.0,杏仁,杏仁，苦杏仁，北杏，杏核仁,坚果及种子,种子,坚果种子类-树坚果,100g,100,g,,,,未明确,,,原始数据库（来源待追溯）,原始导入,未提供,2026-06-25,低,否,否,否,EXT0281,同名冲突待核验,原始数据保留；新增结构字段为规则化整理结果。,,578,
EXT0282,杏仁（大杏仁）,苦杏仁，北杏，杏核仁,坚果种子类-树坚果,540.0,19.9,42.9,27.8,18.5,杏仁（大杏仁）,杏仁（大杏仁），苦杏仁，北杏，杏核仁,坚果及种子,种子,坚果种子类-树坚果,100g,100,g,,,,未明确,,,原始数据库（来源待追溯）,原始导入,未提供,2026-06-25,中,否,否,是,EXT0282,待来源追溯,原始数据保留；新增结构字段为规则化整理结果。,,540,
EXT0283,杏仁（炒）,苦杏仁，北杏，杏核仁,坚果种子类-树坚果,618.0,25.7,51.0,18.7,9.1,杏仁（炒）,杏仁（炒），苦杏仁，北杏，杏核仁,坚果及种子,种子,坚果种子类-树坚果,100g,100,g,,,,未明确,炒,,原始数据库（来源待追溯）,原始导入,未提供,2026-06-25,中,否,否,是,EXT0283,待来源追溯,原始数据保留；新增结构字段为规则化整理结果。,,618,
EXT0284,杏仁（原味）,苦杏仁，北杏，杏核仁,坚果种子类-树坚果,596.0,21.3,50.6,19.7,11.8,杏仁（原味）,杏仁（原味），苦杏仁，北杏，杏核仁,坚果及种子,种子,坚果种子类-树坚果,100g,100,g,,,,未明确,,,原始数据库（来源待追溯）,原始导入,未提供,2026-06-25,中,否,否,是,EXT0284,待来源追溯,原始数据保留；新增结构字段为规则化整理结果。,,596,
EXT0285,杏仁（漂白后）,苦杏仁，北杏，杏核仁,坚果种子类-树坚果,602.0,21.9,50.6,19.9,10.4,杏仁（漂白后）,杏仁（漂白后），苦杏仁，北杏，杏核仁,坚果及种子,种子,坚果种子类-树坚果,100g,100,g,,,,未明确,,,原始数据库（来源待追溯）,原始导入,未提供,2026-06-25,中,否,否,是,EXT0285,待来源追溯,原始数据保留；新增结构字段为规则化整理结果。,,602,
EXT0286,杏仁（过油炸干）,苦杏仁，北杏，杏核仁,坚果种子类-树坚果,631.0,21.2,55.2,17.7,10.5,杏仁（过油炸干）,杏仁（过油炸干），苦杏仁，北杏，杏核仁,坚果及种子,种子,坚果种子类-树坚果,100g,100,g,,,,未明确,炸,,原始数据库（来源待追溯）,原始导入,未提供,2026-06-25,中,否,否,是,EXT0286,待来源追溯,原始数据保留；新增结构字段为规则化整理结果。,,631,
EXT0287,杏仁（烤干，不加盐）,苦杏仁，北杏，杏核仁,坚果种子类-树坚果,617.0,22.1,52.8,19.3,11.8,杏仁（烤干，不加盐）,杏仁（烤干，不加盐），苦杏仁，北杏，杏核仁,坚果及种子,种子,坚果种子类-树坚果,100g,100,g,,,,未明确,烤,,原始数据库（来源待追溯）,原始导入,未提供,2026-06-25,中,否,否,是,EXT0287,待来源追溯,原始数据保留；新增结构字段为规则化整理结果。,,617,
EXT0288,杏仁（烤干，加盐）,苦杏仁，北杏，杏核仁,坚果种子类-树坚果,617.0,22.1,52.8,19.3,11.8,杏仁（烤干，加盐）,杏仁（烤干，加盐），苦杏仁，北杏，杏核仁,坚果及种子,种子,坚果种子类-树坚果,100g,100,g,,,,未明确,烤,,原始数据库（来源待追溯）,原始导入,未提供,2026-06-25,中,否,否,是,EXT0288,待来源追溯,原始数据保留；新增结构字段为规则化整理结果。,,617,
EXT0289,橡实[橡子，青冈子],橡子，青冈子,坚果种子类-树坚果,233.0,4.0,2.0,50.5,1.3,橡实[橡子，青冈子],橡实[橡子，青冈子]，橡子，青冈子,坚果及种子,种子,坚果种子类-树坚果,100g,100,g,,,,未明确,,,原始数据库（来源待追溯）,原始导入,未提供,2026-06-25,中,否,否,是,EXT0289,待来源追溯,原始数据保留；新增结构字段为规则化整理结果。,,233,
EXT0290,榛子（干）,榛果，山板栗，尖栗,坚果种子类-树坚果,561.0,20.0,44.8,24.3,9.6,榛子（干）,榛子（干），榛果，山板栗，尖栗,坚果及种子,种子,坚果种子类-树坚果,100g,100,g,,,,干制,,,原始数据库（来源待追溯）,原始导入,未提供,2026-06-25,中,否,否,是,EXT0290,待来源追溯,原始数据保留；新增结构字段为规则化整理结果。,,561,
EXT0291,榛子（炒）,,坚果种子类-树坚果,611.0,30.5,50.3,13.1,8.2,榛子（炒）,榛子（炒）,坚果及种子,种子,坚果种子类-树坚果,100g,100,g,,,,未明确,炒,,原始数据库（来源待追溯）,原始导入,未提供,2026-06-25,中,否,否,是,EXT0291,待来源追溯,原始数据保留；新增结构字段为规则化整理结果。,,611,
EXT0292,山核桃（熟）[小核桃],小核桃,坚果种子类-树坚果,658.0,8.3,64.5,21.3,0.0,山核桃（熟）[小核桃],山核桃（熟）[小核桃]，小核桃,水果,鲜果,坚果种子类-树坚果,100g,100,g,,,,熟,,,原始数据库（来源待追溯）,原始导入,未提供,2026-06-25,中,否,否,是,EXT0292,待来源追溯,原始数据保留；新增结构字段为规则化整理结果。,,658,
EXT0293,栗子[板栗],板栗,坚果种子类-树坚果,186.0,4.4,1.6,39.6,2.0,栗子[板栗],栗子[板栗]，板栗,坚果及种子,种子,坚果种子类-树坚果,100g,100,g,,,,未明确,,,原始数据库（来源待追溯）,原始导入,未提供,2026-06-25,低,否,否,否,EXT0293,同名冲突待核验,原始数据保留；新增结构字段为规则化整理结果。,,186,
EXT0294,栗子[板栗],板栗,坚果种子类-树坚果,192.0,4.4,1.4,41.9,3.1,栗子[板栗],栗子[板栗]，板栗,坚果及种子,种子,坚果种子类-树坚果,100g,100,g,,,,未明确,,,原始数据库（来源待追溯）,原始导入,未提供,2026-06-25,低,否,否,否,EXT0294,同名冲突待核验,原始数据保留；新增结构字段为规则化整理结果。,,192,
EXT0295,栗子[板栗],板栗,坚果种子类-树坚果,168.0,4.4,1.0,36.3,1.9,栗子[板栗],栗子[板栗]，板栗,坚果及种子,种子,坚果种子类-树坚果,100g,100,g,,,,未明确,,,原始数据库（来源待追溯）,原始导入,未提供,2026-06-25,低,否,否,否,EXT0295,同名冲突待核验,原始数据保留；新增结构字段为规则化整理结果。,,168,
EXT0296,栗子[板栗],板栗,坚果种子类-树坚果,182.0,3.8,0.9,40.7,2.1,栗子[板栗],栗子[板栗]，板栗,坚果及种子,种子,坚果种子类-树坚果,100g,100,g,,,,未明确,,,原始数据库（来源待追溯）,原始导入,未提供,2026-06-25,低,否,否,否,EXT0296,同名冲突待核验,原始数据保留；新增结构字段为规则化整理结果。,,182,
EXT0297,栗子[板栗],板栗,坚果种子类-树坚果,183.0,4.3,1.1,39.9,1.8,栗子[板栗],栗子[板栗]，板栗,坚果及种子,种子,坚果种子类-树坚果,100g,100,g,,,,未明确,,,原始数据库（来源待追溯）,原始导入,未提供,2026-06-25,低,否,否,否,EXT0297,同名冲突待核验,原始数据保留；新增结构字段为规则化整理结果。,,183,
EXT0298,栗子仁（熟）,,坚果种子类-树坚果,194.0,4.5,1.5,45.7,0.0,栗子仁（熟）,栗子仁（熟）,坚果及种子,种子,坚果种子类-树坚果,100g,100,g,,,,熟,,,原始数据库（来源待追溯）,原始导入,未提供,2026-06-25,中,否,否,是,EXT0298,待来源追溯,原始数据保留；新增结构字段为规则化整理结果。,,194,
EXT0299,松子（熟）,熟松子，开口松子,坚果种子类-树坚果,553.0,12.9,40.4,40.3,0.0,松子（熟）,松子（熟），熟松子，开口松子,坚果及种子,种子,坚果种子类-树坚果,100g,100,g,,,,熟,,,原始数据库（来源待追溯）,原始导入,未提供,2026-06-25,中,否,否,是,EXT0299,待来源追溯,原始数据保留；新增结构字段为规则化整理结果。,,553,
EXT0300,杏仁（熟，带壳）,苦杏仁，北杏，杏核仁,坚果种子类-树坚果,648.0,25.1,58.4,11.0,0.0,杏仁（熟，带壳）,杏仁（熟，带壳），苦杏仁，北杏，杏核仁,坚果及种子,种子,坚果种子类-树坚果,100g,100,g,,,,熟,,,原始数据库（来源待追溯）,原始导入,未提供,2026-06-25,中,否,否,是,EXT0300,待来源追溯,原始数据保留；新增结构字段为规则化整理结果。,,648,
EXT0301,杏仁（熟，去壳）,苦杏仁，北杏，杏核仁,坚果种子类-树坚果,625.0,28.0,54.4,11.1,0.0,杏仁（熟，去壳）,杏仁（熟，去壳），苦杏仁，北杏，杏核仁,坚果及种子,种子,坚果种子类-树坚果,100g,100,g,,,,熟,,,原始数据库（来源待追溯）,原始导入,未提供,2026-06-25,中,否,否,是,EXT0301,待来源追溯,原始数据保留；新增结构字段为规则化整理结果。,,625,
EXT0302,腰果（熟）,鸡腰果，介寿果，树花生,坚果种子类-树坚果,615.0,24.0,50.9,20.4,10.4,腰果（熟）,腰果（熟），鸡腰果，介寿果，树花生,坚果及种子,种子,坚果种子类-树坚果,100g,100,g,,,,熟,,,原始数据库（来源待追溯）,原始导入,未提供,2026-06-25,中,否,否,是,EXT0302,待来源追溯,原始数据保留；新增结构字段为规则化整理结果。,,615,
EXT0303,榛子（熟）,,坚果种子类-树坚果,642.0,12.5,57.3,25.6,12.9,榛子（熟）,榛子（熟）,坚果及种子,种子,坚果种子类-树坚果,100g,100,g,,,,熟,,,原始数据库（来源待追溯）,原始导入,未提供,2026-06-25,中,否,否,是,EXT0303,待来源追溯,原始数据保留；新增结构字段为规则化整理结果。,,642,
EXT0304,榛子仁（熟）,,坚果种子类-树坚果,628.0,15.6,52.9,26.7,0.0,榛子仁（熟）,榛子仁（熟）,坚果及种子,种子,坚果种子类-树坚果,100g,100,g,,,,熟,,,原始数据库（来源待追溯）,原始导入,未提供,2026-06-25,中,否,否,是,EXT0304,待来源追溯,原始数据保留；新增结构字段为规则化整理结果。,,628,
EXT0305,开心果（熟）,阿月浑子，必思答，绿仁果,坚果种子类-树坚果,631.0,20.6,53.0,21.9,8.2,开心果（熟）,开心果（熟），阿月浑子，必思答，绿仁果,坚果及种子,种子,坚果种子类-树坚果,100g,100,g,,,,熟,,,原始数据库（来源待追溯）,原始导入,未提供,2026-06-25,中,否,否,是,EXT0305,待来源追溯,原始数据保留；新增结构字段为规则化整理结果。,,631,
EXT0306,香榧（熟）,,坚果种子类-树坚果,644.0,12.4,57.0,26.9,0.0,香榧（熟）,香榧（熟）,坚果及种子,种子,坚果种子类-树坚果,100g,100,g,,,,熟,,,原始数据库（来源待追溯）,原始导入,未提供,2026-06-25,中,否,否,是,EXT0306,待来源追溯,原始数据保留；新增结构字段为规则化整理结果。,,644,
EXT0307,胡麻子,,坚果种子类-种子,450.0,19.1,30.7,39.5,30.2,胡麻子,胡麻子,坚果及种子,种子,坚果种子类-种子,100g,100,g,,,,未明确,,,原始数据库（来源待追溯）,原始导入,未提供,2026-06-25,中,否,否,是,EXT0307,待来源追溯,原始数据保留；新增结构字段为规则化整理结果。,,450,
EXT0308,"花生（鲜）[落花生,长生果]",落花生，长生果,坚果种子类-种子,313.0,12.0,25.4,13.0,7.7,"花生（鲜）[落花生,长生果]","花生（鲜）[落花生,长生果]，落花生，长生果",坚果及种子,种子,坚果种子类-种子,100g,100,g,,,,生/鲜,,,原始数据库（来源待追溯）,原始导入,未提供,2026-06-25,中,否,否,是,EXT0308,待来源追溯,原始数据保留；新增结构字段为规则化整理结果。,,313,
EXT0309,花生（炒）,炒花生，五香花生,坚果种子类-种子,601.0,21.7,48.0,23.8,6.3,花生（炒）,花生（炒），炒花生，五香花生,坚果及种子,种子,坚果种子类-种子,100g,100,g,,,,生/鲜,炒,,原始数据库（来源待追溯）,原始导入,未提供,2026-06-25,中,否,否,是,EXT0309,待来源追溯,原始数据保留；新增结构字段为规则化整理结果。,,601,
EXT0310,花生仁（生）,花生米，落花生仁，生花生,坚果种子类-种子,574.0,24.8,44.3,21.7,5.5,花生仁（生）,花生仁（生），花生米，落花生仁，生花生,坚果及种子,种子,坚果种子类-种子,100g,100,g,,,,生/鲜,,,原始数据库（来源待追溯）,原始导入,未提供,2026-06-25,中,否,否,是,EXT0310,待来源追溯,原始数据保留；新增结构字段为规则化整理结果。,,574,
EXT0311,花生仁（炒）,炒花生米，炒花生仁,坚果种子类-种子,589.0,23.9,44.4,25.7,4.3,花生仁（炒）,花生仁（炒），炒花生米，炒花生仁,坚果及种子,种子,坚果种子类-种子,100g,100,g,,,,生/鲜,炒,,原始数据库（来源待追溯）,原始导入,未提供,2026-06-25,中,否,否,是,EXT0311,待来源追溯,原始数据保留；新增结构字段为规则化整理结果。,,589,
EXT0312,葵花子（生）,葵瓜子，向日葵子，瓜子,坚果种子类-种子,609.0,23.9,49.9,19.1,6.1,葵花子（生）,葵花子（生），葵瓜子，向日葵子，瓜子,坚果及种子,种子,坚果种子类-种子,100g,100,g,,,,生/鲜,,,原始数据库（来源待追溯）,原始导入,未提供,2026-06-25,中,否,否,是,EXT0312,待来源追溯,原始数据保留；新增结构字段为规则化整理结果。,,609,
EXT0313,葵花子（炒，咸）,,坚果种子类-种子,625.0,22.6,52.8,17.3,4.8,葵花子（炒，咸）,葵花子（炒，咸）,坚果及种子,种子,坚果种子类-种子,100g,100,g,,,,未明确,炒,,原始数据库（来源待追溯）,原始导入,未提供,2026-06-25,中,否,否,是,EXT0313,待来源追溯,原始数据保留；新增结构字段为规则化整理结果。,,625,
EXT0314,葵花子仁,,坚果种子类-种子,615.0,19.1,53.4,16.7,4.5,葵花子仁,葵花子仁,坚果及种子,种子,坚果种子类-种子,100g,100,g,,,,未明确,,,原始数据库（来源待追溯）,原始导入,未提供,2026-06-25,中,否,否,是,EXT0314,待来源追溯,原始数据保留；新增结构字段为规则化整理结果。,,615,
EXT0315,莲子（干）,莲蓬子，藕实，水芝丹,坚果种子类-种子,350.0,17.2,2.0,67.2,3.0,莲子（干）,莲子（干），莲蓬子，藕实，水芝丹,坚果及种子,种子,坚果种子类-种子,100g,100,g,,,,干制,,,原始数据库（来源待追溯）,原始导入,未提供,2026-06-25,中,否,否,是,EXT0315,待来源追溯,原始数据保留；新增结构字段为规则化整理结果。,,350,
EXT0316,莲子（糖水罐头）,,坚果种子类-种子,202.0,2.8,0.5,46.9,0.7,莲子（糖水罐头）,莲子（糖水罐头）,坚果及种子,种子,坚果种子类-种子,100g,100,g,,,,未明确,,,原始数据库（来源待追溯）,原始导入,未提供,2026-06-25,中,否,否,是,EXT0316,待来源追溯,原始数据保留；新增结构字段为规则化整理结果。,,202,
EXT0317,南瓜子（炒）[白瓜子],白瓜子,坚果种子类-种子,582.0,36.0,46.1,7.9,4.1,南瓜子（炒）[白瓜子],南瓜子（炒）[白瓜子]，白瓜子,坚果及种子,种子,坚果种子类-种子,100g,100,g,,,,未明确,炒,,原始数据库（来源待追溯）,原始导入,未提供,2026-06-25,中,否,否,是,EXT0317,待来源追溯,原始数据保留；新增结构字段为规则化整理结果。,,582,
EXT0318,南瓜子仁,白瓜子，南瓜籽，金瓜子,坚果种子类-种子,576.0,33.2,48.1,4.9,4.9,南瓜子仁,南瓜子仁，白瓜子，南瓜籽，金瓜子,坚果及种子,种子,坚果种子类-种子,100g,100,g,,,,未明确,,,原始数据库（来源待追溯）,原始导入,未提供,2026-06-25,中,否,否,是,EXT0318,待来源追溯,原始数据保留；新增结构字段为规则化整理结果。,,576,
EXT0319,西瓜子（炒）,炒西瓜子，五香黑瓜子,坚果种子类-种子,582.0,32.7,44.8,14.2,4.5,西瓜子（炒）,西瓜子（炒），炒西瓜子，五香黑瓜子,坚果及种子,种子,坚果种子类-种子,100g,100,g,,,,未明确,炒,,原始数据库（来源待追溯）,原始导入,未提供,2026-06-25,中,否,否,是,EXT0319,待来源追溯,原始数据保留；新增结构字段为规则化整理结果。,,582,
EXT0320,西瓜子,黑瓜子，西瓜籽,坚果种子类-种子,567.0,30.3,46.5,13.4,13.2,西瓜子,西瓜子，黑瓜子，西瓜籽,坚果及种子,种子,坚果种子类-种子,100g,100,g,,,,未明确,,,原始数据库（来源待追溯）,原始导入,未提供,2026-06-25,低,否,否,否,EXT0320,同名冲突待核验,原始数据保留；新增结构字段为规则化整理结果。,,567,
EXT0321,西瓜子仁,黑瓜子，西瓜籽,坚果种子类-种子,566.0,32.4,45.9,8.6,5.4,西瓜子仁,西瓜子仁，黑瓜子，西瓜籽,坚果及种子,种子,坚果种子类-种子,100g,100,g,,,,未明确,,,原始数据库（来源待追溯）,原始导入,未提供,2026-06-25,中,否,否,是,EXT0321,待来源追溯,原始数据保留；新增结构字段为规则化整理结果。,,566,
EXT0322,芝麻子（白）,,坚果种子类-种子,536.0,18.4,39.6,31.5,9.8,芝麻子（白）,芝麻子（白）,坚果及种子,种子,坚果种子类-种子,100g,100,g,,,,未明确,,,原始数据库（来源待追溯）,原始导入,未提供,2026-06-25,中,否,否,是,EXT0322,待来源追溯,原始数据保留；新增结构字段为规则化整理结果。,,536,
EXT0323,芝麻子（黑）,,坚果种子类-种子,559.0,19.1,46.1,24.0,14.0,芝麻子（黑）,芝麻子（黑）,坚果及种子,种子,坚果种子类-种子,100g,100,g,,,,未明确,,,原始数据库（来源待追溯）,原始导入,未提供,2026-06-25,中,否,否,是,EXT0323,待来源追溯,原始数据保留；新增结构字段为规则化整理结果。,,559,
EXT0324,芡实米（鲜）[鸡头米],鸡头米,坚果种子类-种子,145.0,4.4,0.2,31.5,0.4,芡实米（鲜）[鸡头米],芡实米（鲜）[鸡头米]，鸡头米,坚果及种子,种子,坚果种子类-种子,100g,100,g,,,,生/鲜,,,原始数据库（来源待追溯）,原始导入,未提供,2026-06-25,中,否,否,是,EXT0324,待来源追溯,原始数据保留；新增结构字段为规则化整理结果。,,145,
EXT0325,芡实米（干）[鸡头米],鸡头米,坚果种子类-种子,352.0,8.3,0.3,79.6,0.9,芡实米（干）[鸡头米],芡实米（干）[鸡头米]，鸡头米,坚果及种子,种子,坚果种子类-种子,100g,100,g,,,,干制,,,原始数据库（来源待追溯）,原始导入,未提供,2026-06-25,中,否,否,是,EXT0325,待来源追溯,原始数据保留；新增结构字段为规则化整理结果。,,352,
EXT0326,花生（烤，勤俭牌）,,坚果种子类-种子,586.0,26.4,46.3,21.2,10.4,花生（烤，勤俭牌）,花生（烤，勤俭牌）,坚果及种子,种子,坚果种子类-种子,100g,100,g,,,,生/鲜,烤,,原始数据库（来源待追溯）,原始导入,未提供,2026-06-25,中,否,否,是,EXT0326,待来源追溯,原始数据保留；新增结构字段为规则化整理结果。,,586,
EXT0327,花生（烤，密日兴牌）,,坚果种子类-种子,475.0,16.6,22.3,55.9,7.9,花生（烤，密日兴牌）,花生（烤，密日兴牌）,坚果及种子,种子,坚果种子类-种子,100g,100,g,,,,生/鲜,烤,,原始数据库（来源待追溯）,原始导入,未提供,2026-06-25,中,否,否,是,EXT0327,待来源追溯,原始数据保留；新增结构字段为规则化整理结果。,,475,
EXT0328,花生仁（油炸）,,坚果种子类-种子,583.0,22.2,47.1,26.2,17.2,花生仁（油炸）,花生仁（油炸）,坚果及种子,种子,坚果种子类-种子,100g,100,g,,,,生/鲜,炸,,原始数据库（来源待追溯）,原始导入,未提供,2026-06-25,中,否,否,是,EXT0328,待来源追溯,原始数据保留；新增结构字段为规则化整理结果。,,583,
EXT0329,葵花子（熟，奶油香）,黄油，白脱，乳脂，淡奶油,坚果种子类-种子,620.0,22.7,54.1,17.9,14.6,葵花子（熟，奶油香）,葵花子（熟，奶油香），黄油，白脱，乳脂，淡奶油,油脂,动物油及其他油脂,坚果种子类-种子,100g,100,g,,,,熟,,,原始数据库（来源待追溯）,原始导入,未提供,2026-06-25,中,否,否,是,EXT0329,待来源追溯,原始数据保留；新增结构字段为规则化整理结果。,,620,
EXT0330,葵花子（熟，原味）,,坚果种子类-种子,591.0,28.5,49.0,15.1,8.2,葵花子（熟，原味）,葵花子（熟，原味）,坚果及种子,种子,坚果种子类-种子,100g,100,g,,,,熟,,,原始数据库（来源待追溯）,原始导入,未提供,2026-06-25,中,否,否,是,EXT0330,待来源追溯,原始数据保留；新增结构字段为规则化整理结果。,,591,
EXT0331,南瓜子（熟）[白瓜子],白瓜子,坚果种子类-种子,615.0,26.6,52.8,12.9,9.1,南瓜子（熟）[白瓜子],南瓜子（熟）[白瓜子]，白瓜子,坚果及种子,种子,坚果种子类-种子,100g,100,g,,,,熟,,,原始数据库（来源待追溯）,原始导入,未提供,2026-06-25,中,否,否,是,EXT0331,待来源追溯,原始数据保留；新增结构字段为规则化整理结果。,,615,
EXT0332,西瓜子（熟）[黑瓜子],黑瓜子,坚果种子类-种子,550.0,29.0,46.0,9.5,8.9,西瓜子（熟）[黑瓜子],西瓜子（熟）[黑瓜子]，黑瓜子,坚果及种子,种子,坚果种子类-种子,100g,100,g,,,,熟,,,原始数据库（来源待追溯）,原始导入,未提供,2026-06-25,中,否,否,是,EXT0332,待来源追溯,原始数据保留；新增结构字段为规则化整理结果。,,550,
EXT0333,扁豆（干）,峨眉豆，眉豆，沿篱豆,干豆类及其制品-其他,339.0,25.3,0.4,61.9,6.5,扁豆（干）,扁豆（干），峨眉豆，眉豆，沿篱豆,豆类及豆制品,豆类,干豆类及其制品-其他,100g,100,g,,,,干制,,,原始数据库（来源待追溯）,原始导入,未提供,2026-06-25,中,否,否,是,EXT0333,待来源追溯,原始数据保留；新增结构字段为规则化整理结果。,,339,
EXT0334,扁豆（干，白）,峨眉豆，眉豆，沿篱豆,干豆类及其制品-其他,283.0,19.0,1.3,55.6,13.4,扁豆（干，白）,扁豆（干，白），峨眉豆，眉豆，沿篱豆,豆类及豆制品,豆类,干豆类及其制品-其他,100g,100,g,,,,干制,,,原始数据库（来源待追溯）,原始导入,未提供,2026-06-25,中,否,否,是,EXT0334,待来源追溯,原始数据保留；新增结构字段为规则化整理结果。,,283,
EXT0335,眉豆（干）[饭豇豆],饭豇豆,干豆类及其制品-其他,334.0,18.6,1.1,65.6,6.6,眉豆（干）[饭豇豆],眉豆（干）[饭豇豆]，饭豇豆,豆类及豆制品,豆类,干豆类及其制品-其他,100g,100,g,,,,干制,,,原始数据库（来源待追溯）,原始导入,未提供,2026-06-25,中,否,否,是,EXT0335,待来源追溯,原始数据保留；新增结构字段为规则化整理结果。,,334,
EXT0336,豇豆（干）,豆角（干），长豇豆,干豆类及其制品-其他,336.0,19.3,1.2,65.6,7.1,豇豆（干）,豇豆（干），豆角（干），长豇豆,豆类及豆制品,豆类,干豆类及其制品-其他,100g,100,g,,,,干制,,,原始数据库（来源待追溯）,原始导入,未提供,2026-06-25,中,否,否,是,EXT0336,待来源追溯,原始数据保留；新增结构字段为规则化整理结果。,,336,
EXT0337,豇豆（干，紫）,豆角（干），长豇豆,干豆类及其制品-其他,329.0,18.9,0.4,65.8,6.9,豇豆（干，紫）,豇豆（干，紫），豆角（干），长豇豆,豆类及豆制品,豆类,干豆类及其制品-其他,100g,100,g,,,,干制,,,原始数据库（来源待追溯）,原始导入,未提供,2026-06-25,中,否,否,是,EXT0337,待来源追溯,原始数据保留；新增结构字段为规则化整理结果。,,329,
EXT0338,豇豆（煮）,豆角（干），长豇豆,干豆类及其制品-其他,133.0,9.5,0.6,24.0,1.8,豇豆（煮）,豇豆（煮），豆角（干），长豇豆,豆类及豆制品,豆类,干豆类及其制品-其他,100g,100,g,,,,未明确,煮,,原始数据库（来源待追溯）,原始导入,未提供,2026-06-25,中,否,否,是,EXT0338,待来源追溯,原始数据保留；新增结构字段为规则化整理结果。,,133,
EXT0339,豌豆（干）,麦豆，寒豆，雪豆,干豆类及其制品-其他,334.0,20.3,1.1,65.8,10.4,豌豆（干）,豌豆（干），麦豆，寒豆，雪豆,豆类及豆制品,豆类,干豆类及其制品-其他,100g,100,g,,,,干制,,,原始数据库（来源待追溯）,原始导入,未提供,2026-06-25,中,否,否,是,EXT0339,待来源追溯,原始数据保留；新增结构字段为规则化整理结果。,,334,
EXT0340,豌豆（花）,麦豆，寒豆，雪豆,干豆类及其制品-其他,336.0,21.6,1.0,63.6,6.9,豌豆（花）,豌豆（花），麦豆，寒豆，雪豆,豆类及豆制品,豆类,干豆类及其制品-其他,100g,100,g,,,,未明确,,,原始数据库（来源待追溯）,原始导入,未提供,2026-06-25,中,否,否,是,EXT0340,待来源追溯,原始数据保留；新增结构字段为规则化整理结果。,,336,
EXT0341,豌豆（煮）,麦豆，寒豆，雪豆,干豆类及其制品-其他,107.0,8.9,0.3,19.2,2.4,豌豆（煮）,豌豆（煮），麦豆，寒豆，雪豆,豆类及豆制品,豆类,干豆类及其制品-其他,100g,100,g,,,,未明确,煮,,原始数据库（来源待追溯）,原始导入,未提供,2026-06-25,中,否,否,是,EXT0341,待来源追溯,原始数据保留；新增结构字段为规则化整理结果。,,107,
EXT0342,鹰嘴豆[桃豆],桃豆,干豆类及其制品-其他,340.0,21.2,4.2,60.1,11.6,鹰嘴豆[桃豆],鹰嘴豆[桃豆]，桃豆,豆类及豆制品,豆类,干豆类及其制品-其他,100g,100,g,,,,未明确,,,原始数据库（来源待追溯）,原始导入,未提供,2026-06-25,中,否,否,是,EXT0342,待来源追溯,原始数据保留；新增结构字段为规则化整理结果。,,340,
EXT0343,荆豆（干）,,干豆类及其制品-其他,407.0,43.6,14.3,28.5,5.2,荆豆（干）,荆豆（干）,豆类及豆制品,豆类,干豆类及其制品-其他,100g,100,g,,,,干制,,,原始数据库（来源待追溯）,原始导入,未提供,2026-06-25,中,否,否,是,EXT0343,待来源追溯,原始数据保留；新增结构字段为规则化整理结果。,,407,
EXT0344,木豆（干）[扭豆，豆蓉],扭豆，豆蓉,干豆类及其制品-其他,348.0,19.8,4.5,58.8,3.7,木豆（干）[扭豆，豆蓉],木豆（干）[扭豆，豆蓉]，扭豆，豆蓉,豆类及豆制品,豆类,干豆类及其制品-其他,100g,100,g,,,,干制,,,原始数据库（来源待追溯）,原始导入,未提供,2026-06-25,中,否,否,是,EXT0344,待来源追溯,原始数据保留；新增结构字段为规则化整理结果。,,348,
EXT0345,黄豆 [大豆],大豆,干豆类及其制品-大豆,390.0,35.0,16.0,34.2,15.5,黄豆 [大豆],黄豆 [大豆]，大豆,豆类及豆制品,豆类,干豆类及其制品-大豆,100g,100,g,,,,未明确,,,原始数据库（来源待追溯）,原始导入,未提供,2026-06-25,中,否,否,是,EXT0345,待来源追溯,原始数据保留；新增结构字段为规则化整理结果。,,390,
EXT0346,黑豆（干）[黑大豆],黑大豆,干豆类及其制品-大豆,401.0,36.0,15.9,33.6,10.2,黑豆（干）[黑大豆],黑豆（干）[黑大豆]，黑大豆,豆类及豆制品,豆类,干豆类及其制品-大豆,100g,100,g,,,,干制,,,原始数据库（来源待追溯）,原始导入,未提供,2026-06-25,中,否,否,是,EXT0346,待来源追溯,原始数据保留；新增结构字段为规则化整理结果。,,401,
EXT0347,青豆（干）[青大豆],青大豆,干豆类及其制品-大豆,398.0,34.5,16.0,35.4,12.6,青豆（干）[青大豆],青豆（干）[青大豆]，青大豆,豆类及豆制品,豆类,干豆类及其制品-大豆,100g,100,g,,,,干制,,,原始数据库（来源待追溯）,原始导入,未提供,2026-06-25,中,否,否,是,EXT0347,待来源追溯,原始数据保留；新增结构字段为规则化整理结果。,,398,
EXT0348,黄豆,大豆，黄大豆，菽,干豆类及其制品-大豆,407.0,33.1,15.9,37.3,9.0,黄豆,黄豆，大豆，黄大豆，菽,豆类及豆制品,豆类,干豆类及其制品-大豆,100g,100,g,,,,未明确,,,原始数据库（来源待追溯）,原始导入,未提供,2026-06-25,中,否,否,是,EXT0348,待来源追溯,原始数据保留；新增结构字段为规则化整理结果。,,407,
EXT0349,黄豆粉,大豆粉，豆浆粉,干豆类及其制品-大豆,432.0,32.7,18.3,37.6,7.0,黄豆粉,黄豆粉，大豆粉，豆浆粉,豆类及豆制品,豆类,干豆类及其制品-大豆,100g,100,g,,,,未明确,,,原始数据库（来源待追溯）,原始导入,未提供,2026-06-25,中,否,否,是,EXT0349,待来源追溯,原始数据保留；新增结构字段为规则化整理结果。,,432,
EXT0350,豆腐花 [豆腐粉],豆腐粉,干豆类及其制品-大豆,401.0,10.0,2.6,84.3,0.0,豆腐花 [豆腐粉],豆腐花 [豆腐粉]，豆腐粉,豆类及豆制品,豆制品,干豆类及其制品-大豆,100g,100,g,,,,未明确,,,原始数据库（来源待追溯）,原始导入,未提供,2026-06-25,中,否,否,是,EXT0350,待来源追溯,原始数据保留；新增结构字段为规则化整理结果。,,401,
EXT0351,豆浆粉,速溶豆浆粉，豆奶粉,干豆类及其制品-大豆,426.0,19.7,9.4,66.8,2.2,豆浆粉,豆浆粉，速溶豆浆粉，豆奶粉,豆类及豆制品,豆制品,干豆类及其制品-大豆,100g,100,g,,,,未明确,,,原始数据库（来源待追溯）,原始导入,未提供,2026-06-25,中,否,否,是,EXT0351,待来源追溯,原始数据保留；新增结构字段为规则化整理结果。,,426,
EXT0352,豆奶粉（维维牌）,豆乳，豆浆，植物奶,干豆类及其制品-大豆,421.0,19.4,9.4,65.2,1.0,豆奶粉（维维牌）,豆奶粉（维维牌），豆乳，豆浆，植物奶,奶及乳制品,奶粉,干豆类及其制品-大豆,100g,100,g,,,,未明确,,,原始数据库（来源待追溯）,原始导入,未提供,2026-06-25,中,否,否,是,EXT0352,待来源追溯,原始数据保留；新增结构字段为规则化整理结果。,,421,
EXT0353,豆奶粉（多力牌）,豆乳，豆浆，植物奶,干豆类及其制品-大豆,405.0,12.3,6.5,76.4,0.0,豆奶粉（多力牌）,豆奶粉（多力牌），豆乳，豆浆，植物奶,奶及乳制品,奶粉,干豆类及其制品-大豆,100g,100,g,,,,未明确,,,原始数据库（来源待追溯）,原始导入,未提供,2026-06-25,中,否,否,是,EXT0353,待来源追溯,原始数据保留；新增结构字段为规则化整理结果。,,405,
EXT0354,豆奶粉（大磨牌）,豆乳，豆浆，植物奶,干豆类及其制品-大豆,432.0,27.4,13.0,51.6,0.3,豆奶粉（大磨牌）,豆奶粉（大磨牌），豆乳，豆浆，植物奶,奶及乳制品,奶粉,干豆类及其制品-大豆,100g,100,g,,,,未明确,,,原始数据库（来源待追溯）,原始导入,未提供,2026-06-25,中,否,否,是,EXT0354,待来源追溯,原始数据保留；新增结构字段为规则化整理结果。,,432,
EXT0355,豆腐（代表值）,,干豆类及其制品-大豆,84.0,6.6,5.3,3.4,0.0,豆腐（代表值）,豆腐（代表值）,豆类及豆制品,豆制品,干豆类及其制品-大豆,100g,100,g,,,,未明确,,,原始数据库（来源待追溯）,原始导入,未提供,2026-06-25,中,否,否,是,EXT0355,待来源追溯,原始数据保留；新增结构字段为规则化整理结果。,,84,
EXT0356,豆腐（内酯）,内酯豆腐，绢豆腐,干豆类及其制品-大豆,50.0,5.0,1.9,3.3,0.4,豆腐（内酯）,豆腐（内酯），内酯豆腐，绢豆腐,豆类及豆制品,豆制品,干豆类及其制品-大豆,100g,100,g,,,,未明确,,,原始数据库（来源待追溯）,原始导入,未提供,2026-06-25,中,否,否,是,EXT0356,待来源追溯,原始数据保留；新增结构字段为规则化整理结果。,,50,
EXT0357,豆腐脑 [老豆腐],老豆腐,干豆类及其制品-大豆,15.0,1.9,0.8,0.0,0.0,豆腐脑 [老豆腐],豆腐脑 [老豆腐]，老豆腐,豆类及豆制品,豆制品,干豆类及其制品-大豆,100g,100,g,,,,未明确,,,原始数据库（来源待追溯）,原始导入,未提供,2026-06-25,中,否,否,是,EXT0357,待来源追溯,原始数据保留；新增结构字段为规则化整理结果。,,15,
EXT0358,豆腐（北豆腐）,,干豆类及其制品-大豆,116.0,9.2,8.1,3.0,0.0,豆腐（北豆腐）,豆腐（北豆腐）,豆类及豆制品,豆制品,干豆类及其制品-大豆,100g,100,g,,,,未明确,,,原始数据库（来源待追溯）,原始导入,未提供,2026-06-25,中,否,否,是,EXT0358,待来源追溯,原始数据保留；新增结构字段为规则化整理结果。,,116,
EXT0359,豆腐（南豆腐）,,干豆类及其制品-大豆,87.0,5.7,5.8,3.9,0.0,豆腐（南豆腐）,豆腐（南豆腐）,豆类及豆制品,豆制品,干豆类及其制品-大豆,100g,100,g,,,,未明确,,,原始数据库（来源待追溯）,原始导入,未提供,2026-06-25,中,否,否,是,EXT0359,待来源追溯,原始数据保留；新增结构字段为规则化整理结果。,,87,
EXT0360,豆奶 [豆乳],豆乳,干豆类及其制品-大豆,30.0,2.4,1.5,1.8,0.0,豆奶 [豆乳],豆奶 [豆乳]，豆乳,豆类及豆制品,豆类,干豆类及其制品-大豆,100g,100,g,,,,未明确,,,原始数据库（来源待追溯）,原始导入,未提供,2026-06-25,中,否,否,是,EXT0360,待来源追溯,原始数据保留；新增结构字段为规则化整理结果。,,30,
EXT0361,豆汁（生）,,干豆类及其制品-大豆,10.0,0.9,0.1,1.4,0.1,豆汁（生）,豆汁（生）,豆类及豆制品,豆类,干豆类及其制品-大豆,100g,100,g,,,,生/鲜,,,原始数据库（来源待追溯）,原始导入,未提供,2026-06-25,中,否,否,是,EXT0361,待来源追溯,原始数据保留；新增结构字段为规则化整理结果。,,10,
EXT0362,酸豆奶,豆乳，豆浆，植物奶,干豆类及其制品-大豆,67.0,2.2,1.2,11.8,0.0,酸豆奶,酸豆奶，豆乳，豆浆，植物奶,豆类及豆制品,豆类,干豆类及其制品-大豆,100g,100,g,,,,未明确,,,原始数据库（来源待追溯）,原始导入,未提供,2026-06-25,中,否,否,是,EXT0362,待来源追溯,原始数据保留；新增结构字段为规则化整理结果。,,67,
EXT0363,豆浆,豆奶，豆汁，豆浆水,干豆类及其制品-大豆,31.0,3.0,1.6,1.2,0.0,豆浆,豆浆，豆奶，豆汁，豆浆水,豆类及豆制品,豆制品,干豆类及其制品-大豆,100g,100,g,,,,未明确,,,原始数据库（来源待追溯）,原始导入,未提供,2026-06-25,低,否,否,否,EXT0363,同名冲突待核验,原始数据保留；新增结构字段为规则化整理结果。,,31,
EXT0364,豆浆（甜）,甜豆浆，甜豆奶，加糖豆浆,干豆类及其制品-大豆,34.0,2.4,0.5,4.9,0.1,豆浆（甜）,豆浆（甜），甜豆浆，甜豆奶，加糖豆浆,豆类及豆制品,豆制品,干豆类及其制品-大豆,100g,100,g,,,,未明确,,,原始数据库（来源待追溯）,原始导入,未提供,2026-06-25,中,否,否,是,EXT0364,待来源追溯,原始数据保留；新增结构字段为规则化整理结果。,,34,
EXT0365,豆腐丝,干豆腐丝，豆皮丝,干豆类及其制品-大豆,203.0,21.5,10.5,6.2,1.1,豆腐丝,豆腐丝，干豆腐丝，豆皮丝,豆类及豆制品,豆制品,干豆类及其制品-大豆,100g,100,g,,,,未明确,,,原始数据库（来源待追溯）,原始导入,未提供,2026-06-25,中,否,否,是,EXT0365,待来源追溯,原始数据保留；新增结构字段为规则化整理结果。,,203,
EXT0366,豆腐丝（干）,干豆腐丝，豆皮丝,干豆类及其制品-大豆,451.0,57.7,22.8,3.7,0.0,豆腐丝（干）,豆腐丝（干），干豆腐丝，豆皮丝,豆类及豆制品,豆制品,干豆类及其制品-大豆,100g,100,g,,,,干制,,,原始数据库（来源待追溯）,原始导入,未提供,2026-06-25,中,否,否,是,EXT0366,待来源追溯,原始数据保留；新增结构字段为规则化整理结果。,,451,
EXT0367,豆腐丝（油）,干豆腐丝，豆皮丝,干豆类及其制品-大豆,304.0,24.2,17.1,14.5,2.2,豆腐丝（油）,豆腐丝（油），干豆腐丝，豆皮丝,豆类及豆制品,豆制品,干豆类及其制品-大豆,100g,100,g,,,,未明确,,,原始数据库（来源待追溯）,原始导入,未提供,2026-06-25,中,否,否,是,EXT0367,待来源追溯,原始数据保留；新增结构字段为规则化整理结果。,,304,
EXT0368,豆腐卷,,干豆类及其制品-大豆,203.0,17.9,11.6,7.2,1.0,豆腐卷,豆腐卷,豆类及豆制品,豆制品,干豆类及其制品-大豆,100g,100,g,,,,未明确,,,原始数据库（来源待追溯）,原始导入,未提供,2026-06-25,中,否,否,是,EXT0368,待来源追溯,原始数据保留；新增结构字段为规则化整理结果。,,203,
EXT0369,油豆腐,,干豆类及其制品-大豆,245.0,17.0,17.6,4.9,0.6,油豆腐,油豆腐,豆类及豆制品,豆制品,干豆类及其制品-大豆,100g,100,g,,,,未明确,,,原始数据库（来源待追溯）,原始导入,未提供,2026-06-25,中,否,否,是,EXT0369,待来源追溯,原始数据保留；新增结构字段为规则化整理结果。,,245,
EXT0370,腐竹,支竹，腐皮棍，豆腐棍，豆筋,干豆类及其制品-大豆,461.0,44.6,21.7,22.3,1.0,腐竹,腐竹，支竹，腐皮棍，豆腐棍，豆筋,豆类及豆制品,豆制品,干豆类及其制品-大豆,100g,100,g,,,,未明确,,,原始数据库（来源待追溯）,原始导入,未提供,2026-06-25,低,否,否,否,EXT0370,同名冲突待核验,原始数据保留；新增结构字段为规则化整理结果。,,461,
EXT0371,枝竹,,干豆类及其制品-大豆,478.0,44.4,24.7,20.8,2.7,枝竹,枝竹,豆类及豆制品,豆类,干豆类及其制品-大豆,100g,100,g,,,,未明确,,,原始数据库（来源待追溯）,原始导入,未提供,2026-06-25,中,否,否,是,EXT0371,待来源追溯,原始数据保留；新增结构字段为规则化整理结果。,,478,
EXT0372,千张 [百页],百页,干豆类及其制品-大豆,262.0,24.5,16.0,5.5,1.0,千张 [百页],千张 [百页]，百页,豆类及豆制品,豆类,干豆类及其制品-大豆,100g,100,g,,,,未明确,,,原始数据库（来源待追溯）,原始导入,未提供,2026-06-25,中,否,否,是,EXT0372,待来源追溯,原始数据保留；新增结构字段为规则化整理结果。,,262,
EXT0373,豆腐干（代表值）,,干豆类及其制品-大豆,197.0,14.9,11.3,9.6,0.0,豆腐干（代表值）,豆腐干（代表值）,豆类及豆制品,豆制品,干豆类及其制品-大豆,100g,100,g,,,,未明确,,,原始数据库（来源待追溯）,原始导入,未提供,2026-06-25,中,否,否,是,EXT0373,待来源追溯,原始数据保留；新增结构字段为规则化整理结果。,,197,
EXT0374,豆腐干（菜干）,,干豆类及其制品-大豆,137.0,13.4,7.1,5.0,0.3,豆腐干（菜干）,豆腐干（菜干）,豆类及豆制品,豆制品,干豆类及其制品-大豆,100g,100,g,,,,未明确,,,原始数据库（来源待追溯）,原始导入,未提供,2026-06-25,中,否,否,是,EXT0374,待来源追溯,原始数据保留；新增结构字段为规则化整理结果。,,137,
EXT0375,豆腐干（臭干）,,干豆类及其制品-大豆,99.0,10.2,4.6,4.5,0.4,豆腐干（臭干）,豆腐干（臭干）,豆类及豆制品,豆制品,干豆类及其制品-大豆,100g,100,g,,,,未明确,,,原始数据库（来源待追溯）,原始导入,未提供,2026-06-25,中,否,否,是,EXT0375,待来源追溯,原始数据保留；新增结构字段为规则化整理结果。,,99,
EXT0376,豆腐干（酱油干）,,干豆类及其制品-大豆,157.0,14.9,9.1,4.0,0.3,豆腐干（酱油干）,豆腐干（酱油干）,豆类及豆制品,豆制品,干豆类及其制品-大豆,100g,100,g,,,,未明确,,,原始数据库（来源待追溯）,原始导入,未提供,2026-06-25,中,否,否,是,EXT0376,待来源追溯,原始数据保留；新增结构字段为规则化整理结果。,,157,
EXT0377,豆腐干（卤干）,卤豆干，酱干,干豆类及其制品-大豆,339.0,14.5,16.7,33.4,1.6,豆腐干（卤干）,豆腐干（卤干），卤豆干，酱干,豆类及豆制品,豆制品,干豆类及其制品-大豆,100g,100,g,,,,未明确,卤,,原始数据库（来源待追溯）,原始导入,未提供,2026-06-25,中,否,否,是,EXT0377,待来源追溯,原始数据保留；新增结构字段为规则化整理结果。,,339,
EXT0378,豆腐干（蒲包干）,,干豆类及其制品-大豆,135.0,12.1,5.7,8.9,0.0,豆腐干（蒲包干）,豆腐干（蒲包干）,豆类及豆制品,豆制品,干豆类及其制品-大豆,100g,100,g,,,,未明确,,,原始数据库（来源待追溯）,原始导入,未提供,2026-06-25,中,否,否,是,EXT0378,待来源追溯,原始数据保留；新增结构字段为规则化整理结果。,,135,
EXT0379,豆腐干（香干）,香豆干，五香干,干豆类及其制品-大豆,152.0,15.8,7.8,5.1,0.8,豆腐干（香干）,豆腐干（香干），香豆干，五香干,豆类及豆制品,豆制品,干豆类及其制品-大豆,100g,100,g,,,,未明确,,,原始数据库（来源待追溯）,原始导入,未提供,2026-06-25,中,否,否,是,EXT0379,待来源追溯,原始数据保留；新增结构字段为规则化整理结果。,,152,
EXT0380,豆腐干（小香干）,,干豆类及其制品-大豆,174.0,17.9,9.1,5.4,0.4,豆腐干（小香干）,豆腐干（小香干）,豆类及豆制品,豆制品,干豆类及其制品-大豆,100g,100,g,,,,未明确,,,原始数据库（来源待追溯）,原始导入,未提供,2026-06-25,中,否,否,是,EXT0380,待来源追溯,原始数据保留；新增结构字段为规则化整理结果。,,174,
EXT0381,豆腐干（熏干）,,干豆类及其制品-大豆,154.0,15.8,6.2,8.8,0.3,豆腐干（熏干）,豆腐干（熏干）,豆类及豆制品,豆制品,干豆类及其制品-大豆,100g,100,g,,,,未明确,,,原始数据库（来源待追溯）,原始导入,未提供,2026-06-25,中,否,否,是,EXT0381,待来源追溯,原始数据保留；新增结构字段为规则化整理结果。,,154,
EXT0382,豆肝尖,,干豆类及其制品-大豆,203.0,17.2,12.0,9.4,5.7,豆肝尖,豆肝尖,豆类及豆制品,豆类,干豆类及其制品-大豆,100g,100,g,,,,未明确,,,原始数据库（来源待追溯）,原始导入,未提供,2026-06-25,中,否,否,是,EXT0382,待来源追溯,原始数据保留；新增结构字段为规则化整理结果。,,203,
EXT0383,素大肠,,干豆类及其制品-大豆,155.0,18.1,3.6,13.0,1.0,素大肠,素大肠,豆类及豆制品,豆类,干豆类及其制品-大豆,100g,100,g,,,,未明确,,,原始数据库（来源待追溯）,原始导入,未提供,2026-06-25,中,否,否,是,EXT0383,待来源追溯,原始数据保留；新增结构字段为规则化整理结果。,,155,
EXT0384,素火腿,金华火腿，云腿，宣威火腿,干豆类及其制品-大豆,213.0,19.1,13.2,4.8,0.9,素火腿,素火腿，金华火腿，云腿，宣威火腿,豆类及豆制品,豆类,干豆类及其制品-大豆,100g,100,g,,,,未明确,,,原始数据库（来源待追溯）,原始导入,未提供,2026-06-25,中,否,否,是,EXT0384,待来源追溯,原始数据保留；新增结构字段为规则化整理结果。,,213,
EXT0385,素鸡,,干豆类及其制品-大豆,194.0,16.5,12.5,4.2,0.9,素鸡,素鸡,豆类及豆制品,豆类,干豆类及其制品-大豆,100g,100,g,,,,未明确,,,原始数据库（来源待追溯）,原始导入,未提供,2026-06-25,中,否,否,是,EXT0385,待来源追溯,原始数据保留；新增结构字段为规则化整理结果。,,194,
EXT0386,素鸡丝卷,,干豆类及其制品-大豆,197.0,11.2,13.7,10.1,5.6,素鸡丝卷,素鸡丝卷,豆类及豆制品,豆类,干豆类及其制品-大豆,100g,100,g,,,,未明确,,,原始数据库（来源待追溯）,原始导入,未提供,2026-06-25,中,否,否,是,EXT0386,待来源追溯,原始数据保留；新增结构字段为规则化整理结果。,,197,
EXT0387,素什锦,,干豆类及其制品-大豆,177.0,14.0,10.2,8.3,2.0,素什锦,素什锦,豆类及豆制品,豆类,干豆类及其制品-大豆,100g,100,g,,,,未明确,,,原始数据库（来源待追溯）,原始导入,未提供,2026-06-25,中,否,否,是,EXT0387,待来源追溯,原始数据保留；新增结构字段为规则化整理结果。,,177,
EXT0388,炸素虾,,干豆类及其制品-大豆,582.0,27.6,44.4,19.3,2.7,炸素虾,炸素虾,豆类及豆制品,豆类,干豆类及其制品-大豆,100g,100,g,,,,未明确,炸,,原始数据库（来源待追溯）,原始导入,未提供,2026-06-25,中,否,否,是,EXT0388,待来源追溯,原始数据保留；新增结构字段为规则化整理结果。,,582,
EXT0389,烤麸,,干豆类及其制品-大豆,121.0,20.4,0.3,9.3,0.2,烤麸,烤麸,豆类及豆制品,豆类,干豆类及其制品-大豆,100g,100,g,,,,未明确,烤,,原始数据库（来源待追溯）,原始导入,未提供,2026-06-25,中,否,否,是,EXT0389,待来源追溯,原始数据保留；新增结构字段为规则化整理结果。,,121,
EXT0390,豆腐皮,干豆腐，千张，百页，豆皮,干豆类及其制品-大豆,447.0,51.6,23.0,12.5,0.0,豆腐皮,豆腐皮，干豆腐，千张，百页，豆皮,豆类及豆制品,豆制品,干豆类及其制品-大豆,100g,100,g,,,,未明确,,,原始数据库（来源待追溯）,原始导入,未提供,2026-06-25,中,否,否,是,EXT0390,待来源追溯,原始数据保留；新增结构字段为规则化整理结果。,,447,
EXT0391,腐竹,支竹，腐皮棍，豆腐棍，豆筋,干豆类及其制品-大豆,485.0,54.2,27.2,8.1,0.0,腐竹,腐竹，支竹，腐皮棍，豆腐棍，豆筋,豆类及豆制品,豆制品,干豆类及其制品-大豆,100g,100,g,,,,未明确,,,原始数据库（来源待追溯）,原始导入,未提供,2026-06-25,低,否,否,否,EXT0391,同名冲突待核验,原始数据保留；新增结构字段为规则化整理结果。,,485,
EXT0392,豆腐干,,干豆类及其制品-大豆,427.0,19.6,35.2,11.4,0.0,豆腐干,豆腐干,豆类及豆制品,豆制品,干豆类及其制品-大豆,100g,100,g,,,,未明确,,,原始数据库（来源待追溯）,原始导入,未提供,2026-06-25,中,否,否,是,EXT0392,待来源追溯,原始数据保留；新增结构字段为规则化整理结果。,,427,
EXT0393,绿豆（干）,青小豆，菉豆,干豆类及其制品-绿豆,329.0,21.6,0.8,62.0,6.4,绿豆（干）,绿豆（干），青小豆，菉豆,豆类及豆制品,豆类,干豆类及其制品-绿豆,100g,100,g,,,,干制,,,原始数据库（来源待追溯）,原始导入,未提供,2026-06-25,中,否,否,是,EXT0393,待来源追溯,原始数据保留；新增结构字段为规则化整理结果。,,329,
EXT0394,绿豆面,绿豆粉，杂面,干豆类及其制品-绿豆,341.0,20.8,0.7,65.8,5.8,绿豆面,绿豆面，绿豆粉，杂面,豆类及豆制品,豆类,干豆类及其制品-绿豆,100g,100,g,,,,未明确,,,原始数据库（来源待追溯）,原始导入,未提供,2026-06-25,中,否,否,是,EXT0394,待来源追溯,原始数据保留；新增结构字段为规则化整理结果。,,341,
EXT0395,绿豆饼,青小豆，菉豆,干豆类及其制品-绿豆,122.0,15.2,1.2,12.7,0.0,绿豆饼,绿豆饼，青小豆，菉豆,豆类及豆制品,豆类,干豆类及其制品-绿豆,100g,100,g,,,,未明确,,,原始数据库（来源待追溯）,原始导入,未提供,2026-06-25,中,否,否,是,EXT0395,待来源追溯,原始数据保留；新增结构字段为规则化整理结果。,,122,
EXT0396,花豆（干，红）,红花豆，红芸豆（类似），花纹豆,干豆类及其制品-芸豆,328.0,19.1,1.3,62.7,5.5,花豆（干，红）,花豆（干，红），红花豆，红芸豆（类似），花纹豆,豆类及豆制品,豆类,干豆类及其制品-芸豆,100g,100,g,,,,干制,,,原始数据库（来源待追溯）,原始导入,未提供,2026-06-25,中,否,否,是,EXT0396,待来源追溯,原始数据保留；新增结构字段为规则化整理结果。,,328,
EXT0397,花豆（干，紫）,紫花豆，紫纹豆，紫花芸豆,干豆类及其制品-芸豆,330.0,17.2,1.4,65.8,7.4,花豆（干，紫）,花豆（干，紫），紫花豆，紫纹豆，紫花芸豆,豆类及豆制品,豆类,干豆类及其制品-芸豆,100g,100,g,,,,干制,,,原始数据库（来源待追溯）,原始导入,未提供,2026-06-25,中,否,否,是,EXT0397,待来源追溯,原始数据保留；新增结构字段为规则化整理结果。,,330,
EXT0398,芸豆（干，白）,,干豆类及其制品-芸豆,315.0,23.4,1.4,57.2,9.8,芸豆（干，白）,芸豆（干，白）,豆类及豆制品,豆类,干豆类及其制品-芸豆,100g,100,g,,,,干制,,,原始数据库（来源待追溯）,原始导入,未提供,2026-06-25,中,否,否,是,EXT0398,待来源追溯,原始数据保留；新增结构字段为规则化整理结果。,,315,
EXT0399,芸豆（干，红）,,干豆类及其制品-芸豆,331.0,21.4,1.3,62.5,8.3,芸豆（干，红）,芸豆（干，红）,豆类及豆制品,豆类,干豆类及其制品-芸豆,100g,100,g,,,,干制,,,原始数据库（来源待追溯）,原始导入,未提供,2026-06-25,中,否,否,是,EXT0399,待来源追溯,原始数据保留；新增结构字段为规则化整理结果。,,331,
EXT0400,芸豆（干，虎皮）,,干豆类及其制品-芸豆,341.0,22.5,0.9,62.5,3.5,芸豆（干，虎皮）,芸豆（干，虎皮）,豆类及豆制品,豆类,干豆类及其制品-芸豆,100g,100,g,,,,干制,,,原始数据库（来源待追溯）,原始导入,未提供,2026-06-25,中,否,否,是,EXT0400,待来源追溯,原始数据保留；新增结构字段为规则化整理结果。,,341,
EXT0401,芸豆（干，杂，带皮）,,干豆类及其制品-芸豆,327.0,22.4,0.6,63.3,10.5,芸豆（干，杂，带皮）,芸豆（干，杂，带皮）,豆类及豆制品,豆类,干豆类及其制品-芸豆,100g,100,g,,,,干制,,,原始数据库（来源待追溯）,原始导入,未提供,2026-06-25,中,否,否,是,EXT0401,待来源追溯,原始数据保留；新增结构字段为规则化整理结果。,,327,
EXT0402,蚕豆（干）,胡豆，罗汉豆，佛豆,干豆类及其制品-蚕豆,338.0,21.6,1.0,61.5,1.7,蚕豆（干）,蚕豆（干），胡豆，罗汉豆，佛豆,豆类及豆制品,豆类,干豆类及其制品-蚕豆,100g,100,g,,,,干制,,,原始数据库（来源待追溯）,原始导入,未提供,2026-06-25,中,否,否,是,EXT0402,待来源追溯,原始数据保留；新增结构字段为规则化整理结果。,,338,
EXT0403,蚕豆（带皮）,胡豆，罗汉豆，佛豆,干豆类及其制品-蚕豆,326.0,24.6,1.1,59.9,10.9,蚕豆（带皮）,蚕豆（带皮），胡豆，罗汉豆，佛豆,豆类及豆制品,豆类,干豆类及其制品-蚕豆,100g,100,g,,,,未明确,,,原始数据库（来源待追溯）,原始导入,未提供,2026-06-25,中,否,否,是,EXT0403,待来源追溯,原始数据保留；新增结构字段为规则化整理结果。,,326,
EXT0404,蚕豆（去皮）,蚕豆瓣，兰花豆（原料），去皮蚕豆,干豆类及其制品-蚕豆,347.0,25.4,1.6,58.9,2.5,蚕豆（去皮）,蚕豆（去皮），蚕豆瓣，兰花豆（原料），去皮蚕豆,豆类及豆制品,豆类,干豆类及其制品-蚕豆,100g,100,g,,,,未明确,,,原始数据库（来源待追溯）,原始导入,未提供,2026-06-25,中,否,否,是,EXT0404,待来源追溯,原始数据保留；新增结构字段为规则化整理结果。,,347,
EXT0405,马牙大豆（干）,,干豆类及其制品-蚕豆,338.0,27.2,0.9,59.4,8.4,马牙大豆（干）,马牙大豆（干）,豆类及豆制品,豆类,干豆类及其制品-蚕豆,100g,100,g,,,,干制,,,原始数据库（来源待追溯）,原始导入,未提供,2026-06-25,中,否,否,是,EXT0405,待来源追溯,原始数据保留；新增结构字段为规则化整理结果。,,338,
EXT0406,脑豆（干）,,干豆类及其制品-蚕豆,363.0,23.4,3.8,59.6,1.5,脑豆（干）,脑豆（干）,豆类及豆制品,豆类,干豆类及其制品-蚕豆,100g,100,g,,,,干制,,,原始数据库（来源待追溯）,原始导入,未提供,2026-06-25,中,否,否,是,EXT0406,待来源追溯,原始数据保留；新增结构字段为规则化整理结果。,,363,
EXT0407,蚕豆（烤）,胡豆，罗汉豆，佛豆,干豆类及其制品-蚕豆,377.0,27.0,2.0,63.8,2.2,蚕豆（烤）,蚕豆（烤），胡豆，罗汉豆，佛豆,豆类及豆制品,豆类,干豆类及其制品-蚕豆,100g,100,g,,,,未明确,烤,,原始数据库（来源待追溯）,原始导入,未提供,2026-06-25,中,否,否,是,EXT0407,待来源追溯,原始数据保留；新增结构字段为规则化整理结果。,,377,
EXT0408,蚕豆（炸）[开花豆],开花豆,干豆类及其制品-蚕豆,447.0,26.7,20.0,40.4,0.5,蚕豆（炸）[开花豆],蚕豆（炸）[开花豆]，开花豆,豆类及豆制品,豆类,干豆类及其制品-蚕豆,100g,100,g,,,,未明确,炸,,原始数据库（来源待追溯）,原始导入,未提供,2026-06-25,中,否,否,是,EXT0408,待来源追溯,原始数据保留；新增结构字段为规则化整理结果。,,447,
EXT0409,蚕豆（煮）,胡豆，罗汉豆，佛豆,干豆类及其制品-蚕豆,62.0,4.8,0.5,10.1,0.0,蚕豆（煮）,蚕豆（煮），胡豆，罗汉豆，佛豆,豆类及豆制品,豆类,干豆类及其制品-蚕豆,100g,100,g,,,,未明确,煮,,原始数据库（来源待追溯）,原始导入,未提供,2026-06-25,中,否,否,是,EXT0409,待来源追溯,原始数据保留；新增结构字段为规则化整理结果。,,62,
EXT0410,"赤小豆（干）[小豆,红小豆]",小豆，红小豆,干豆类及其制品-赤豆,324.0,20.2,0.6,63.4,7.7,"赤小豆（干）[小豆,红小豆]","赤小豆（干）[小豆,红小豆]，小豆，红小豆",豆类及豆制品,豆类,干豆类及其制品-赤豆,100g,100,g,,,,干制,,,原始数据库（来源待追溯）,原始导入,未提供,2026-06-25,中,否,否,是,EXT0410,待来源追溯,原始数据保留；新增结构字段为规则化整理结果。,,324,
EXT0411,小豆粥,红豆粥，赤豆粥，小豆稀饭,干豆类及其制品-赤豆,62.0,1.2,0.4,13.7,0.6,小豆粥,小豆粥，红豆粥，赤豆粥，小豆稀饭,豆类及豆制品,豆类,干豆类及其制品-赤豆,100g,100,g,,,,未明确,,,原始数据库（来源待追溯）,原始导入,未提供,2026-06-25,中,否,否,是,EXT0411,待来源追溯,原始数据保留；新增结构字段为规则化整理结果。,,62,
EXT0412,红豆沙（去皮）,红豆沙，豆蓉，豆馅,干豆类及其制品-赤豆,244.0,4.5,0.1,57.1,1.8,红豆沙（去皮）,红豆沙（去皮），红豆沙，豆蓉，豆馅,豆类及豆制品,豆类,干豆类及其制品-赤豆,100g,100,g,,,,未明确,,,原始数据库（来源待追溯）,原始导入,未提供,2026-06-25,中,否,否,是,EXT0412,待来源追溯,原始数据保留；新增结构字段为规则化整理结果。,,244,
EXT0413,红豆馅,,干豆类及其制品-赤豆,261.0,4.5,0.2,61.7,2.8,红豆馅,红豆馅,豆类及豆制品,豆类,干豆类及其制品-赤豆,100g,100,g,,,,未明确,,,原始数据库（来源待追溯）,原始导入,未提供,2026-06-25,中,否,否,是,EXT0413,待来源追溯,原始数据保留；新增结构字段为规则化整理结果。,,261,
EXT0414,菜籽油 [青油],青油,植物油-植物油,899.1,0.0,99.9,0.0,0.0,菜籽油 [青油],菜籽油 [青油]，青油,油脂,植物油,植物油-植物油,100g,100,g,,,,未明确,,,WHO/FAO Atwater factors：https://iris.who.int/bitstream/handle/10665/39527/WHO_TRS_724_%28chp7-chp13%29.pdf?sequence=2；国家卫生健康委员会 GB 28050-2025 问答：https://www.nhc.gov.cn/sps/c100087/202509/470fa4ff5de14dd38619223cce9da4e7.shtml,宏量营养素推算,未提供,2026-06-25,高,否,否,是,EXT0414,自动修复,原能量为0且脂肪接近100g/100g，按脂肪9 kcal/g并计入少量碳水修复。,fat×9 + carbohydrate×4,0,
EXT0415,茶油,山茶油，油茶籽油，茶籽油，野茶油,植物油-植物油,899.1,0.0,99.9,0.0,0.0,茶油,茶油，山茶油，油茶籽油，茶籽油，野茶油,油脂,植物油,植物油-植物油,100g,100,g,,,,未明确,,,WHO/FAO Atwater factors：https://iris.who.int/bitstream/handle/10665/39527/WHO_TRS_724_%28chp7-chp13%29.pdf?sequence=2；国家卫生健康委员会 GB 28050-2025 问答：https://www.nhc.gov.cn/sps/c100087/202509/470fa4ff5de14dd38619223cce9da4e7.shtml,宏量营养素推算,未提供,2026-06-25,高,否,否,是,EXT0415,自动修复,原能量为0且脂肪接近100g/100g，按脂肪9 kcal/g并计入少量碳水修复。,fat×9 + carbohydrate×4,0,
EXT0416,大麻油 [粟米油],粟米油,植物油-植物油,899.1,0.0,99.9,0.0,0.0,大麻油 [粟米油],大麻油 [粟米油]，粟米油,油脂,植物油,植物油-植物油,100g,100,g,,,,未明确,,,WHO/FAO Atwater factors：https://iris.who.int/bitstream/handle/10665/39527/WHO_TRS_724_%28chp7-chp13%29.pdf?sequence=2；国家卫生健康委员会 GB 28050-2025 问答：https://www.nhc.gov.cn/sps/c100087/202509/470fa4ff5de14dd38619223cce9da4e7.shtml,宏量营养素推算,未提供,2026-06-25,高,否,否,是,EXT0416,自动修复,原能量为0且脂肪接近100g/100g，按脂肪9 kcal/g并计入少量碳水修复。,fat×9 + carbohydrate×4,0,
EXT0417,豆油,大豆油，黄豆油，色拉油（大豆）,植物油-植物油,899.1,0.0,99.9,0.0,0.0,豆油,豆油，大豆油，黄豆油，色拉油（大豆）,油脂,植物油,植物油-植物油,100g,100,g,,,,未明确,,,WHO/FAO Atwater factors：https://iris.who.int/bitstream/handle/10665/39527/WHO_TRS_724_%28chp7-chp13%29.pdf?sequence=2；国家卫生健康委员会 GB 28050-2025 问答：https://www.nhc.gov.cn/sps/c100087/202509/470fa4ff5de14dd38619223cce9da4e7.shtml,宏量营养素推算,未提供,2026-06-25,高,否,否,是,EXT0417,自动修复,原能量为0且脂肪接近100g/100g，按脂肪9 kcal/g并计入少量碳水修复。,fat×9 + carbohydrate×4,0,
EXT0418,红花油,红花籽油，草红花油，红蓝花油,植物油-植物油,899.1,0.0,99.9,0.0,0.0,红花油,红花油，红花籽油，草红花油，红蓝花油,油脂,植物油,植物油-植物油,100g,100,g,,,,未明确,,,WHO/FAO Atwater factors：https://iris.who.int/bitstream/handle/10665/39527/WHO_TRS_724_%28chp7-chp13%29.pdf?sequence=2；国家卫生健康委员会 GB 28050-2025 问答：https://www.nhc.gov.cn/sps/c100087/202509/470fa4ff5de14dd38619223cce9da4e7.shtml,宏量营养素推算,未提供,2026-06-25,高,否,否,是,EXT0418,自动修复,原能量为0且脂肪接近100g/100g，按脂肪9 kcal/g并计入少量碳水修复。,fat×9 + carbohydrate×4,0,
EXT0419,胡麻油,,植物油-植物油,900,0.0,100.0,0.0,0.0,胡麻油,胡麻油,油脂,植物油,植物油-植物油,100g,100,g,,,,未明确,,,WHO/FAO Atwater factors：https://iris.who.int/bitstream/handle/10665/39527/WHO_TRS_724_%28chp7-chp13%29.pdf?sequence=2；国家卫生健康委员会 GB 28050-2025 问答：https://www.nhc.gov.cn/sps/c100087/202509/470fa4ff5de14dd38619223cce9da4e7.shtml,宏量营养素推算,未提供,2026-06-25,高,否,否,是,EXT0419,自动修复,原能量为0且脂肪接近100g/100g，按脂肪9 kcal/g并计入少量碳水修复。,fat×9 + carbohydrate×4,0,
EXT0420,花生油,落花生油，花生油，火麻油,植物油-植物油,899.1,0.0,99.9,0.0,0.0,花生油,花生油，落花生油，火麻油,油脂,植物油,植物油-植物油,100g,100,g,,,,生/鲜,,,WHO/FAO Atwater factors：https://iris.who.int/bitstream/handle/10665/39527/WHO_TRS_724_%28chp7-chp13%29.pdf?sequence=2；国家卫生健康委员会 GB 28050-2025 问答：https://www.nhc.gov.cn/sps/c100087/202509/470fa4ff5de14dd38619223cce9da4e7.shtml,宏量营养素推算,未提供,2026-06-25,高,否,否,是,EXT0420,自动修复,原能量为0且脂肪接近100g/100g，按脂肪9 kcal/g并计入少量碳水修复。,fat×9 + carbohydrate×4,0,
EXT0421,混合油（菜+棕）,,植物油-植物油,899.5,0.0,99.9,0.1,0.0,混合油（菜+棕）,混合油（菜+棕）,油脂,植物油,植物油-植物油,100g,100,g,,,,未明确,,,WHO/FAO Atwater factors：https://iris.who.int/bitstream/handle/10665/39527/WHO_TRS_724_%28chp7-chp13%29.pdf?sequence=2；国家卫生健康委员会 GB 28050-2025 问答：https://www.nhc.gov.cn/sps/c100087/202509/470fa4ff5de14dd38619223cce9da4e7.shtml,宏量营养素推算,未提供,2026-06-25,高,否,否,是,EXT0421,自动修复,原能量为0且脂肪接近100g/100g，按脂肪9 kcal/g并计入少量碳水修复。,fat×9 + carbohydrate×4,0,
EXT0422,葵花子油,,植物油-植物油,899.1,0.0,99.9,0.0,0.0,葵花子油,葵花子油,油脂,植物油,植物油-植物油,100g,100,g,,,,未明确,,,WHO/FAO Atwater factors：https://iris.who.int/bitstream/handle/10665/39527/WHO_TRS_724_%28chp7-chp13%29.pdf?sequence=2；国家卫生健康委员会 GB 28050-2025 问答：https://www.nhc.gov.cn/sps/c100087/202509/470fa4ff5de14dd38619223cce9da4e7.shtml,宏量营养素推算,未提供,2026-06-25,高,否,否,是,EXT0422,自动修复,原能量为0且脂肪接近100g/100g，按脂肪9 kcal/g并计入少量碳水修复。,fat×9 + carbohydrate×4,0,
EXT0423,辣椒油,,植物油-植物油,900,0.0,100.0,0.0,0.0,辣椒油,辣椒油,油脂,植物油,植物油-植物油,100g,100,g,,,,未明确,,,WHO/FAO Atwater factors：https://iris.who.int/bitstream/handle/10665/39527/WHO_TRS_724_%28chp7-chp13%29.pdf?sequence=2；国家卫生健康委员会 GB 28050-2025 问答：https://www.nhc.gov.cn/sps/c100087/202509/470fa4ff5de14dd38619223cce9da4e7.shtml,宏量营养素推算,未提供,2026-06-25,高,否,否,是,EXT0423,自动修复,原能量为0且脂肪接近100g/100g，按脂肪9 kcal/g并计入少量碳水修复。,fat×9 + carbohydrate×4,0,
EXT0424,麻子籽,,植物油-植物油,0.0,0.0,0.0,0.0,0.0,麻子籽,麻子籽,油脂,植物油,植物油-植物油,100g,100,g,,,,未明确,,,原始数据库（来源待追溯）,原始导入,未提供,2026-06-25,低,否,否,否,EXT0424,待人工核验,记录位于油脂分类但能量及营养素均为0；食品名称“麻子籽”更像种子而非成品油，且本轮不重做分类，无法安全补值，故暂停默认启用并待核验。,,0,油脂分类零热量且营养字段全零
EXT0425,麦胚油,,植物油-植物油,899.1,0.0,99.9,0.0,0.0,麦胚油,麦胚油,油脂,植物油,植物油-植物油,100g,100,g,,,,未明确,,,WHO/FAO Atwater factors：https://iris.who.int/bitstream/handle/10665/39527/WHO_TRS_724_%28chp7-chp13%29.pdf?sequence=2；国家卫生健康委员会 GB 28050-2025 问答：https://www.nhc.gov.cn/sps/c100087/202509/470fa4ff5de14dd38619223cce9da4e7.shtml,宏量营养素推算,未提供,2026-06-25,高,否,否,是,EXT0425,自动修复,原能量为0且脂肪接近100g/100g，按脂肪9 kcal/g并计入少量碳水修复。,fat×9 + carbohydrate×4,0,
EXT0426,棉籽油,棉油，棉花籽油，卫生油,植物油-植物油,898.6,0.0,99.8,0.1,0.0,棉籽油,棉籽油，棉油，棉花籽油，卫生油,油脂,植物油,植物油-植物油,100g,100,g,,,,未明确,,,WHO/FAO Atwater factors：https://iris.who.int/bitstream/handle/10665/39527/WHO_TRS_724_%28chp7-chp13%29.pdf?sequence=2；国家卫生健康委员会 GB 28050-2025 问答：https://www.nhc.gov.cn/sps/c100087/202509/470fa4ff5de14dd38619223cce9da4e7.shtml,宏量营养素推算,未提供,2026-06-25,高,否,否,是,EXT0426,自动修复,原能量为0且脂肪接近100g/100g，按脂肪9 kcal/g并计入少量碳水修复。,fat×9 + carbohydrate×4,0,
EXT0427,色拉油,,植物油-植物油,898.2,0.0,99.8,0.0,0.0,色拉油,色拉油,油脂,植物油,植物油-植物油,100g,100,g,,,,未明确,,,WHO/FAO Atwater factors：https://iris.who.int/bitstream/handle/10665/39527/WHO_TRS_724_%28chp7-chp13%29.pdf?sequence=2；国家卫生健康委员会 GB 28050-2025 问答：https://www.nhc.gov.cn/sps/c100087/202509/470fa4ff5de14dd38619223cce9da4e7.shtml,宏量营养素推算,未提供,2026-06-25,高,否,否,是,EXT0427,自动修复,原能量为0且脂肪接近100g/100g，按脂肪9 kcal/g并计入少量碳水修复。,fat×9 + carbohydrate×4,0,
EXT0428,椰子油,椰油，椰子脂，椰奶脂,植物油-植物油,899.1,0.0,99.9,0.0,0.0,椰子油,椰子油，椰油，椰子脂，椰奶脂,油脂,植物油,植物油-植物油,100g,100,g,,,,未明确,,,WHO/FAO Atwater factors：https://iris.who.int/bitstream/handle/10665/39527/WHO_TRS_724_%28chp7-chp13%29.pdf?sequence=2；国家卫生健康委员会 GB 28050-2025 问答：https://www.nhc.gov.cn/sps/c100087/202509/470fa4ff5de14dd38619223cce9da4e7.shtml,宏量营养素推算,未提供,2026-06-25,高,否,否,是,EXT0428,自动修复,原能量为0且脂肪接近100g/100g，按脂肪9 kcal/g并计入少量碳水修复。,fat×9 + carbohydrate×4,0,
EXT0429,玉米油,玉米胚芽油，粟米油,植物油-植物油,894.8,0.0,99.2,0.5,0.0,玉米油,玉米油，玉米胚芽油，粟米油,油脂,植物油,植物油-植物油,100g,100,g,,,,未明确,,,WHO/FAO Atwater factors：https://iris.who.int/bitstream/handle/10665/39527/WHO_TRS_724_%28chp7-chp13%29.pdf?sequence=2；国家卫生健康委员会 GB 28050-2025 问答：https://www.nhc.gov.cn/sps/c100087/202509/470fa4ff5de14dd38619223cce9da4e7.shtml,宏量营养素推算,未提供,2026-06-25,高,否,否,是,EXT0429,自动修复,原能量为0且脂肪接近100g/100g，按脂肪9 kcal/g并计入少量碳水修复。,fat×9 + carbohydrate×4,0,
EXT0430,芝麻油 [香油],香油,植物油-植物油,898.1,0.0,99.7,0.2,0.0,芝麻油 [香油],芝麻油 [香油]，香油,油脂,植物油,植物油-植物油,100g,100,g,,,,未明确,,,WHO/FAO Atwater factors：https://iris.who.int/bitstream/handle/10665/39527/WHO_TRS_724_%28chp7-chp13%29.pdf?sequence=2；国家卫生健康委员会 GB 28050-2025 问答：https://www.nhc.gov.cn/sps/c100087/202509/470fa4ff5de14dd38619223cce9da4e7.shtml,宏量营养素推算,未提供,2026-06-25,高,否,否,是,EXT0430,自动修复,原能量为0且脂肪接近100g/100g，按脂肪9 kcal/g并计入少量碳水修复。,fat×9 + carbohydrate×4,0,
EXT0431,棕榈油,棕油，油棕油，棕榈液油,植物油-植物油,900,0.0,100.0,0.0,0.0,棕榈油,棕榈油，棕油，油棕油，棕榈液油,油脂,植物油,植物油-植物油,100g,100,g,,,,未明确,,,WHO/FAO Atwater factors：https://iris.who.int/bitstream/handle/10665/39527/WHO_TRS_724_%28chp7-chp13%29.pdf?sequence=2；国家卫生健康委员会 GB 28050-2025 问答：https://www.nhc.gov.cn/sps/c100087/202509/470fa4ff5de14dd38619223cce9da4e7.shtml,宏量营养素推算,未提供,2026-06-25,高,否,否,是,EXT0431,自动修复,原能量为0且脂肪接近100g/100g，按脂肪9 kcal/g并计入少量碳水修复。,fat×9 + carbohydrate×4,0,
EXT0432,橄榄油,橄榄油，特级初榨橄榄油,植物油-植物油,899.1,0.0,99.9,0.0,0.0,橄榄油,橄榄油，特级初榨橄榄油,油脂,植物油,植物油-植物油,100g,100,g,,,,未明确,,,WHO/FAO Atwater factors：https://iris.who.int/bitstream/handle/10665/39527/WHO_TRS_724_%28chp7-chp13%29.pdf?sequence=2；国家卫生健康委员会 GB 28050-2025 问答：https://www.nhc.gov.cn/sps/c100087/202509/470fa4ff5de14dd38619223cce9da4e7.shtml,宏量营养素推算,未提供,2026-06-25,高,否,否,是,EXT0432,自动修复,原能量为0且脂肪接近100g/100g，按脂肪9 kcal/g并计入少量碳水修复。,fat×9 + carbohydrate×4,0,
EXT0433,苹果（代表值）,苹果，红富士，平安果,水果类及其制品-仁果类,53.0,0.4,0.2,13.7,1.7,苹果（代表值）,苹果（代表值），苹果，红富士，平安果,水果,鲜果,水果类及其制品-仁果类,100g,100,g,,,,未明确,,,原始数据库（来源待追溯）,原始导入,未提供,2026-06-25,中,否,否,是,EXT0433,待来源追溯,原始数据保留；新增结构字段为规则化整理结果。,,53,
EXT0434,伏苹果,,水果类及其制品-仁果类,48.0,0.5,0.1,11.8,1.2,伏苹果,伏苹果,水果,鲜果,水果类及其制品-仁果类,100g,100,g,,,,未明确,,,原始数据库（来源待追溯）,原始导入,未提供,2026-06-25,中,否,否,是,EXT0434,待来源追溯,原始数据保留；新增结构字段为规则化整理结果。,,48,
EXT0435,国光苹果,国光，小国光，老国光,水果类及其制品-仁果类,56.0,0.3,0.3,13.3,0.8,国光苹果,国光苹果，国光，小国光，老国光,水果,鲜果,水果类及其制品-仁果类,100g,100,g,,,,未明确,,,原始数据库（来源待追溯）,原始导入,未提供,2026-06-25,中,否,否,是,EXT0435,待来源追溯,原始数据保留；新增结构字段为规则化整理结果。,,56,
EXT0436,早苹果,,水果类及其制品-仁果类,34.0,0.4,0.2,8.4,1.7,早苹果,早苹果,水果,鲜果,水果类及其制品-仁果类,100g,100,g,,,,未明确,,,原始数据库（来源待追溯）,原始导入,未提供,2026-06-25,中,否,否,是,EXT0436,待来源追溯,原始数据保留；新增结构字段为规则化整理结果。,,34,
EXT0437,红富士苹果,,水果类及其制品-仁果类,49.0,0.7,0.4,11.7,2.1,红富士苹果,红富士苹果,水果,鲜果,水果类及其制品-仁果类,100g,100,g,,,,未明确,,,原始数据库（来源待追溯）,原始导入,未提供,2026-06-25,中,否,否,是,EXT0437,待来源追溯,原始数据保留；新增结构字段为规则化整理结果。,,49,
EXT0438,红香蕉苹果,红元帅，红香蕉，蛇果，五爪苹果,水果类及其制品-仁果类,51.0,0.4,0.2,12.3,0.9,红香蕉苹果,红香蕉苹果，红元帅，红香蕉，蛇果，五爪苹果,水果,鲜果,水果类及其制品-仁果类,100g,100,g,,,,未明确,,,原始数据库（来源待追溯）,原始导入,未提供,2026-06-25,中,否,否,是,EXT0438,待来源追溯,原始数据保留；新增结构字段为规则化整理结果。,,51,
EXT0439,红星苹果,,水果类及其制品-仁果类,58.0,0.4,0.1,14.3,0.8,红星苹果,红星苹果,水果,鲜果,水果类及其制品-仁果类,100g,100,g,,,,未明确,,,原始数据库（来源待追溯）,原始导入,未提供,2026-06-25,中,否,否,是,EXT0439,待来源追溯,原始数据保留；新增结构字段为规则化整理结果。,,58,
EXT0440,红玉苹果,红玉，Jonathan苹果，红玉苹果,水果类及其制品-仁果类,52.0,0.2,0.2,14.7,4.7,红玉苹果,红玉苹果，红玉，Jonathan苹果,水果,鲜果,水果类及其制品-仁果类,100g,100,g,,,,未明确,,,原始数据库（来源待追溯）,原始导入,未提供,2026-06-25,中,否,否,是,EXT0440,待来源追溯,原始数据保留；新增结构字段为规则化整理结果。,,52,
EXT0441,红元帅苹果,,水果类及其制品-仁果类,60.0,0.2,0.4,14.3,0.6,红元帅苹果,红元帅苹果,水果,鲜果,水果类及其制品-仁果类,100g,100,g,,,,未明确,,,原始数据库（来源待追溯）,原始导入,未提供,2026-06-25,中,否,否,是,EXT0441,待来源追溯,原始数据保留；新增结构字段为规则化整理结果。,,60,
EXT0442,黄香蕉苹果,黄元帅，金冠，黄香蕉,水果类及其制品-仁果类,53.0,0.3,0.2,13.7,2.2,黄香蕉苹果,黄香蕉苹果，黄元帅，金冠，黄香蕉,水果,鲜果,水果类及其制品-仁果类,100g,100,g,,,,未明确,,,原始数据库（来源待追溯）,原始导入,未提供,2026-06-25,中,否,否,是,EXT0442,待来源追溯,原始数据保留；新增结构字段为规则化整理结果。,,53,
EXT0443,黄元帅苹果,,水果类及其制品-仁果类,59.0,0.2,0.3,14.7,1.8,黄元帅苹果,黄元帅苹果,水果,鲜果,水果类及其制品-仁果类,100g,100,g,,,,未明确,,,原始数据库（来源待追溯）,原始导入,未提供,2026-06-25,中,否,否,是,EXT0443,待来源追溯,原始数据保留；新增结构字段为规则化整理结果。,,59,
EXT0444,金元帅苹果,,水果类及其制品-仁果类,53.0,0.2,0.1,13.3,1.1,金元帅苹果,金元帅苹果,水果,鲜果,水果类及其制品-仁果类,100g,100,g,,,,未明确,,,原始数据库（来源待追溯）,原始导入,未提供,2026-06-25,中,否,否,是,EXT0444,待来源追溯,原始数据保留；新增结构字段为规则化整理结果。,,53,
EXT0445,青香蕉苹果,甘蕉，蕉果，芭蕉,水果类及其制品-仁果类,52.0,0.3,0.1,13.1,1.3,青香蕉苹果,青香蕉苹果，甘蕉，蕉果，芭蕉,水果,鲜果,水果类及其制品-仁果类,100g,100,g,,,,未明确,,,原始数据库（来源待追溯）,原始导入,未提供,2026-06-25,中,否,否,是,EXT0445,待来源追溯,原始数据保留；新增结构字段为规则化整理结果。,,52,
EXT0446,秋里蒙蒙苹果,秋里蒙，秋力蒙苹果,水果类及其制品-仁果类,43.0,0.2,0.2,11.9,3.7,秋里蒙蒙苹果,秋里蒙蒙苹果，秋里蒙，秋力蒙苹果,水果,鲜果,水果类及其制品-仁果类,100g,100,g,,,,未明确,,,原始数据库（来源待追溯）,原始导入,未提供,2026-06-25,中,否,否,是,EXT0446,待来源追溯,原始数据保留；新增结构字段为规则化整理结果。,,43,
EXT0447,香玉苹果,,水果类及其制品-仁果类,62.0,0.5,0.1,15.7,1.7,香玉苹果,香玉苹果,水果,鲜果,水果类及其制品-仁果类,100g,100,g,,,,未明确,,,原始数据库（来源待追溯）,原始导入,未提供,2026-06-25,中,否,否,是,EXT0447,待来源追溯,原始数据保留；新增结构字段为规则化整理结果。,,62,
EXT0448,印度苹果,印度青，青香蕉苹果，甜香蕉,水果类及其制品-仁果类,54.0,0.6,0.2,14.8,4.9,印度苹果,印度苹果，印度青，青香蕉苹果，甜香蕉,水果,鲜果,水果类及其制品-仁果类,100g,100,g,,,,未明确,,,原始数据库（来源待追溯）,原始导入,未提供,2026-06-25,中,否,否,是,EXT0448,待来源追溯,原始数据保留；新增结构字段为规则化整理结果。,,54,
EXT0449,祝光苹果,,水果类及其制品-仁果类,50.0,0.4,0.1,12.5,1.5,祝光苹果,祝光苹果,水果,鲜果,水果类及其制品-仁果类,100g,100,g,,,,未明确,,,原始数据库（来源待追溯）,原始导入,未提供,2026-06-25,中,否,否,是,EXT0449,待来源追溯,原始数据保留；新增结构字段为规则化整理结果。,,50,
EXT0450,倭锦苹果,,水果类及其制品-仁果类,54.0,0.2,0.2,13.6,1.7,倭锦苹果,倭锦苹果,水果,鲜果,水果类及其制品-仁果类,100g,100,g,,,,未明确,,,原始数据库（来源待追溯）,原始导入,未提供,2026-06-25,中,否,否,是,EXT0450,待来源追溯,原始数据保留；新增结构字段为规则化整理结果。,,54,
EXT0451,苹果（罐头）,,水果类及其制品-仁果类,41.0,0.2,0.2,10.3,1.3,苹果（罐头）,苹果（罐头）,水果,水果制品,水果类及其制品-仁果类,100g,100,g,,,,未明确,,,原始数据库（来源待追溯）,原始导入,未提供,2026-06-25,中,否,否,是,EXT0451,待来源追溯,原始数据保留；新增结构字段为规则化整理结果。,,41,
EXT0452,梨（代表值）,,水果类及其制品-仁果类,51.0,0.3,0.1,13.1,2.6,梨（代表值）,梨（代表值）,水果,鲜果,水果类及其制品-仁果类,100g,100,g,,,,未明确,,,原始数据库（来源待追溯）,原始导入,未提供,2026-06-25,中,否,否,是,EXT0452,待来源追溯,原始数据保留；新增结构字段为规则化整理结果。,,51,
EXT0453,梨（巴梨）,,水果类及其制品-仁果类,51.0,0.4,0.2,12.9,2.2,梨（巴梨）,梨（巴梨）,水果,鲜果,水果类及其制品-仁果类,100g,100,g,,,,未明确,,,原始数据库（来源待追溯）,原始导入,未提供,2026-06-25,中,否,否,是,EXT0453,待来源追溯,原始数据保留；新增结构字段为规则化整理结果。,,51,
EXT0454,长把梨,,水果类及其制品-仁果类,62.0,0.8,0.8,14.9,4.0,长把梨,长把梨,水果,鲜果,水果类及其制品-仁果类,100g,100,g,,,,未明确,,,原始数据库（来源待追溯）,原始导入,未提供,2026-06-25,中,否,否,是,EXT0454,待来源追溯,原始数据保留；新增结构字段为规则化整理结果。,,62,
EXT0455,冬果梨,冬果梨，兰州冬果，冻梨,水果类及其制品-仁果类,46.0,0.4,0.2,12.8,4.3,冬果梨,冬果梨，兰州冬果，冻梨,水果,鲜果,水果类及其制品-仁果类,100g,100,g,,,,未明确,,,原始数据库（来源待追溯）,原始导入,未提供,2026-06-25,中,否,否,是,EXT0455,待来源追溯,原始数据保留；新增结构字段为规则化整理结果。,,46,
EXT0456,鹅黄梨,,水果类及其制品-仁果类,41.0,0.3,0.1,10.7,1.9,鹅黄梨,鹅黄梨,水果,鲜果,水果类及其制品-仁果类,100g,100,g,,,,未明确,,,原始数据库（来源待追溯）,原始导入,未提供,2026-06-25,中,否,否,是,EXT0456,待来源追溯,原始数据保留；新增结构字段为规则化整理结果。,,41,
EXT0457,红肖梨,红肖梨，红梨，肖梨，北京红梨,水果类及其制品-仁果类,36.0,0.2,0.0,10.5,3.2,红肖梨,红肖梨，红梨，肖梨，北京红梨,水果,鲜果,水果类及其制品-仁果类,100g,100,g,,,,未明确,,,原始数据库（来源待追溯）,原始导入,未提供,2026-06-25,中,否,否,是,EXT0457,待来源追溯,原始数据保留；新增结构字段为规则化整理结果。,,36,
EXT0458,锦丰梨,,水果类及其制品-仁果类,51.0,0.2,0.1,13.9,3.2,锦丰梨,锦丰梨,水果,鲜果,水果类及其制品-仁果类,100g,100,g,,,,未明确,,,原始数据库（来源待追溯）,原始导入,未提供,2026-06-25,中,否,否,是,EXT0458,待来源追溯,原始数据保留；新增结构字段为规则化整理结果。,,51,
EXT0459,京白梨,,水果类及其制品-仁果类,57.0,0.2,0.5,13.7,1.4,京白梨,京白梨,水果,鲜果,水果类及其制品-仁果类,100g,100,g,,,,未明确,,,原始数据库（来源待追溯）,原始导入,未提供,2026-06-25,中,否,否,是,EXT0459,待来源追溯,原始数据保留；新增结构字段为规则化整理结果。,,57,
EXT0460,库尔勒香梨,,水果类及其制品-仁果类,42.0,0.1,0.1,13.4,6.7,库尔勒香梨,库尔勒香梨,水果,鲜果,水果类及其制品-仁果类,100g,100,g,,,,未明确,,,原始数据库（来源待追溯）,原始导入,未提供,2026-06-25,中,否,否,是,EXT0460,待来源追溯,原始数据保留；新增结构字段为规则化整理结果。,,42,
EXT0461,莱阳梨,,水果类及其制品-仁果类,54.0,0.3,0.2,14.1,2.6,莱阳梨,莱阳梨,水果,鲜果,水果类及其制品-仁果类,100g,100,g,,,,未明确,,,原始数据库（来源待追溯）,原始导入,未提供,2026-06-25,中,否,否,是,EXT0461,待来源追溯,原始数据保留；新增结构字段为规则化整理结果。,,54,
EXT0462,马蹄黄梨,,水果类及其制品-仁果类,50.0,0.3,0.1,12.5,1.3,马蹄黄梨,马蹄黄梨,水果,鲜果,水果类及其制品-仁果类,100g,100,g,,,,未明确,,,原始数据库（来源待追溯）,原始导入,未提供,2026-06-25,中,否,否,是,EXT0462,待来源追溯,原始数据保留；新增结构字段为规则化整理结果。,,50,
EXT0463,明月梨,,水果类及其制品-仁果类,54.0,0.3,0.2,13.3,0.9,明月梨,明月梨,水果,鲜果,水果类及其制品-仁果类,100g,100,g,,,,未明确,,,原始数据库（来源待追溯）,原始导入,未提供,2026-06-25,中,否,否,是,EXT0463,待来源追溯,原始数据保留；新增结构字段为规则化整理结果。,,54,
EXT0464,木梨,,水果类及其制品-仁果类,32.0,0.4,0.1,8.2,1.9,木梨,木梨,水果,鲜果,水果类及其制品-仁果类,100g,100,g,,,,未明确,,,原始数据库（来源待追溯）,原始导入,未提供,2026-06-25,中,否,否,是,EXT0464,待来源追溯,原始数据保留；新增结构字段为规则化整理结果。,,32,
EXT0465,苹果梨,苹果梨，延边梨，延边苹果梨,水果类及其制品-仁果类,53.0,0.2,0.1,13.9,2.3,苹果梨,苹果梨，延边梨，延边苹果梨,水果,鲜果,水果类及其制品-仁果类,100g,100,g,,,,未明确,,,原始数据库（来源待追溯）,原始导入,未提供,2026-06-25,中,否,否,是,EXT0465,待来源追溯,原始数据保留；新增结构字段为规则化整理结果。,,53,
EXT0466,软梨,,水果类及其制品-仁果类,32.0,0.4,0.2,11.7,9.1,软梨,软梨,水果,鲜果,水果类及其制品-仁果类,100g,100,g,,,,未明确,,,原始数据库（来源待追溯）,原始导入,未提供,2026-06-25,中,否,否,是,EXT0466,待来源追溯,原始数据保留；新增结构字段为规则化整理结果。,,32,
EXT0467,苏梅梨,,水果类及其制品-仁果类,77.0,1.2,0.2,20.5,5.7,苏梅梨,苏梅梨,水果,鲜果,水果类及其制品-仁果类,100g,100,g,,,,未明确,,,原始数据库（来源待追溯）,原始导入,未提供,2026-06-25,中,否,否,是,EXT0467,待来源追溯,原始数据保留；新增结构字段为规则化整理结果。,,77,
EXT0468,苏木梨,,水果类及其制品-仁果类,52.0,0.6,0.3,13.1,2.5,苏木梨,苏木梨,水果,鲜果,水果类及其制品-仁果类,100g,100,g,,,,未明确,,,原始数据库（来源待追溯）,原始导入,未提供,2026-06-25,中,否,否,是,EXT0468,待来源追溯,原始数据保留；新增结构字段为规则化整理结果。,,52,
EXT0469,酥梨,,水果类及其制品-仁果类,45.0,0.3,0.1,11.4,1.2,酥梨,酥梨,水果,鲜果,水果类及其制品-仁果类,100g,100,g,,,,未明确,,,原始数据库（来源待追溯）,原始导入,未提供,2026-06-25,中,否,否,是,EXT0469,待来源追溯,原始数据保留；新增结构字段为规则化整理结果。,,45,
EXT0470,酸梨,,水果类及其制品-仁果类,33.0,0.1,0.1,9.8,3.7,酸梨,酸梨,水果,鲜果,水果类及其制品-仁果类,100g,100,g,,,,未明确,,,原始数据库（来源待追溯）,原始导入,未提供,2026-06-25,中,否,否,是,EXT0470,待来源追溯,原始数据保留；新增结构字段为规则化整理结果。,,33,
EXT0471,香梨,,水果类及其制品-仁果类,51.0,0.3,0.1,13.6,2.7,香梨,香梨,水果,鲜果,水果类及其制品-仁果类,100g,100,g,,,,未明确,,,原始数据库（来源待追溯）,原始导入,未提供,2026-06-25,中,否,否,是,EXT0471,待来源追溯,原始数据保留；新增结构字段为规则化整理结果。,,51,
EXT0472,雪花梨,雪花梨，象牙梨，大雪花,水果类及其制品-仁果类,42.0,0.2,0.1,10.6,0.8,雪花梨,雪花梨，象牙梨，大雪花,水果,鲜果,水果类及其制品-仁果类,100g,100,g,,,,未明确,,,原始数据库（来源待追溯）,原始导入,未提供,2026-06-25,中,否,否,是,EXT0472,待来源追溯,原始数据保留；新增结构字段为规则化整理结果。,,42,
EXT0473,雪梨,,水果类及其制品-仁果类,79.0,0.9,0.1,20.2,3.0,雪梨,雪梨,水果,鲜果,水果类及其制品-仁果类,100g,100,g,,,,未明确,,,原始数据库（来源待追溯）,原始导入,未提供,2026-06-25,中,否,否,是,EXT0473,待来源追溯,原始数据保留；新增结构字段为规则化整理结果。,,79,
EXT0474,鸭广梨,,水果类及其制品-仁果类,60.0,0.6,0.2,16.5,5.1,鸭广梨,鸭广梨,水果,鲜果,水果类及其制品-仁果类,100g,100,g,,,,未明确,,,原始数据库（来源待追溯）,原始导入,未提供,2026-06-25,中,否,否,是,EXT0474,待来源追溯,原始数据保留；新增结构字段为规则化整理结果。,,60,
EXT0475,鸭梨,鸭梨，白梨，鸭嘴梨，天津鸭梨,水果类及其制品-仁果类,45.0,0.2,0.2,11.1,1.1,鸭梨,鸭梨，白梨，鸭嘴梨，天津鸭梨,水果,鲜果,水果类及其制品-仁果类,100g,100,g,,,,未明确,,,原始数据库（来源待追溯）,原始导入,未提供,2026-06-25,中,否,否,是,EXT0475,待来源追溯,原始数据保留；新增结构字段为规则化整理结果。,,45,
EXT0476,早酥梨,,水果类及其制品-仁果类,50.0,0.2,0.2,13.6,3.6,早酥梨,早酥梨,水果,鲜果,水果类及其制品-仁果类,100g,100,g,,,,未明确,,,原始数据库（来源待追溯）,原始导入,未提供,2026-06-25,中,否,否,是,EXT0476,待来源追溯,原始数据保留；新增结构字段为规则化整理结果。,,50,
EXT0477,紫酥梨,,水果类及其制品-仁果类,51.0,0.3,0.1,13.3,2.0,紫酥梨,紫酥梨,水果,鲜果,水果类及其制品-仁果类,100g,100,g,,,,未明确,,,原始数据库（来源待追溯）,原始导入,未提供,2026-06-25,中,否,否,是,EXT0477,待来源追溯,原始数据保留；新增结构字段为规则化整理结果。,,51,
EXT0478,鳄梨,,水果类及其制品-仁果类,171.0,2.0,15.3,7.4,2.1,鳄梨,鳄梨,水果,鲜果,水果类及其制品-仁果类,100g,100,g,,,,未明确,,,原始数据库（来源待追溯）,原始导入,未提供,2026-06-25,中,否,否,是,EXT0478,待来源追溯,原始数据保留；新增结构字段为规则化整理结果。,,171,
EXT0479,冬果梨（罐头）,冬果梨，兰州冬果，冻梨,水果类及其制品-仁果类,56.0,0.3,0.0,15.9,4.5,冬果梨（罐头）,冬果梨（罐头），冬果梨，兰州冬果，冻梨,水果,水果制品,水果类及其制品-仁果类,100g,100,g,,,,未明确,,,原始数据库（来源待追溯）,原始导入,未提供,2026-06-25,中,否,否,是,EXT0479,待来源追溯,原始数据保留；新增结构字段为规则化整理结果。,,56,
EXT0480,梨（糖水罐头）,,水果类及其制品-仁果类,36.0,0.5,0.2,8.8,1.4,梨（糖水罐头）,梨（糖水罐头）,水果,水果制品,水果类及其制品-仁果类,100g,100,g,,,,未明确,,,原始数据库（来源待追溯）,原始导入,未提供,2026-06-25,中,否,否,是,EXT0480,待来源追溯,原始数据保留；新增结构字段为规则化整理结果。,,36,
EXT0481,红果 [山里红，大山楂],山里红，大山楂,水果类及其制品-仁果类,102.0,0.5,0.6,25.1,3.1,红果 [山里红，大山楂],红果 [山里红，大山楂]，山里红，大山楂,水果,鲜果,水果类及其制品-仁果类,100g,100,g,,,,未明确,,,原始数据库（来源待追溯）,原始导入,未提供,2026-06-25,中,否,否,是,EXT0481,待来源追溯,原始数据保留；新增结构字段为规则化整理结果。,,102,
EXT0482,红果（干）,山楂，山里红，酸楂,水果类及其制品-仁果类,251.0,4.3,2.2,78.4,49.7,红果（干）,红果（干），山楂，山里红，酸楂,水果,水果制品,水果类及其制品-仁果类,100g,100,g,,,,干制,,,原始数据库（来源待追溯）,原始导入,未提供,2026-06-25,中,否,否,是,EXT0482,待来源追溯,原始数据保留；新增结构字段为规则化整理结果。,,251,
EXT0483,海棠果 [楸子],楸子,水果类及其制品-仁果类,76.0,0.3,0.2,19.2,1.8,海棠果 [楸子],海棠果 [楸子]，楸子,水果,鲜果,水果类及其制品-仁果类,100g,100,g,,,,未明确,,,原始数据库（来源待追溯）,原始导入,未提供,2026-06-25,中,否,否,是,EXT0483,待来源追溯,原始数据保留；新增结构字段为规则化整理结果。,,76,
EXT0484,海棠果（罐头）,,水果类及其制品-仁果类,56.0,0.5,0.2,13.6,1.3,海棠果（罐头）,海棠果（罐头）,水果,水果制品,水果类及其制品-仁果类,100g,100,g,,,,未明确,,,原始数据库（来源待追溯）,原始导入,未提供,2026-06-25,中,否,否,是,EXT0484,待来源追溯,原始数据保留；新增结构字段为规则化整理结果。,,56,
EXT0485,沙果,,水果类及其制品-仁果类,70.0,0.4,0.1,17.8,2.0,沙果,沙果,水果,鲜果,水果类及其制品-仁果类,100g,100,g,,,,未明确,,,原始数据库（来源待追溯）,原始导入,未提供,2026-06-25,中,否,否,是,EXT0485,待来源追溯,原始数据保留；新增结构字段为规则化整理结果。,,70,
EXT0486,吊蛋,,水果类及其制品-仁果类,65.0,0.8,0.4,16.8,4.4,吊蛋,吊蛋,水果,鲜果,水果类及其制品-仁果类,100g,100,g,,,,未明确,,,原始数据库（来源待追溯）,原始导入,未提供,2026-06-25,中,否,否,是,EXT0486,待来源追溯,原始数据保留；新增结构字段为规则化整理结果。,,65,
EXT0487,面蛋,,水果类及其制品-仁果类,91.0,1.6,0.5,21.7,3.3,面蛋,面蛋,水果,鲜果,水果类及其制品-仁果类,100g,100,g,,,,未明确,,,原始数据库（来源待追溯）,原始导入,未提供,2026-06-25,中,否,否,是,EXT0487,待来源追溯,原始数据保留；新增结构字段为规则化整理结果。,,91,
EXT0488,酸刺,,水果类及其制品-仁果类,112.0,2.8,0.3,25.5,2.2,酸刺,酸刺,水果,鲜果,水果类及其制品-仁果类,100g,100,g,,,,未明确,,,原始数据库（来源待追溯）,原始导入,未提供,2026-06-25,中,否,否,是,EXT0488,待来源追溯,原始数据保留；新增结构字段为规则化整理结果。,,112,
EXT0489,蛇果,,水果类及其制品-仁果类,59.0,0.1,0.2,14.9,0.0,蛇果,蛇果,水果,鲜果,水果类及其制品-仁果类,100g,100,g,,,,未明确,,,原始数据库（来源待追溯）,原始导入,未提供,2026-06-25,中,否,否,是,EXT0489,待来源追溯,原始数据保留；新增结构字段为规则化整理结果。,,59,
EXT0490,橙,,水果类及其制品-柑橘类,48.0,0.8,0.2,11.1,0.6,橙,橙,水果,鲜果,水果类及其制品-柑橘类,100g,100,g,,,,未明确,,,原始数据库（来源待追溯）,原始导入,未提供,2026-06-25,中,否,否,是,EXT0490,待来源追溯,原始数据保留；新增结构字段为规则化整理结果。,,48,
EXT0491,福橘,福建橘子，福橘，红橘，朱橘,水果类及其制品-柑橘类,46.0,1.0,0.2,10.3,0.4,福橘,福橘，福建橘子，红橘，朱橘,水果,鲜果,水果类及其制品-柑橘类,100g,100,g,,,,未明确,,,原始数据库（来源待追溯）,原始导入,未提供,2026-06-25,中,否,否,是,EXT0491,待来源追溯,原始数据保留；新增结构字段为规则化整理结果。,,46,
EXT0492,橘柑子[宽皮桂],宽皮桂,水果类及其制品-柑橘类,44.0,0.8,0.1,10.2,0.5,橘柑子[宽皮桂],橘柑子[宽皮桂]，宽皮桂,水果,鲜果,水果类及其制品-柑橘类,100g,100,g,,,,未明确,,,原始数据库（来源待追溯）,原始导入,未提供,2026-06-25,中,否,否,是,EXT0492,待来源追溯,原始数据保留；新增结构字段为规则化整理结果。,,44,
EXT0493,橘(金橘)[金枣],金枣,水果类及其制品-柑橘类,58.0,1.0,0.2,13.7,1.4,橘(金橘)[金枣],橘(金橘)[金枣]，金枣,水果,鲜果,水果类及其制品-柑橘类,100g,100,g,,,,未明确,,,原始数据库（来源待追溯）,原始导入,未提供,2026-06-25,中,否,否,是,EXT0493,待来源追溯,原始数据保留；新增结构字段为规则化整理结果。,,58,
EXT0494,芦橘,,水果类及其制品-柑橘类,44.0,0.6,0.2,10.3,0.6,芦橘,芦橘,水果,鲜果,水果类及其制品-柑橘类,100g,100,g,,,,未明确,,,原始数据库（来源待追溯）,原始导入,未提供,2026-06-25,中,否,否,是,EXT0494,待来源追溯,原始数据保留；新增结构字段为规则化整理结果。,,44,
EXT0495,蜜橘,蜜桔，甜橘子，无核蜜橘,水果类及其制品-柑橘类,45.0,0.8,0.4,10.3,1.4,蜜橘,蜜橘，蜜桔，甜橘子，无核蜜橘,水果,鲜果,水果类及其制品-柑橘类,100g,100,g,,,,未明确,,,原始数据库（来源待追溯）,原始导入,未提供,2026-06-25,中,否,否,是,EXT0495,待来源追溯,原始数据保留；新增结构字段为规则化整理结果。,,45,
EXT0496,三湖红橘,,水果类及其制品-柑橘类,43.0,0.8,0.3,10.0,1.3,三湖红橘,三湖红橘,水果,鲜果,水果类及其制品-柑橘类,100g,100,g,,,,未明确,,,原始数据库（来源待追溯）,原始导入,未提供,2026-06-25,中,否,否,是,EXT0496,待来源追溯,原始数据保留；新增结构字段为规则化整理结果。,,43,
EXT0497,橘(四川红橘),,水果类及其制品-柑橘类,42.0,0.7,0.1,9.8,0.7,橘(四川红橘),橘(四川红橘),水果,鲜果,水果类及其制品-柑橘类,100g,100,g,,,,未明确,,,原始数据库（来源待追溯）,原始导入,未提供,2026-06-25,中,否,否,是,EXT0497,待来源追溯,原始数据保留；新增结构字段为规则化整理结果。,,42,
EXT0498,小叶橘,,水果类及其制品-柑橘类,40.0,1.1,0.2,8.8,0.9,小叶橘,小叶橘,水果,鲜果,水果类及其制品-柑橘类,100g,100,g,,,,未明确,,,原始数据库（来源待追溯）,原始导入,未提供,2026-06-25,中,否,否,是,EXT0498,待来源追溯,原始数据保留；新增结构字段为规则化整理结果。,,40,
EXT0499,早橘,,水果类及其制品-柑橘类,57.0,1.2,0.2,12.6,0.1,早橘,早橘,水果,鲜果,水果类及其制品-柑橘类,100g,100,g,,,,未明确,,,原始数据库（来源待追溯）,原始导入,未提供,2026-06-25,中,否,否,是,EXT0499,待来源追溯,原始数据保留；新增结构字段为规则化整理结果。,,57,
EXT0500,橘饼,,水果类及其制品-柑橘类,371.0,0.6,0.4,92.9,3.5,橘饼,橘饼,水果,鲜果,水果类及其制品-柑橘类,100g,100,g,,,,未明确,,,原始数据库（来源待追溯）,原始导入,未提供,2026-06-25,中,否,否,是,EXT0500,待来源追溯,原始数据保留；新增结构字段为规则化整理结果。,,371,
EXT0501,柚[文旦],文旦,水果类及其制品-柑橘类,42.0,0.8,0.2,9.5,0.4,柚[文旦],柚[文旦]，文旦,水果,鲜果,水果类及其制品-柑橘类,100g,100,g,,,,未明确,,,原始数据库（来源待追溯）,原始导入,未提供,2026-06-25,中,否,否,是,EXT0501,待来源追溯,原始数据保留；新增结构字段为规则化整理结果。,,42,
EXT0502,柠檬,柠果，益母果，柠果,水果类及其制品-柑橘类,37.0,1.1,1.2,6.2,1.3,柠檬,柠檬，柠果，益母果,水果,鲜果,水果类及其制品-柑橘类,100g,100,g,,,,未明确,,,原始数据库（来源待追溯）,原始导入,未提供,2026-06-25,中,否,否,是,EXT0502,待来源追溯,原始数据保留；新增结构字段为规则化整理结果。,,37,
EXT0503,葡萄柚 [西柚],西柚,水果类及其制品-柑橘类,33.0,0.7,0.3,7.8,0.0,葡萄柚 [西柚],葡萄柚 [西柚]，西柚,水果,鲜果,水果类及其制品-柑橘类,100g,100,g,,,,未明确,,,原始数据库（来源待追溯）,原始导入,未提供,2026-06-25,低,否,否,否,EXT0503,同名冲突待核验,原始数据保留；新增结构字段为规则化整理结果。,,33,
EXT0504,葡萄柚 [西柚],西柚,水果类及其制品-柑橘类,40.0,0.7,0.1,10.0,0.0,葡萄柚 [西柚],葡萄柚 [西柚]，西柚,水果,鲜果,水果类及其制品-柑橘类,100g,100,g,,,,未明确,,,原始数据库（来源待追溯）,原始导入,未提供,2026-06-25,低,否,否,否,EXT0504,同名冲突待核验,原始数据保留；新增结构字段为规则化整理结果。,,40,
EXT0505,桃（代表值）,桃子，蜜桃，水蜜桃,水果类及其制品-核果类,42.0,0.6,0.1,10.1,1.0,桃（代表值）,桃（代表值），桃子，蜜桃，水蜜桃,水果,鲜果,水果类及其制品-核果类,100g,100,g,,,,未明确,,,原始数据库（来源待追溯）,原始导入,未提供,2026-06-25,中,否,否,是,EXT0505,待来源追溯,原始数据保留；新增结构字段为规则化整理结果。,,42,
EXT0506,白粉桃,,水果类及其制品-核果类,26.0,1.3,0.1,5.5,0.9,白粉桃,白粉桃,水果,鲜果,水果类及其制品-核果类,100g,100,g,,,,未明确,,,原始数据库（来源待追溯）,原始导入,未提供,2026-06-25,中,否,否,是,EXT0506,待来源追溯,原始数据保留；新增结构字段为规则化整理结果。,,26,
EXT0507,高山白桃,,水果类及其制品-核果类,42.0,0.7,0.2,10.1,1.3,高山白桃,高山白桃,水果,鲜果,水果类及其制品-核果类,100g,100,g,,,,未明确,,,原始数据库（来源待追溯）,原始导入,未提供,2026-06-25,中,否,否,是,EXT0507,待来源追溯,原始数据保留；新增结构字段为规则化整理结果。,,42,
EXT0508,早久保桃,,水果类及其制品-核果类,48.0,0.9,0.1,11.3,0.8,早久保桃,早久保桃,水果,鲜果,水果类及其制品-核果类,100g,100,g,,,,未明确,,,原始数据库（来源待追溯）,原始导入,未提供,2026-06-25,中,否,否,是,EXT0508,待来源追溯,原始数据保留；新增结构字段为规则化整理结果。,,48,
EXT0509,桃（黄桃）,黄桃，黄肉桃，黄蜜桃,水果类及其制品-核果类,56.0,0.5,0.1,14.0,1.2,桃（黄桃）,桃（黄桃），黄桃，黄肉桃，黄蜜桃,水果,鲜果,水果类及其制品-核果类,100g,100,g,,,,未明确,,,原始数据库（来源待追溯）,原始导入,未提供,2026-06-25,中,否,否,是,EXT0509,待来源追溯,原始数据保留；新增结构字段为规则化整理结果。,,56,
EXT0510,金红桃,,水果类及其制品-核果类,28.0,0.7,0.1,6.6,1.0,金红桃,金红桃,水果,鲜果,水果类及其制品-核果类,100g,100,g,,,,未明确,,,原始数据库（来源待追溯）,原始导入,未提供,2026-06-25,中,否,否,是,EXT0510,待来源追溯,原始数据保留；新增结构字段为规则化整理结果。,,28,
EXT0511,桃（久保桃）,,水果类及其制品-核果类,42.0,0.6,0.1,10.0,0.6,桃（久保桃）,桃（久保桃）,水果,鲜果,水果类及其制品-核果类,100g,100,g,,,,未明确,,,原始数据库（来源待追溯）,原始导入,未提供,2026-06-25,中,否,否,是,EXT0511,待来源追溯,原始数据保留；新增结构字段为规则化整理结果。,,42,
EXT0512,蒲桃,,水果类及其制品-核果类,39.0,0.5,0.2,10.2,2.8,蒲桃,蒲桃,水果,鲜果,水果类及其制品-核果类,100g,100,g,,,,未明确,,,原始数据库（来源待追溯）,原始导入,未提供,2026-06-25,中,否,否,是,EXT0512,待来源追溯,原始数据保留；新增结构字段为规则化整理结果。,,39,
EXT0513,庆丰桃,,水果类及其制品-核果类,42.0,0.6,0.1,10.1,0.9,庆丰桃,庆丰桃,水果,鲜果,水果类及其制品-核果类,100g,100,g,,,,未明确,,,原始数据库（来源待追溯）,原始导入,未提供,2026-06-25,中,否,否,是,EXT0513,待来源追溯,原始数据保留；新增结构字段为规则化整理结果。,,42,
EXT0514,晚桃（黄）,,水果类及其制品-核果类,41.0,0.7,0.2,9.6,1.0,晚桃（黄）,晚桃（黄）,水果,鲜果,水果类及其制品-核果类,100g,100,g,,,,未明确,,,原始数据库（来源待追溯）,原始导入,未提供,2026-06-25,中,否,否,是,EXT0514,待来源追溯,原始数据保留；新增结构字段为规则化整理结果。,,41,
EXT0515,五月鲜桃,,水果类及其制品-核果类,41.0,0.4,0.1,10.0,0.9,五月鲜桃,五月鲜桃,水果,鲜果,水果类及其制品-核果类,100g,100,g,,,,生/鲜,,,原始数据库（来源待追溯）,原始导入,未提供,2026-06-25,中,否,否,是,EXT0515,待来源追溯,原始数据保留；新增结构字段为规则化整理结果。,,41,
EXT0516,早桃（黄）,,水果类及其制品-核果类,41.0,0.4,0.1,10.1,1.1,早桃（黄）,早桃（黄）,水果,鲜果,水果类及其制品-核果类,100g,100,g,,,,未明确,,,原始数据库（来源待追溯）,原始导入,未提供,2026-06-25,中,否,否,是,EXT0516,待来源追溯,原始数据保留；新增结构字段为规则化整理结果。,,41,
EXT0517,蜜桃,,水果类及其制品-核果类,46.0,0.6,0.1,11.0,0.6,蜜桃,蜜桃,水果,鲜果,水果类及其制品-核果类,100g,100,g,,,,未明确,,,原始数据库（来源待追溯）,原始导入,未提供,2026-06-25,中,否,否,是,EXT0517,待来源追溯,原始数据保留；新增结构字段为规则化整理结果。,,46,
EXT0518,桃（糖水罐头）,,水果类及其制品-核果类,60.0,0.3,0.2,14.5,0.0,桃（糖水罐头）,桃（糖水罐头）,水果,水果制品,水果类及其制品-核果类,100g,100,g,,,,未明确,,,原始数据库（来源待追溯）,原始导入,未提供,2026-06-25,中,否,否,是,EXT0518,待来源追溯,原始数据保留；新增结构字段为规则化整理结果。,,60,
EXT0519,李子,李，布林，嘉庆子,水果类及其制品-核果类,38.0,0.7,0.2,8.7,0.9,李子,李子，李，布林，嘉庆子,水果,鲜果,水果类及其制品-核果类,100g,100,g,,,,未明确,,,原始数据库（来源待追溯）,原始导入,未提供,2026-06-25,中,否,否,是,EXT0519,待来源追溯,原始数据保留；新增结构字段为规则化整理结果。,,38,
EXT0520,李子杏,李，布林，嘉庆子,水果类及其制品-核果类,37.0,1.0,0.1,8.6,1.1,李子杏,李子杏，李，布林，嘉庆子,水果,鲜果,水果类及其制品-核果类,100g,100,g,,,,未明确,,,原始数据库（来源待追溯）,原始导入,未提供,2026-06-25,中,否,否,是,EXT0520,待来源追溯,原始数据保留；新增结构字段为规则化整理结果。,,37,
EXT0521,梅 [青梅],青梅,水果类及其制品-核果类,34.0,0.9,0.9,6.2,1.0,梅 [青梅],梅 [青梅]，青梅,水果,鲜果,水果类及其制品-核果类,100g,100,g,,,,未明确,,,原始数据库（来源待追溯）,原始导入,未提供,2026-06-25,中,否,否,是,EXT0521,待来源追溯,原始数据保留；新增结构字段为规则化整理结果。,,34,
EXT0522,杏,杏子，甜杏，杏实,水果类及其制品-核果类,38.0,0.9,0.1,9.1,1.3,杏,杏，杏子，甜杏，杏实,水果,鲜果,水果类及其制品-核果类,100g,100,g,,,,未明确,,,原始数据库（来源待追溯）,原始导入,未提供,2026-06-25,中,否,否,是,EXT0522,待来源追溯,原始数据保留；新增结构字段为规则化整理结果。,,38,
EXT0523,杏（罐头）,杏子，甜杏，杏实,水果类及其制品-核果类,40.0,0.6,0.2,9.7,1.4,杏（罐头）,杏（罐头），杏子，甜杏，杏实,水果,水果制品,水果类及其制品-核果类,100g,100,g,,,,未明确,,,原始数据库（来源待追溯）,原始导入,未提供,2026-06-25,中,否,否,是,EXT0523,待来源追溯,原始数据保留；新增结构字段为规则化整理结果。,,40,
EXT0524,杏干,,水果类及其制品-核果类,338.0,2.7,0.4,83.2,4.4,杏干,杏干,水果,水果制品,水果类及其制品-核果类,100g,100,g,,,,未明确,,,原始数据库（来源待追溯）,原始导入,未提供,2026-06-25,中,否,否,是,EXT0524,待来源追溯,原始数据保留；新增结构字段为规则化整理结果。,,338,
EXT0525,布朗,,水果类及其制品-核果类,44.0,0.6,0.2,10.7,0.0,布朗,布朗,水果,鲜果,水果类及其制品-核果类,100g,100,g,,,,未明确,,,原始数据库（来源待追溯）,原始导入,未提供,2026-06-25,中,否,否,是,EXT0525,待来源追溯,原始数据保留；新增结构字段为规则化整理结果。,,44,
EXT0526,西梅,,水果类及其制品-核果类,42.0,0.7,0.1,10.3,0.7,西梅,西梅,水果,鲜果,水果类及其制品-核果类,100g,100,g,,,,未明确,,,原始数据库（来源待追溯）,原始导入,未提供,2026-06-25,中,否,否,是,EXT0526,待来源追溯,原始数据保留；新增结构字段为规则化整理结果。,,42,
EXT0527,枣（鲜）,鲜枣，大枣，红枣,水果类及其制品-核果类,125.0,1.1,0.3,30.5,1.9,枣（鲜）,枣（鲜），鲜枣，大枣，红枣,水果,鲜果,水果类及其制品-核果类,100g,100,g,,,,生/鲜,,,原始数据库（来源待追溯）,原始导入,未提供,2026-06-25,中,否,否,是,EXT0527,待来源追溯,原始数据保留；新增结构字段为规则化整理结果。,,125,
EXT0528,枣（干）,干枣，红枣干，干大枣,水果类及其制品-核果类,276.0,3.2,0.5,67.8,6.2,枣（干）,枣（干），干枣，红枣干，干大枣,水果,水果制品,水果类及其制品-核果类,100g,100,g,,,,干制,,,原始数据库（来源待追溯）,原始导入,未提供,2026-06-25,中,否,否,是,EXT0528,待来源追溯,原始数据保留；新增结构字段为规则化整理结果。,,276,
EXT0529,枣（干，大）,干红枣，干大枣，红枣干,水果类及其制品-核果类,317.0,2.1,0.4,81.1,9.5,枣（干，大）,枣（干，大），干红枣，干大枣，红枣干,水果,水果制品,水果类及其制品-核果类,100g,100,g,,,,干制,,,原始数据库（来源待追溯）,原始导入,未提供,2026-06-25,中,否,否,是,EXT0529,待来源追溯,原始数据保留；新增结构字段为规则化整理结果。,,317,
EXT0530,枣（金丝小枣）,,水果类及其制品-核果类,308.0,1.2,1.1,76.7,7.0,枣（金丝小枣）,枣（金丝小枣）,水果,鲜果,水果类及其制品-核果类,100g,100,g,,,,未明确,,,原始数据库（来源待追溯）,原始导入,未提供,2026-06-25,中,否,否,是,EXT0530,待来源追溯,原始数据保留；新增结构字段为规则化整理结果。,,308,
EXT0531,乐陵枣,,水果类及其制品-核果类,233.0,3.3,0.6,57.9,8.8,乐陵枣,乐陵枣,水果,鲜果,水果类及其制品-核果类,100g,100,g,,,,未明确,,,原始数据库（来源待追溯）,原始导入,未提供,2026-06-25,中,否,否,是,EXT0531,待来源追溯,原始数据保留；新增结构字段为规则化整理结果。,,233,
EXT0532,密云小枣,,水果类及其制品-核果类,229.0,3.9,0.8,55.2,7.3,密云小枣,密云小枣,水果,鲜果,水果类及其制品-核果类,100g,100,g,,,,未明确,,,原始数据库（来源待追溯）,原始导入,未提供,2026-06-25,中,否,否,是,EXT0532,待来源追溯,原始数据保留；新增结构字段为规则化整理结果。,,229,
EXT0533,黑枣（无核）[乌枣],乌枣,水果类及其制品-核果类,234.0,1.7,0.3,57.3,2.6,黑枣（无核）[乌枣],黑枣（无核）[乌枣]，乌枣,水果,鲜果,水果类及其制品-核果类,100g,100,g,,,,未明确,,,原始数据库（来源待追溯）,原始导入,未提供,2026-06-25,中,否,否,是,EXT0533,待来源追溯,原始数据保留；新增结构字段为规则化整理结果。,,234,
EXT0534,黑枣（有核）,乌枣，熏枣，黑枣干，紫晶枣,水果类及其制品-核果类,246.0,3.7,0.5,61.4,9.2,黑枣（有核）,黑枣（有核），乌枣，熏枣，黑枣干，紫晶枣,水果,鲜果,水果类及其制品-核果类,100g,100,g,,,,未明确,,,原始数据库（来源待追溯）,原始导入,未提供,2026-06-25,中,否,否,是,EXT0534,待来源追溯,原始数据保留；新增结构字段为规则化整理结果。,,246,
EXT0535,酒枣,,水果类及其制品-核果类,148.0,1.6,0.2,35.7,1.4,酒枣,酒枣,水果,鲜果,水果类及其制品-核果类,100g,100,g,,,,未明确,,,原始数据库（来源待追溯）,原始导入,未提供,2026-06-25,中,否,否,是,EXT0535,待来源追溯,原始数据保留；新增结构字段为规则化整理结果。,,148,
EXT0536,蜜枣 [椰枣],椰枣,水果类及其制品-核果类,333.0,1.3,0.2,84.4,5.8,蜜枣 [椰枣],蜜枣 [椰枣]，椰枣,水果,鲜果,水果类及其制品-核果类,100g,100,g,,,,未明确,,,原始数据库（来源待追溯）,原始导入,未提供,2026-06-25,中,否,否,是,EXT0536,待来源追溯,原始数据保留；新增结构字段为规则化整理结果。,,333,
EXT0537,冬枣,,水果类及其制品-核果类,113.0,1.8,0.2,27.8,2.2,冬枣,冬枣,水果,鲜果,水果类及其制品-核果类,100g,100,g,,,,未明确,,,原始数据库（来源待追溯）,原始导入,未提供,2026-06-25,中,否,否,是,EXT0537,待来源追溯,原始数据保留；新增结构字段为规则化整理结果。,,113,
EXT0538,小枣（干）,干枣，红枣干，干大枣,水果类及其制品-核果类,275.0,2.7,0.7,66.8,0.0,小枣（干）,小枣（干），干枣，红枣干，干大枣,水果,水果制品,水果类及其制品-核果类,100g,100,g,,,,干制,,,原始数据库（来源待追溯）,原始导入,未提供,2026-06-25,中,否,否,是,EXT0538,待来源追溯,原始数据保留；新增结构字段为规则化整理结果。,,275,
EXT0539,酸枣,野枣，山枣，棘，酸棘,水果类及其制品-核果类,300.0,3.5,1.5,73.3,10.6,酸枣,酸枣，野枣，山枣，棘，酸棘,水果,鲜果,水果类及其制品-核果类,100g,100,g,,,,未明确,,,原始数据库（来源待追溯）,原始导入,未提供,2026-06-25,中,否,否,是,EXT0539,待来源追溯,原始数据保留；新增结构字段为规则化整理结果。,,300,
EXT0540,樱桃,车厘子，莺桃，含桃，荆桃,水果类及其制品-核果类,46.0,1.1,0.2,10.2,0.3,樱桃,樱桃，车厘子，莺桃，含桃，荆桃,水果,鲜果,水果类及其制品-核果类,100g,100,g,,,,未明确,,,原始数据库（来源待追溯）,原始导入,未提供,2026-06-25,中,否,否,是,EXT0540,待来源追溯,原始数据保留；新增结构字段为规则化整理结果。,,46,
EXT0541,樱桃（野，白刺）,车厘子，莺桃，含桃，荆桃,水果类及其制品-核果类,304.0,11.4,3.9,59.8,7.9,樱桃（野，白刺）,樱桃（野，白刺），车厘子，莺桃，含桃，荆桃,水果,鲜果,水果类及其制品-核果类,100g,100,g,,,,未明确,,,原始数据库（来源待追溯）,原始导入,未提供,2026-06-25,中,否,否,是,EXT0541,待来源追溯,原始数据保留；新增结构字段为规则化整理结果。,,304,
EXT0542,葡萄（代表值）,葡萄，红提，绿提，蒲桃,水果类及其制品-浆果类,45.0,0.4,0.3,10.3,1.0,葡萄（代表值）,葡萄（代表值），葡萄，红提，绿提，蒲桃,水果,鲜果,水果类及其制品-浆果类,100g,100,g,,,,未明确,,,原始数据库（来源待追溯）,原始导入,未提供,2026-06-25,中,否,否,是,EXT0542,待来源追溯,原始数据保留；新增结构字段为规则化整理结果。,,45,
EXT0543,红玫瑰葡萄,,水果类及其制品-浆果类,42.0,0.4,0.2,10.7,2.2,红玫瑰葡萄,红玫瑰葡萄,水果,鲜果,水果类及其制品-浆果类,100g,100,g,,,,未明确,,,原始数据库（来源待追溯）,原始导入,未提供,2026-06-25,中,否,否,是,EXT0543,待来源追溯,原始数据保留；新增结构字段为规则化整理结果。,,42,
EXT0544,葡萄（巨峰）,,水果类及其制品-浆果类,51.0,0.4,0.2,12.0,0.4,葡萄（巨峰）,葡萄（巨峰）,水果,鲜果,水果类及其制品-浆果类,100g,100,g,,,,未明确,,,原始数据库（来源待追溯）,原始导入,未提供,2026-06-25,中,否,否,是,EXT0544,待来源追溯,原始数据保留；新增结构字段为规则化整理结果。,,51,
EXT0545,葡萄（马奶子）,,水果类及其制品-浆果类,41.0,0.5,0.4,9.1,0.4,葡萄（马奶子）,葡萄（马奶子）,水果,鲜果,水果类及其制品-浆果类,100g,100,g,,,,未明确,,,原始数据库（来源待追溯）,原始导入,未提供,2026-06-25,中,否,否,是,EXT0545,待来源追溯,原始数据保留；新增结构字段为规则化整理结果。,,41,
EXT0546,葡萄（玫瑰香）,,水果类及其制品-浆果类,52.0,0.4,0.4,12.1,1.0,葡萄（玫瑰香）,葡萄（玫瑰香）,水果,鲜果,水果类及其制品-浆果类,100g,100,g,,,,未明确,,,原始数据库（来源待追溯）,原始导入,未提供,2026-06-25,中,否,否,是,EXT0546,待来源追溯,原始数据保留；新增结构字段为规则化整理结果。,,52,
EXT0547,紫葡萄,,水果类及其制品-浆果类,45.0,0.7,0.3,10.3,1.0,紫葡萄,紫葡萄,水果,鲜果,水果类及其制品-浆果类,100g,100,g,,,,未明确,,,原始数据库（来源待追溯）,原始导入,未提供,2026-06-25,中,否,否,是,EXT0547,待来源追溯,原始数据保留；新增结构字段为规则化整理结果。,,45,
EXT0548,葡萄干,,水果类及其制品-浆果类,344.0,2.5,0.4,83.4,1.6,葡萄干,葡萄干,水果,水果制品,水果类及其制品-浆果类,100g,100,g,,,,未明确,,,原始数据库（来源待追溯）,原始导入,未提供,2026-06-25,低,否,否,否,EXT0548,同名冲突待核验,原始数据保留；新增结构字段为规则化整理结果。,,344,
EXT0549,石榴（代表值）,安石榴，丹若，金罂,水果类及其制品-浆果类,72.0,1.3,0.2,18.5,4.9,石榴（代表值）,石榴（代表值），安石榴，丹若，金罂,水果,鲜果,水果类及其制品-浆果类,100g,100,g,,,,未明确,,,原始数据库（来源待追溯）,原始导入,未提供,2026-06-25,中,否,否,是,EXT0549,待来源追溯,原始数据保留；新增结构字段为规则化整理结果。,,72,
EXT0550,石榴（红粉皮）,安石榴，丹若，金罂,水果类及其制品-浆果类,74.0,1.3,0.1,19.4,4.9,石榴（红粉皮）,石榴（红粉皮），安石榴，丹若，金罂,水果,鲜果,水果类及其制品-浆果类,100g,100,g,,,,未明确,,,原始数据库（来源待追溯）,原始导入,未提供,2026-06-25,中,否,否,是,EXT0550,待来源追溯,原始数据保留；新增结构字段为规则化整理结果。,,74,
EXT0551,石榴（玛瑙）,安石榴，丹若，金罂,水果类及其制品-浆果类,72.0,1.6,0.2,18.4,4.7,石榴（玛瑙）,石榴（玛瑙），安石榴，丹若，金罂,水果,鲜果,水果类及其制品-浆果类,100g,100,g,,,,未明确,,,原始数据库（来源待追溯）,原始导入,未提供,2026-06-25,中,否,否,是,EXT0551,待来源追溯,原始数据保留；新增结构字段为规则化整理结果。,,72,
EXT0552,石榴（青皮）,安石榴，丹若，金罂,水果类及其制品-浆果类,71.0,1.2,0.2,18.5,4.9,石榴（青皮）,石榴（青皮），安石榴，丹若，金罂,水果,鲜果,水果类及其制品-浆果类,100g,100,g,,,,未明确,,,原始数据库（来源待追溯）,原始导入,未提供,2026-06-25,中,否,否,是,EXT0552,待来源追溯,原始数据保留；新增结构字段为规则化整理结果。,,71,
EXT0553,柿,柿子，红柿，朱果，盖柿,水果类及其制品-浆果类,74.0,0.4,0.1,18.5,1.4,柿,柿，柿子，红柿，朱果，盖柿,水果,鲜果,水果类及其制品-浆果类,100g,100,g,,,,未明确,,,原始数据库（来源待追溯）,原始导入,未提供,2026-06-25,中,否,否,是,EXT0553,待来源追溯,原始数据保留；新增结构字段为规则化整理结果。,,74,
EXT0554,荷柿,,水果类及其制品-浆果类,65.0,0.6,0.2,17.1,3.8,荷柿,荷柿,水果,鲜果,水果类及其制品-浆果类,100g,100,g,,,,未明确,,,原始数据库（来源待追溯）,原始导入,未提供,2026-06-25,中,否,否,是,EXT0554,待来源追溯,原始数据保留；新增结构字段为规则化整理结果。,,65,
EXT0555,磨盘柿,盖柿，磨盘，大磨盘柿，合柿,水果类及其制品-浆果类,79.0,0.7,0.1,19.6,1.5,磨盘柿,磨盘柿，盖柿，磨盘，大磨盘柿，合柿,水果,鲜果,水果类及其制品-浆果类,100g,100,g,,,,未明确,,,原始数据库（来源待追溯）,原始导入,未提供,2026-06-25,中,否,否,是,EXT0555,待来源追溯,原始数据保留；新增结构字段为规则化整理结果。,,79,
EXT0556,柿饼,干柿子，柿干，柿桃,水果类及其制品-浆果类,255.0,1.8,0.2,62.8,2.6,柿饼,柿饼，干柿子，柿干，柿桃,水果,鲜果,水果类及其制品-浆果类,100g,100,g,,,,未明确,,,原始数据库（来源待追溯）,原始导入,未提供,2026-06-25,中,否,否,是,EXT0556,待来源追溯,原始数据保留；新增结构字段为规则化整理结果。,,255,
EXT0557,桑葚（代表值）,桑果，桑枣，桑实,水果类及其制品-浆果类,57.0,1.7,0.4,13.8,4.1,桑葚（代表值）,桑葚（代表值），桑果，桑枣，桑实,水果,鲜果,水果类及其制品-浆果类,100g,100,g,,,,未明确,,,原始数据库（来源待追溯）,原始导入,未提供,2026-06-25,中,否,否,是,EXT0557,待来源追溯,原始数据保留；新增结构字段为规则化整理结果。,,57,
EXT0558,桑葚（白）,桑果，桑枣，桑实,水果类及其制品-浆果类,60.0,1.8,0.3,14.9,4.9,桑葚（白）,桑葚（白），桑果，桑枣，桑实,水果,鲜果,水果类及其制品-浆果类,100g,100,g,,,,未明确,,,原始数据库（来源待追溯）,原始导入,未提供,2026-06-25,中,否,否,是,EXT0558,待来源追溯,原始数据保留；新增结构字段为规则化整理结果。,,60,
EXT0559,桑葚（红）,桑果，桑枣，桑实,水果类及其制品-浆果类,55.0,1.6,0.4,12.9,3.3,桑葚（红）,桑葚（红），桑果，桑枣，桑实,水果,鲜果,水果类及其制品-浆果类,100g,100,g,,,,未明确,,,原始数据库（来源待追溯）,原始导入,未提供,2026-06-25,中,否,否,是,EXT0559,待来源追溯,原始数据保留；新增结构字段为规则化整理结果。,,55,
EXT0560,桑葚（干）,桑果，桑枣，桑实,水果类及其制品-浆果类,298.0,21.1,6.1,54.2,29.3,桑葚（干）,桑葚（干），桑果，桑枣，桑实,水果,水果制品,水果类及其制品-浆果类,100g,100,g,,,,干制,,,原始数据库（来源待追溯）,原始导入,未提供,2026-06-25,中,否,否,是,EXT0560,待来源追溯,原始数据保留；新增结构字段为规则化整理结果。,,298,
EXT0561,醋栗 [灯笼果],灯笼果,水果类及其制品-浆果类,46.0,0.9,0.6,10.2,1.9,醋栗 [灯笼果],醋栗 [灯笼果]，灯笼果,水果,鲜果,水果类及其制品-浆果类,100g,100,g,,,,未明确,,,原始数据库（来源待追溯）,原始导入,未提供,2026-06-25,中,否,否,是,EXT0561,待来源追溯,原始数据保留；新增结构字段为规则化整理结果。,,46,
EXT0562,黑醋栗 [黑加仑],黑加仑,水果类及其制品-浆果类,66.0,1.4,0.4,15.4,2.4,黑醋栗 [黑加仑],黑醋栗 [黑加仑]，黑加仑,水果,鲜果,水果类及其制品-浆果类,100g,100,g,,,,未明确,,,原始数据库（来源待追溯）,原始导入,未提供,2026-06-25,中,否,否,是,EXT0562,待来源追溯,原始数据保留；新增结构字段为规则化整理结果。,,66,
EXT0563,沙棘,,水果类及其制品-浆果类,120.0,0.9,1.8,25.5,0.8,沙棘,沙棘,水果,鲜果,水果类及其制品-浆果类,100g,100,g,,,,未明确,,,原始数据库（来源待追溯）,原始导入,未提供,2026-06-25,中,否,否,是,EXT0563,待来源追溯,原始数据保留；新增结构字段为规则化整理结果。,,120,
EXT0564,无花果,蜜果，文仙果，奶浆果，映日果,水果类及其制品-浆果类,65.0,1.5,0.1,16.0,3.0,无花果,无花果，蜜果，文仙果，奶浆果，映日果,水果,鲜果,水果类及其制品-浆果类,100g,100,g,,,,未明确,,,原始数据库（来源待追溯）,原始导入,未提供,2026-06-25,中,否,否,是,EXT0564,待来源追溯,原始数据保留；新增结构字段为规则化整理结果。,,65,
EXT0565,中华猕猴桃 [毛叶猕猴桃],毛叶猕猴桃,水果类及其制品-浆果类,61.0,0.8,0.6,14.5,2.6,中华猕猴桃 [毛叶猕猴桃],中华猕猴桃 [毛叶猕猴桃]，毛叶猕猴桃,水果,鲜果,水果类及其制品-浆果类,100g,100,g,,,,未明确,,,原始数据库（来源待追溯）,原始导入,未提供,2026-06-25,中,否,否,是,EXT0565,待来源追溯,原始数据保留；新增结构字段为规则化整理结果。,,61,
EXT0566,"草莓 [洋莓, 凤阳草莓]",洋莓，凤阳草莓,水果类及其制品-浆果类,32.0,1.0,0.2,7.1,1.1,"草莓 [洋莓, 凤阳草莓]","草莓 [洋莓, 凤阳草莓]，洋莓，凤阳草莓",水果,鲜果,水果类及其制品-浆果类,100g,100,g,,,,未明确,,,原始数据库（来源待追溯）,原始导入,未提供,2026-06-25,中,否,否,是,EXT0566,待来源追溯,原始数据保留；新增结构字段为规则化整理结果。,,32,
EXT0567,红提子葡萄,,水果类及其制品-浆果类,54.0,0.4,0.2,13.1,0.0,红提子葡萄,红提子葡萄,水果,鲜果,水果类及其制品-浆果类,100g,100,g,,,,未明确,,,原始数据库（来源待追溯）,原始导入,未提供,2026-06-25,中,否,否,是,EXT0567,待来源追溯,原始数据保留；新增结构字段为规则化整理结果。,,54,
EXT0568,无花果（干）,蜜果，文仙果，奶浆果，映日果,水果类及其制品-浆果类,361.0,3.6,4.3,77.8,0.0,无花果（干）,无花果（干），蜜果，文仙果，奶浆果，映日果,水果,水果制品,水果类及其制品-浆果类,100g,100,g,,,,干制,,,原始数据库（来源待追溯）,原始导入,未提供,2026-06-25,中,否,否,是,EXT0568,待来源追溯,原始数据保留；新增结构字段为规则化整理结果。,,361,
EXT0569,芭蕉 [甘蕉，板蕉，牙蕉],甘蕉，板蕉，牙蕉,水果类及其制品-热带亚热带水果,115.0,1.2,0.1,28.9,3.1,芭蕉 [甘蕉，板蕉，牙蕉],芭蕉 [甘蕉，板蕉，牙蕉]，甘蕉，板蕉，牙蕉,水果,鲜果,水果类及其制品-热带亚热带水果,100g,100,g,,,,未明确,,,原始数据库（来源待追溯）,原始导入,未提供,2026-06-25,中,否,否,是,EXT0569,待来源追溯,原始数据保留；新增结构字段为规则化整理结果。,,115,
EXT0570,菠萝 [凤梨，地菠萝],凤梨，地菠萝,水果类及其制品-热带亚热带水果,44.0,0.5,0.1,10.8,1.3,菠萝 [凤梨，地菠萝],菠萝 [凤梨，地菠萝]，凤梨，地菠萝,水果,鲜果,水果类及其制品-热带亚热带水果,100g,100,g,,,,未明确,,,原始数据库（来源待追溯）,原始导入,未提供,2026-06-25,中,否,否,是,EXT0570,待来源追溯,原始数据保留；新增结构字段为规则化整理结果。,,44,
EXT0571,菠萝蜜 [木菠萝],木菠萝,水果类及其制品-热带亚热带水果,105.0,0.2,0.3,25.7,0.8,菠萝蜜 [木菠萝],菠萝蜜 [木菠萝]，木菠萝,水果,鲜果,水果类及其制品-热带亚热带水果,100g,100,g,,,,未明确,,,原始数据库（来源待追溯）,原始导入,未提供,2026-06-25,中,否,否,是,EXT0571,待来源追溯,原始数据保留；新增结构字段为规则化整理结果。,,105,
EXT0572,刺梨 [茨梨，木梨子],茨梨，木梨子,水果类及其制品-热带亚热带水果,63.0,0.7,0.1,16.9,4.1,刺梨 [茨梨，木梨子],刺梨 [茨梨，木梨子]，茨梨，木梨子,水果,鲜果,水果类及其制品-热带亚热带水果,100g,100,g,,,,未明确,,,原始数据库（来源待追溯）,原始导入,未提供,2026-06-25,中,否,否,是,EXT0572,待来源追溯,原始数据保留；新增结构字段为规则化整理结果。,,63,
EXT0573,番石榴 [鸡矢果，番桃],鸡矢果，番桃,水果类及其制品-热带亚热带水果,53.0,1.1,0.4,14.2,5.9,番石榴 [鸡矢果，番桃],番石榴 [鸡矢果，番桃]，鸡矢果，番桃,水果,鲜果,水果类及其制品-热带亚热带水果,100g,100,g,,,,未明确,,,原始数据库（来源待追溯）,原始导入,未提供,2026-06-25,中,否,否,是,EXT0573,待来源追溯,原始数据保留；新增结构字段为规则化整理结果。,,53,
EXT0574,桂圆,,水果类及其制品-热带亚热带水果,71.0,1.2,0.1,16.6,0.4,桂圆,桂圆,水果,鲜果,水果类及其制品-热带亚热带水果,100g,100,g,,,,未明确,,,原始数据库（来源待追溯）,原始导入,未提供,2026-06-25,中,否,否,是,EXT0574,待来源追溯,原始数据保留；新增结构字段为规则化整理结果。,,71,
EXT0575,桂圆（干）,龙眼干，干桂圆，龙眼肉,水果类及其制品-热带亚热带水果,277.0,5.0,0.2,64.8,2.0,桂圆（干）,桂圆（干），龙眼干，干桂圆，龙眼肉,水果,水果制品,水果类及其制品-热带亚热带水果,100g,100,g,,,,干制,,,原始数据库（来源待追溯）,原始导入,未提供,2026-06-25,低,否,否,否,EXT0575,同名冲突待核验,原始数据保留；新增结构字段为规则化整理结果。,,277,
EXT0576,桂圆肉,,水果类及其制品-热带亚热带水果,317.0,4.6,1.0,73.5,2.0,桂圆肉,桂圆肉,水果,鲜果,水果类及其制品-热带亚热带水果,100g,100,g,,,,未明确,,,原始数据库（来源待追溯）,原始导入,未提供,2026-06-25,中,否,否,是,EXT0576,待来源追溯,原始数据保留；新增结构字段为规则化整理结果。,,317,
EXT0577,黄皮果,,水果类及其制品-热带亚热带水果,39.0,1.6,0.2,9.9,4.3,黄皮果,黄皮果,水果,鲜果,水果类及其制品-热带亚热带水果,100g,100,g,,,,未明确,,,原始数据库（来源待追溯）,原始导入,未提供,2026-06-25,中,否,否,是,EXT0577,待来源追溯,原始数据保留；新增结构字段为规则化整理结果。,,39,
EXT0578,荔枝,丹荔，离枝，荔果,水果类及其制品-热带亚热带水果,71.0,0.9,0.2,16.6,0.5,荔枝,荔枝，丹荔，离枝，荔果,水果,鲜果,水果类及其制品-热带亚热带水果,100g,100,g,,,,未明确,,,原始数据库（来源待追溯）,原始导入,未提供,2026-06-25,中,否,否,是,EXT0578,待来源追溯,原始数据保留；新增结构字段为规则化整理结果。,,71,
EXT0579,芒果 [抹猛果，望果],抹猛果，望果,水果类及其制品-热带亚热带水果,35.0,0.6,0.2,8.3,1.3,芒果 [抹猛果，望果],芒果 [抹猛果，望果]，抹猛果，望果,水果,鲜果,水果类及其制品-热带亚热带水果,100g,100,g,,,,未明确,,,原始数据库（来源待追溯）,原始导入,未提供,2026-06-25,中,否,否,是,EXT0579,待来源追溯,原始数据保留；新增结构字段为规则化整理结果。,,35,
EXT0580,木瓜 [番木瓜],番木瓜,水果类及其制品-热带亚热带水果,29.0,0.4,0.1,7.0,0.8,木瓜 [番木瓜],木瓜 [番木瓜]，番木瓜,水果,鲜果,水果类及其制品-热带亚热带水果,100g,100,g,,,,未明确,,,原始数据库（来源待追溯）,原始导入,未提供,2026-06-25,低,否,否,否,EXT0580,同名冲突待核验,原始数据保留；新增结构字段为规则化整理结果。,,29,
EXT0581,人参果,,水果类及其制品-热带亚热带水果,86.0,0.6,0.7,21.2,3.5,人参果,人参果,水果,鲜果,水果类及其制品-热带亚热带水果,100g,100,g,,,,未明确,,,原始数据库（来源待追溯）,原始导入,未提供,2026-06-25,中,否,否,是,EXT0581,待来源追溯,原始数据保留；新增结构字段为规则化整理结果。,,86,
EXT0582,杨梅 [树梅，山杨梅],树梅，山杨梅,水果类及其制品-热带亚热带水果,30.0,0.8,0.2,6.7,1.0,杨梅 [树梅，山杨梅],杨梅 [树梅，山杨梅]，树梅，山杨梅,水果,鲜果,水果类及其制品-热带亚热带水果,100g,100,g,,,,未明确,,,原始数据库（来源待追溯）,原始导入,未提供,2026-06-25,中,否,否,是,EXT0582,待来源追溯,原始数据保留；新增结构字段为规则化整理结果。,,30,
EXT0583,杨桃,阳桃，五敛子，星梨,水果类及其制品-热带亚热带水果,31.0,0.6,0.2,7.4,1.2,杨桃,杨桃，阳桃，五敛子，星梨,水果,鲜果,水果类及其制品-热带亚热带水果,100g,100,g,,,,未明确,,,原始数据库（来源待追溯）,原始导入,未提供,2026-06-25,中,否,否,是,EXT0583,待来源追溯,原始数据保留；新增结构字段为规则化整理结果。,,31,
EXT0584,椰子,越王头，椰瓢，奶桃,水果类及其制品-热带亚热带水果,241.0,4.0,12.1,31.3,4.7,椰子,椰子，越王头，椰瓢，奶桃,水果,鲜果,水果类及其制品-热带亚热带水果,100g,100,g,,,,未明确,,,原始数据库（来源待追溯）,原始导入,未提供,2026-06-25,中,否,否,是,EXT0584,待来源追溯,原始数据保留；新增结构字段为规则化整理结果。,,241,
EXT0585,枇杷,芦橘，金丸，炎果,水果类及其制品-热带亚热带水果,41.0,0.8,0.2,9.3,0.8,枇杷,枇杷，芦橘，金丸，炎果,水果,鲜果,水果类及其制品-热带亚热带水果,100g,100,g,,,,未明确,,,原始数据库（来源待追溯）,原始导入,未提供,2026-06-25,中,否,否,是,EXT0585,待来源追溯,原始数据保留；新增结构字段为规则化整理结果。,,41,
EXT0586,橄榄（白榄）,,水果类及其制品-热带亚热带水果,57.0,0.8,0.2,15.1,4.0,橄榄（白榄）,橄榄（白榄）,水果,鲜果,水果类及其制品-热带亚热带水果,100g,100,g,,,,未明确,,,原始数据库（来源待追溯）,原始导入,未提供,2026-06-25,中,否,否,是,EXT0586,待来源追溯,原始数据保留；新增结构字段为规则化整理结果。,,57,
EXT0587,余柑子 [油柑子],油柑子,水果类及其制品-热带亚热带水果,45.0,0.3,0.1,12.4,3.4,余柑子 [油柑子],余柑子 [油柑子]，油柑子,水果,鲜果,水果类及其制品-热带亚热带水果,100g,100,g,,,,未明确,,,原始数据库（来源待追溯）,原始导入,未提供,2026-06-25,中,否,否,是,EXT0587,待来源追溯,原始数据保留；新增结构字段为规则化整理结果。,,45,
EXT0588,桂圆（干）,龙眼干，干桂圆，龙眼肉,水果类及其制品-热带亚热带水果,319.0,5.6,0.2,76.2,0.0,桂圆（干）,桂圆（干），龙眼干，干桂圆，龙眼肉,水果,水果制品,水果类及其制品-热带亚热带水果,100g,100,g,,,,干制,,,原始数据库（来源待追溯）,原始导入,未提供,2026-06-25,低,否,否,否,EXT0588,同名冲突待核验,原始数据保留；新增结构字段为规则化整理结果。,,319,
EXT0589,红毛丹,毛荔枝，韶子,水果类及其制品-热带亚热带水果,82.0,1.0,1.2,17.5,0.5,红毛丹,红毛丹，毛荔枝，韶子,水果,鲜果,水果类及其制品-热带亚热带水果,100g,100,g,,,,未明确,,,原始数据库（来源待追溯）,原始导入,未提供,2026-06-25,中,否,否,是,EXT0589,待来源追溯,原始数据保留；新增结构字段为规则化整理结果。,,82,
EXT0590,火龙果 [仙蜜果、红龙果],仙蜜果、红龙果,水果类及其制品-热带亚热带水果,55.0,1.1,0.2,13.3,1.6,火龙果 [仙蜜果、红龙果],火龙果 [仙蜜果、红龙果]，仙蜜果，红龙果,水果,鲜果,水果类及其制品-热带亚热带水果,100g,100,g,,,,未明确,,,原始数据库（来源待追溯）,原始导入,未提供,2026-06-25,中,否,否,是,EXT0590,待来源追溯,原始数据保留；新增结构字段为规则化整理结果。,,55,
EXT0591,荔枝（干）,丹荔，离枝，荔果,水果类及其制品-热带亚热带水果,328.0,4.5,1.2,77.4,0.0,荔枝（干）,荔枝（干），丹荔，离枝，荔果,水果,水果制品,水果类及其制品-热带亚热带水果,100g,100,g,,,,干制,,,原始数据库（来源待追溯）,原始导入,未提供,2026-06-25,中,否,否,是,EXT0591,待来源追溯,原始数据保留；新增结构字段为规则化整理结果。,,328,
EXT0592,榴莲,金枕头，刺果，麝香猫果,水果类及其制品-热带亚热带水果,150.0,2.6,3.3,28.3,1.7,榴莲,榴莲，金枕头，刺果，麝香猫果,水果,鲜果,水果类及其制品-热带亚热带水果,100g,100,g,,,,未明确,,,原始数据库（来源待追溯）,原始导入,未提供,2026-06-25,中,否,否,是,EXT0592,待来源追溯,原始数据保留；新增结构字段为规则化整理结果。,,150,
EXT0593,芒果（大头）,杧果，檬果，蜜望，抹猛果,水果类及其制品-热带亚热带水果,52.0,0.5,0.1,12.9,1.1,芒果（大头）,芒果（大头），杧果，檬果，蜜望，抹猛果,水果,鲜果,水果类及其制品-热带亚热带水果,100g,100,g,,,,未明确,,,原始数据库（来源待追溯）,原始导入,未提供,2026-06-25,中,否,否,是,EXT0593,待来源追溯,原始数据保留；新增结构字段为规则化整理结果。,,52,
EXT0594,木瓜 [番木瓜],番木瓜,水果类及其制品-热带亚热带水果,30.0,0.6,0.0,7.2,0.5,木瓜 [番木瓜],木瓜 [番木瓜]，番木瓜,水果,鲜果,水果类及其制品-热带亚热带水果,100g,100,g,,,,未明确,,,原始数据库（来源待追溯）,原始导入,未提供,2026-06-25,低,否,否,否,EXT0594,同名冲突待核验,原始数据保留；新增结构字段为规则化整理结果。,,30,
EXT0595,酸木瓜,番木瓜，乳瓜，万寿果,水果类及其制品-热带亚热带水果,41.0,0.3,0.2,11.1,3.0,酸木瓜,酸木瓜，番木瓜，乳瓜，万寿果,水果,鲜果,水果类及其制品-热带亚热带水果,100g,100,g,,,,未明确,,,原始数据库（来源待追溯）,原始导入,未提供,2026-06-25,中,否,否,是,EXT0595,待来源追溯,原始数据保留；新增结构字段为规则化整理结果。,,41,
EXT0596,蒲桃 [香果、水石榴],香果、水石榴,水果类及其制品-热带亚热带水果,41.0,0.6,0.0,10.1,1.1,蒲桃 [香果、水石榴],蒲桃 [香果、水石榴]，香果，水石榴,水果,鲜果,水果类及其制品-热带亚热带水果,100g,100,g,,,,未明确,,,原始数据库（来源待追溯）,原始导入,未提供,2026-06-25,中,否,否,是,EXT0596,待来源追溯,原始数据保留；新增结构字段为规则化整理结果。,,41,
EXT0597,山竹,莽吉柿，凤果，倒捻子,水果类及其制品-热带亚热带水果,72.0,0.4,0.2,18.0,0.4,山竹,山竹，莽吉柿，凤果，倒捻子,水果,鲜果,水果类及其制品-热带亚热带水果,100g,100,g,,,,未明确,,,原始数据库（来源待追溯）,原始导入,未提供,2026-06-25,中,否,否,是,EXT0597,待来源追溯,原始数据保留；新增结构字段为规则化整理结果。,,72,
EXT0598,香蕉（红皮）,红香蕉，红蕉,水果类及其制品-热带亚热带水果,86.0,1.1,0.2,20.8,0.0,香蕉（红皮）,香蕉（红皮），红香蕉，红蕉,水果,鲜果,水果类及其制品-热带亚热带水果,100g,100,g,,,,未明确,,,原始数据库（来源待追溯）,原始导入,未提供,2026-06-25,低,否,否,否,EXT0598,同名冲突待核验,原始数据保留；新增结构字段为规则化整理结果。,,86,
EXT0599,香蕉（红皮）,红香蕉，红蕉,水果类及其制品-热带亚热带水果,81.0,1.1,0.2,19.7,0.0,香蕉（红皮）,香蕉（红皮），红香蕉，红蕉,水果,鲜果,水果类及其制品-热带亚热带水果,100g,100,g,,,,未明确,,,原始数据库（来源待追溯）,原始导入,未提供,2026-06-25,低,否,否,否,EXT0599,同名冲突待核验,原始数据保留；新增结构字段为规则化整理结果。,,81,
EXT0600,香蕉 [甘蕉],甘蕉,水果类及其制品-热带亚热带水果,93.0,1.4,0.2,22.0,1.2,香蕉 [甘蕉],香蕉 [甘蕉]，甘蕉,水果,鲜果,水果类及其制品-热带亚热带水果,100g,100,g,,,,未明确,,,原始数据库（来源待追溯）,原始导入,未提供,2026-06-25,中,否,否,是,EXT0600,待来源追溯,原始数据保留；新增结构字段为规则化整理结果。,,93,
EXT0601,白金瓜,白瓜，白银瓜，白兰瓜（白金瓜），白甜瓜,水果类及其制品-瓜果类,25.0,0.4,0.0,6.2,0.5,白金瓜,白金瓜，白瓜，白银瓜，白兰瓜（白金瓜），白甜瓜,水果,鲜果,水果类及其制品-瓜果类,100g,100,g,,,,未明确,,,原始数据库（来源待追溯）,原始导入,未提供,2026-06-25,中,否,否,是,EXT0601,待来源追溯,原始数据保留；新增结构字段为规则化整理结果。,,25,
EXT0602,白兰瓜,兰州蜜瓜，白兰瓜，华莱士瓜,水果类及其制品-瓜果类,23.0,0.6,0.1,5.3,0.8,白兰瓜,白兰瓜，兰州蜜瓜，华莱士瓜,水果,鲜果,水果类及其制品-瓜果类,100g,100,g,,,,未明确,,,原始数据库（来源待追溯）,原始导入,未提供,2026-06-25,中,否,否,是,EXT0602,待来源追溯,原始数据保留；新增结构字段为规则化整理结果。,,23,
EXT0603,哈密瓜,网纹瓜，厚皮甜瓜，哈密,水果类及其制品-瓜果类,34.0,0.5,0.1,7.9,0.2,哈密瓜,哈密瓜，网纹瓜，厚皮甜瓜，哈密,水果,鲜果,水果类及其制品-瓜果类,100g,100,g,,,,未明确,,,原始数据库（来源待追溯）,原始导入,未提供,2026-06-25,中,否,否,是,EXT0603,待来源追溯,原始数据保留；新增结构字段为规则化整理结果。,,34,
EXT0604,黄河蜜瓜,黄河蜜，蜜瓜,水果类及其制品-瓜果类,11.0,0.4,0.0,4.0,3.2,黄河蜜瓜,黄河蜜瓜，黄河蜜，蜜瓜,水果,鲜果,水果类及其制品-瓜果类,100g,100,g,,,,未明确,,,原始数据库（来源待追溯）,原始导入,未提供,2026-06-25,中,否,否,是,EXT0604,待来源追溯,原始数据保留；新增结构字段为规则化整理结果。,,11,
EXT0605,金塔寺瓜,,水果类及其制品-瓜果类,10.0,0.6,0.1,2.0,0.7,金塔寺瓜,金塔寺瓜,水果,鲜果,水果类及其制品-瓜果类,100g,100,g,,,,未明确,,,原始数据库（来源待追溯）,原始导入,未提供,2026-06-25,中,否,否,是,EXT0605,待来源追溯,原始数据保留；新增结构字段为规则化整理结果。,,10,
EXT0606,灵蜜瓜,,水果类及其制品-瓜果类,4.0,0.5,0.1,0.4,0.4,灵蜜瓜,灵蜜瓜,水果,鲜果,水果类及其制品-瓜果类,100g,100,g,,,,未明确,,,原始数据库（来源待追溯）,原始导入,未提供,2026-06-25,中,否,否,是,EXT0606,待来源追溯,原始数据保留；新增结构字段为规则化整理结果。,,4,
EXT0607,麻醉瓜,,水果类及其制品-瓜果类,17.0,0.7,0.1,3.6,0.4,麻醉瓜,麻醉瓜,水果,鲜果,水果类及其制品-瓜果类,100g,100,g,,,,未明确,,,原始数据库（来源待追溯）,原始导入,未提供,2026-06-25,中,否,否,是,EXT0607,待来源追溯,原始数据保留；新增结构字段为规则化整理结果。,,17,
EXT0608,甜瓜 [香瓜],香瓜,水果类及其制品-瓜果类,26.0,0.4,0.1,6.2,0.4,甜瓜 [香瓜],甜瓜 [香瓜]，香瓜,水果,鲜果,水果类及其制品-瓜果类,100g,100,g,,,,未明确,,,原始数据库（来源待追溯）,原始导入,未提供,2026-06-25,中,否,否,是,EXT0608,待来源追溯,原始数据保留；新增结构字段为规则化整理结果。,,26,
EXT0609,西瓜（代表值）,西瓜，夏瓜，寒瓜，水瓜,水果类及其制品-瓜果类,31.0,0.5,0.3,6.8,0.2,西瓜（代表值）,西瓜（代表值），西瓜，夏瓜，寒瓜，水瓜,水果,鲜果,水果类及其制品-瓜果类,100g,100,g,,,,未明确,,,原始数据库（来源待追溯）,原始导入,未提供,2026-06-25,中,否,否,是,EXT0609,待来源追溯,原始数据保留；新增结构字段为规则化整理结果。,,31,
EXT0610,西瓜（京欣一号）,水瓜，寒瓜，夏瓜,水果类及其制品-瓜果类,34.0,0.5,0.0,8.1,0.2,西瓜（京欣一号）,西瓜（京欣一号），水瓜，寒瓜，夏瓜,水果,鲜果,水果类及其制品-瓜果类,100g,100,g,,,,未明确,,,原始数据库（来源待追溯）,原始导入,未提供,2026-06-25,中,否,否,是,EXT0610,待来源追溯,原始数据保留；新增结构字段为规则化整理结果。,,34,
EXT0611,西瓜（郑州三号）,水瓜，寒瓜，夏瓜,水果类及其制品-瓜果类,26.0,0.6,0.1,5.7,0.2,西瓜（郑州三号）,西瓜（郑州三号），水瓜，寒瓜，夏瓜,水果,鲜果,水果类及其制品-瓜果类,100g,100,g,,,,未明确,,,原始数据库（来源待追溯）,原始导入,未提供,2026-06-25,中,否,否,是,EXT0611,待来源追溯,原始数据保留；新增结构字段为规则化整理结果。,,26,
EXT0612,西瓜（忠于6号，黑皮）,水瓜，寒瓜，夏瓜,水果类及其制品-瓜果类,32.0,0.5,0.5,6.5,0.1,西瓜（忠于6号，黑皮）,西瓜（忠于6号，黑皮），水瓜，寒瓜，夏瓜,水果,鲜果,水果类及其制品-瓜果类,100g,100,g,,,,未明确,,,原始数据库（来源待追溯）,原始导入,未提供,2026-06-25,中,否,否,是,EXT0612,待来源追溯,原始数据保留；新增结构字段为规则化整理结果。,,32,
EXT0613,子瓜,,水果类及其制品-瓜果类,5.0,0.2,0.3,0.6,0.5,子瓜,子瓜,水果,鲜果,水果类及其制品-瓜果类,100g,100,g,,,,未明确,,,原始数据库（来源待追溯）,原始导入,未提供,2026-06-25,中,否,否,是,EXT0613,待来源追溯,原始数据保留；新增结构字段为规则化整理结果。,,5,
EXT0614,小西瓜 [地雷瓜],地雷瓜,水果类及其制品-瓜果类,30.0,0.8,0.1,6.7,0.0,小西瓜 [地雷瓜],小西瓜 [地雷瓜]，地雷瓜,水果,鲜果,水果类及其制品-瓜果类,100g,100,g,,,,未明确,,,原始数据库（来源待追溯）,原始导入,未提供,2026-06-25,中,否,否,是,EXT0614,待来源追溯,原始数据保留；新增结构字段为规则化整理结果。,,30,
EXT0615,狗肉,狗肉，香肉，地羊,畜肉类及其制品-其他,116.0,16.8,4.6,1.8,0.0,狗肉,狗肉，香肉，地羊,畜肉,其他畜肉及制品,畜肉类及其制品-其他,100g,100,g,,,,未明确,,,原始数据库（来源待追溯）,原始导入,未提供,2026-06-25,中,否,否,是,EXT0615,待来源追溯,原始数据保留；新增结构字段为规则化整理结果。,,116,生熟状态未明确
EXT0616,骆驼蹄,,畜肉类及其制品-其他,116.0,25.6,1.4,0.2,0.0,骆驼蹄,骆驼蹄,畜肉,其他畜肉及制品,畜肉类及其制品-其他,100g,100,g,,,,未明确,,,原始数据库（来源待追溯）,原始导入,未提供,2026-06-25,中,否,否,是,EXT0616,待来源追溯,原始数据保留；新增结构字段为规则化整理结果。,,116,生熟状态未明确
EXT0617,骆驼掌,驼掌，驼蹄，骆驼蹄掌,畜肉类及其制品-其他,310.0,72.8,2.0,0.3,0.0,骆驼掌,骆驼掌，驼掌，驼蹄，骆驼蹄掌,畜肉,其他畜肉及制品,畜肉类及其制品-其他,100g,100,g,,,,未明确,,,原始数据库（来源待追溯）,原始导入,未提供,2026-06-25,中,否,否,是,EXT0617,待来源追溯,原始数据保留；新增结构字段为规则化整理结果。,,310,生熟状态未明确
EXT0618,兔肉,兔肉，菜兔肉,畜肉类及其制品-其他,102.0,19.7,2.2,0.9,0.0,兔肉,兔肉，菜兔肉,畜肉,其他畜肉及制品,畜肉类及其制品-其他,100g,100,g,,,,未明确,,,原始数据库（来源待追溯）,原始导入,未提供,2026-06-25,中,否,否,是,EXT0618,待来源追溯,原始数据保留；新增结构字段为规则化整理结果。,,102,生熟状态未明确
EXT0619,兔肉（野）,兔肉，菜兔肉,畜肉类及其制品-其他,84.0,16.6,2.0,0.0,0.0,兔肉（野）,兔肉（野），兔肉，菜兔肉,畜肉,其他畜肉及制品,畜肉类及其制品-其他,100g,100,g,,,,未明确,,,原始数据库（来源待追溯）,原始导入,未提供,2026-06-25,中,否,否,是,EXT0619,待来源追溯,原始数据保留；新增结构字段为规则化整理结果。,,84,生熟状态未明确
EXT0620,鹿肉（养殖梅花鹿）,,畜肉类及其制品-其他,92.0,19.7,1.3,0.3,0.0,鹿肉（养殖梅花鹿）,鹿肉（养殖梅花鹿）,畜肉,其他畜肉及制品,畜肉类及其制品-其他,100g,100,g,,,,未明确,,,原始数据库（来源待追溯）,原始导入,未提供,2026-06-25,中,否,否,是,EXT0620,待来源追溯,原始数据保留；新增结构字段为规则化整理结果。,,92,生熟状态未明确
EXT0621,牛肉（代表值，fat 9g）,牛肉，黄牛肉，肥瘦牛肉,畜肉类及其制品-牛,160.0,20.0,8.7,0.5,0.0,牛肉（代表值，fat 9g）,牛肉（代表值，fat 9g），牛肉，黄牛肉，肥瘦牛肉,畜肉,牛肉及制品,畜肉类及其制品-牛,100g,100,g,,,,未明确,,,原始数据库（来源待追溯）,原始导入,未提供,2026-06-25,中,否,否,是,EXT0621,待来源追溯,原始数据保留；新增结构字段为规则化整理结果。,,160,生熟状态未明确
EXT0622,牛肉（肋条）,,畜肉类及其制品-牛,123.0,18.6,5.4,0.0,0.0,牛肉（肋条）,牛肉（肋条）,畜肉,牛肉及制品,畜肉类及其制品-牛,100g,100,g,,,,未明确,,,原始数据库（来源待追溯）,原始导入,未提供,2026-06-25,中,否,否,是,EXT0622,待来源追溯,原始数据保留；新增结构字段为规则化整理结果。,,123,生熟状态未明确
EXT0623,牛肉（后腿）,牛后腿肉，牛腱子,畜肉类及其制品-牛,106.0,20.9,2.0,1.1,0.0,牛肉（后腿）,牛肉（后腿），牛后腿肉，牛腱子,畜肉,牛肉及制品,畜肉类及其制品-牛,100g,100,g,,,,未明确,,,原始数据库（来源待追溯）,原始导入,未提供,2026-06-25,中,否,否,是,EXT0623,待来源追溯,原始数据保留；新增结构字段为规则化整理结果。,,106,生熟状态未明确
EXT0624,牛肉（后腱）,,畜肉类及其制品-牛,98.0,20.1,1.0,2.2,0.0,牛肉（后腱）,牛肉（后腱）,畜肉,牛肉及制品,畜肉类及其制品-牛,100g,100,g,,,,未明确,,,原始数据库（来源待追溯）,原始导入,未提供,2026-06-25,中,否,否,是,EXT0624,待来源追溯,原始数据保留；新增结构字段为规则化整理结果。,,98,生熟状态未明确
EXT0625,牛肉（里脊肉）[牛柳],牛柳,畜肉类及其制品-牛,107.0,22.2,0.9,2.4,0.0,牛肉（里脊肉）[牛柳],牛肉（里脊肉）[牛柳]，牛柳,畜肉,牛肉及制品,畜肉类及其制品-牛,100g,100,g,,,,未明确,,,原始数据库（来源待追溯）,原始导入,未提供,2026-06-25,低,否,否,否,EXT0625,同名冲突待核验,原始数据保留；新增结构字段为规则化整理结果。,,107,生熟状态未明确
EXT0626,牛肉（前腿）,,畜肉类及其制品-牛,105.0,19.2,1.8,2.9,0.0,牛肉（前腿）,牛肉（前腿）,畜肉,牛肉及制品,畜肉类及其制品-牛,100g,100,g,,,,未明确,,,原始数据库（来源待追溯）,原始导入,未提供,2026-06-25,中,否,否,是,EXT0626,待来源追溯,原始数据保留；新增结构字段为规则化整理结果。,,105,生熟状态未明确
EXT0627,牛肉（前腱）,,畜肉类及其制品-牛,113.0,20.3,1.3,5.1,0.0,牛肉（前腱）,牛肉（前腱）,畜肉,牛肉及制品,畜肉类及其制品-牛,100g,100,g,,,,未明确,,,原始数据库（来源待追溯）,原始导入,未提供,2026-06-25,中,否,否,是,EXT0627,待来源追溯,原始数据保留；新增结构字段为规则化整理结果。,,113,生熟状态未明确
EXT0628,牛肉（代表值，瘦，fat 3g）,,畜肉类及其制品-牛,113.0,21.3,2.5,1.3,0.0,牛肉（代表值，瘦，fat 3g）,牛肉（代表值，瘦，fat 3g）,畜肉,牛肉及制品,畜肉类及其制品-牛,100g,100,g,,,,未明确,,,原始数据库（来源待追溯）,原始导入,未提供,2026-06-25,中,否,否,是,EXT0628,待来源追溯,原始数据保留；新增结构字段为规则化整理结果。,,113,生熟状态未明确
EXT0629,牛蹄筋（生）,牛筋，蹄筋,畜肉类及其制品-牛,151.0,34.1,0.5,2.6,0.0,牛蹄筋（生）,牛蹄筋（生），牛筋，蹄筋,畜肉,牛肉及制品,畜肉类及其制品-牛,100g,100,g,,,,生/鲜,,,原始数据库（来源待追溯）,原始导入,未提供,2026-06-25,中,否,否,是,EXT0629,待来源追溯,原始数据保留；新增结构字段为规则化整理结果。,,151,
EXT0630,牛蹄筋（泡发）,牛筋，蹄筋,畜肉类及其制品-牛,25.0,6.0,0.0,0.2,0.0,牛蹄筋（泡发）,牛蹄筋（泡发），牛筋，蹄筋,畜肉,牛肉及制品,畜肉类及其制品-牛,100g,100,g,,,,泡发,,,原始数据库（来源待追溯）,原始导入,未提供,2026-06-25,中,否,否,是,EXT0630,待来源追溯,原始数据保留；新增结构字段为规则化整理结果。,,25,
EXT0631,牛肉（背部肉）[上脑],上脑,畜肉类及其制品-牛,193.0,17.4,12.4,3.0,0.0,牛肉（背部肉）[上脑],牛肉（背部肉）[上脑]，上脑,畜肉,牛肉及制品,畜肉类及其制品-牛,100g,100,g,,,,未明确,,,原始数据库（来源待追溯）,原始导入,未提供,2026-06-25,中,否,否,是,EXT0631,待来源追溯,原始数据保留；新增结构字段为规则化整理结果。,,193,生熟状态未明确
EXT0632,牛肉（里脊肉）[牛柳],牛柳,畜肉类及其制品-牛,134.0,22.3,5.0,0.0,0.0,牛肉（里脊肉）[牛柳],牛肉（里脊肉）[牛柳]，牛柳,畜肉,牛肉及制品,畜肉类及其制品-牛,100g,100,g,,,,未明确,,,原始数据库（来源待追溯）,原始导入,未提供,2026-06-25,低,否,否,否,EXT0632,同名冲突待核验,原始数据保留；新增结构字段为规则化整理结果。,,134,生熟状态未明确
EXT0633,牛肉（臀部肉）[紫盖、白板],紫盖、白板,畜肉类及其制品-牛,117.0,22.6,2.6,0.9,0.0,牛肉（臀部肉）[紫盖、白板],牛肉（臀部肉）[紫盖、白板]，紫盖，白板,畜肉,牛肉及制品,畜肉类及其制品-牛,100g,100,g,,,,未明确,,,原始数据库（来源待追溯）,原始导入,未提供,2026-06-25,中,否,否,是,EXT0633,待来源追溯,原始数据保留；新增结构字段为规则化整理结果。,,117,生熟状态未明确
EXT0634,牛肉（肩部肉）[肩肉],肩肉,畜肉类及其制品-牛,342.0,14.1,31.7,0.0,0.0,牛肉（肩部肉）[肩肉],牛肉（肩部肉）[肩肉]，肩肉,畜肉,牛肉及制品,畜肉类及其制品-牛,100g,100,g,,,,未明确,,,原始数据库（来源待追溯）,原始导入,未提供,2026-06-25,中,否,否,是,EXT0634,待来源追溯,原始数据保留；新增结构字段为规则化整理结果。,,342,生熟状态未明确
EXT0635,牛肉（胸部肉）[牛胸],牛胸,畜肉类及其制品-牛,326.0,16.6,28.8,0.0,0.0,牛肉（胸部肉）[牛胸],牛肉（胸部肉）[牛胸]，牛胸,畜肉,牛肉及制品,畜肉类及其制品-牛,100g,100,g,,,,未明确,,,原始数据库（来源待追溯）,原始导入,未提供,2026-06-25,中,否,否,是,EXT0635,待来源追溯,原始数据保留；新增结构字段为规则化整理结果。,,326,生熟状态未明确
EXT0636,牛肉（腹部肉）[牛腩],牛腩,畜肉类及其制品-牛,332.0,17.1,29.3,0.0,0.0,牛肉（腹部肉）[牛腩],牛肉（腹部肉）[牛腩]，牛腩,畜肉,牛肉及制品,畜肉类及其制品-牛,100g,100,g,,,,未明确,,,原始数据库（来源待追溯）,原始导入,未提供,2026-06-25,中,否,否,是,EXT0636,待来源追溯,原始数据保留；新增结构字段为规则化整理结果。,,332,生熟状态未明确
EXT0637,牛肉（膝圆肉）[和尚头],和尚头,畜肉类及其制品-牛,106.0,22.4,1.8,0.1,0.0,牛肉（膝圆肉）[和尚头],牛肉（膝圆肉）[和尚头]，和尚头,畜肉,牛肉及制品,畜肉类及其制品-牛,100g,100,g,,,,未明确,,,原始数据库（来源待追溯）,原始导入,未提供,2026-06-25,中,否,否,是,EXT0637,待来源追溯,原始数据保留；新增结构字段为规则化整理结果。,,106,生熟状态未明确
EXT0638,牛肉（股内肉）[针扒、米龙、黄瓜条],针扒、米龙、黄瓜条,畜肉类及其制品-牛,119.0,22.8,2.9,0.4,0.0,牛肉（股内肉）[针扒、米龙、黄瓜条],牛肉（股内肉）[针扒、米龙、黄瓜条]，针扒，米龙，黄瓜条,畜肉,牛肉及制品,畜肉类及其制品-牛,100g,100,g,,,,未明确,,,原始数据库（来源待追溯）,原始导入,未提供,2026-06-25,中,否,否,是,EXT0638,待来源追溯,原始数据保留；新增结构字段为规则化整理结果。,,119,生熟状态未明确
EXT0639,牛肉（小腿肉）[牛展、牛腱子],牛展、牛腱子,畜肉类及其制品-牛,122.0,23.0,3.3,0.0,0.0,牛肉（小腿肉）[牛展、牛腱子],牛肉（小腿肉）[牛展、牛腱子]，牛展，牛腱子,畜肉,牛肉及制品,畜肉类及其制品-牛,100g,100,g,,,,未明确,,,原始数据库（来源待追溯）,原始导入,未提供,2026-06-25,中,否,否,是,EXT0639,待来源追溯,原始数据保留；新增结构字段为规则化整理结果。,,122,生熟状态未明确
EXT0640,牦牛肉,,畜肉类及其制品-牛,119.0,23.1,1.4,3.4,0.0,牦牛肉,牦牛肉,畜肉,牛肉及制品,畜肉类及其制品-牛,100g,100,g,,,,未明确,,,原始数据库（来源待追溯）,原始导入,未提供,2026-06-25,中,否,否,是,EXT0640,待来源追溯,原始数据保留；新增结构字段为规则化整理结果。,,119,生熟状态未明确
EXT0641,牦牛牛腱肉（冻，鲜）,,畜肉类及其制品-牛,100.0,21.2,0.8,2.0,0.0,牦牛牛腱肉（冻，鲜）,牦牛牛腱肉（冻，鲜）,畜肉,牛肉及制品,畜肉类及其制品-牛,100g,100,g,,,,生/鲜,,,原始数据库（来源待追溯）,原始导入,未提供,2026-06-25,中,否,否,是,EXT0641,待来源追溯,原始数据保留；新增结构字段为规则化整理结果。,,100,
EXT0642,牦牛牛霖肉（冻，鲜）,,畜肉类及其制品-牛,110.0,22.5,1.0,2.7,0.0,牦牛牛霖肉（冻，鲜）,牦牛牛霖肉（冻，鲜）,畜肉,牛肉及制品,畜肉类及其制品-牛,100g,100,g,,,,生/鲜,,,原始数据库（来源待追溯）,原始导入,未提供,2026-06-25,中,否,否,是,EXT0642,待来源追溯,原始数据保留；新增结构字段为规则化整理结果。,,110,
EXT0643,牛鞭（泡发）,,畜肉类及其制品-牛,117.0,27.2,0.9,0.0,0.0,牛鞭（泡发）,牛鞭（泡发）,畜肉,牛肉及制品,畜肉类及其制品-牛,100g,100,g,,,,泡发,,,原始数据库（来源待追溯）,原始导入,未提供,2026-06-25,中,否,否,是,EXT0643,待来源追溯,原始数据保留；新增结构字段为规则化整理结果。,,117,
EXT0644,牛大肠,,畜肉类及其制品-牛,66.0,11.0,2.3,0.4,0.0,牛大肠,牛大肠,畜肉,牛肉及制品,畜肉类及其制品-牛,100g,100,g,,,,未明确,,,原始数据库（来源待追溯）,原始导入,未提供,2026-06-25,中,否,否,是,EXT0644,待来源追溯,原始数据保留；新增结构字段为规则化整理结果。,,66,生熟状态未明确
EXT0645,牛肚,牛胃，牛百叶，毛肚,畜肉类及其制品-牛,72.0,14.5,1.6,0.0,0.0,牛肚,牛肚，牛胃，牛百叶，毛肚,畜肉,牛肉及制品,畜肉类及其制品-牛,100g,100,g,,,,未明确,,,原始数据库（来源待追溯）,原始导入,未提供,2026-06-25,中,否,否,是,EXT0645,待来源追溯,原始数据保留；新增结构字段为规则化整理结果。,,72,生熟状态未明确
EXT0646,牛肺,,畜肉类及其制品-牛,95.0,16.5,2.5,1.5,0.0,牛肺,牛肺,畜肉,牛肉及制品,畜肉类及其制品-牛,100g,100,g,,,,未明确,,,原始数据库（来源待追溯）,原始导入,未提供,2026-06-25,中,否,否,是,EXT0646,待来源追溯,原始数据保留；新增结构字段为规则化整理结果。,,95,生熟状态未明确
EXT0647,牛肝,牛肝脏，牛润,畜肉类及其制品-牛,139.0,19.8,3.9,6.2,0.0,牛肝,牛肝，牛肝脏，牛润,畜肉,牛肉及制品,畜肉类及其制品-牛,100g,100,g,,,,未明确,,,原始数据库（来源待追溯）,原始导入,未提供,2026-06-25,中,否,否,是,EXT0647,待来源追溯,原始数据保留；新增结构字段为规则化整理结果。,,139,生熟状态未明确
EXT0648,牛脑,牛脑髓，牛脑花,畜肉类及其制品-牛,149.0,12.5,11.0,0.1,0.0,牛脑,牛脑，牛脑髓，牛脑花,畜肉,牛肉及制品,畜肉类及其制品-牛,100g,100,g,,,,未明确,,,原始数据库（来源待追溯）,原始导入,未提供,2026-06-25,中,否,否,是,EXT0648,待来源追溯,原始数据保留；新增结构字段为规则化整理结果。,,149,生熟状态未明确
EXT0649,牛舌,牛舌头，牛口条,畜肉类及其制品-牛,196.0,17.0,13.3,2.0,0.0,牛舌,牛舌，牛舌头，牛口条,畜肉,牛肉及制品,畜肉类及其制品-牛,100g,100,g,,,,未明确,,,原始数据库（来源待追溯）,原始导入,未提供,2026-06-25,中,否,否,是,EXT0649,待来源追溯,原始数据保留；新增结构字段为规则化整理结果。,,196,生熟状态未明确
EXT0650,牛肾,牛腰子，牛腰,畜肉类及其制品-牛,94.0,15.6,2.4,2.6,0.0,牛肾,牛肾，牛腰子，牛腰,畜肉,牛肉及制品,畜肉类及其制品-牛,100g,100,g,,,,未明确,,,原始数据库（来源待追溯）,原始导入,未提供,2026-06-25,中,否,否,是,EXT0650,待来源追溯,原始数据保留；新增结构字段为规则化整理结果。,,94,生熟状态未明确
EXT0651,牛心,牛心脏，牛心儿,畜肉类及其制品-牛,106.0,15.4,3.5,3.1,0.0,牛心,牛心，牛心脏，牛心儿,畜肉,牛肉及制品,畜肉类及其制品-牛,100g,100,g,,,,未明确,,,原始数据库（来源待追溯）,原始导入,未提供,2026-06-25,中,否,否,是,EXT0651,待来源追溯,原始数据保留；新增结构字段为规则化整理结果。,,106,生熟状态未明确
EXT0652,牛百叶（黑）,,畜肉类及其制品-牛,70.0,13.2,1.9,0.0,0.0,牛百叶（黑）,牛百叶（黑）,畜肉,牛肉及制品,畜肉类及其制品-牛,100g,100,g,,,,未明确,,,原始数据库（来源待追溯）,原始导入,未提供,2026-06-25,中,否,否,是,EXT0652,待来源追溯,原始数据保留；新增结构字段为规则化整理结果。,,70,生熟状态未明确
EXT0653,酱牛肉,,畜肉类及其制品-牛,246.0,31.4,11.9,3.2,0.0,酱牛肉,酱牛肉,畜肉,牛肉及制品,畜肉类及其制品-牛,100g,100,g,,,,未明确,,,原始数据库（来源待追溯）,原始导入,未提供,2026-06-25,低,否,否,否,EXT0653,同名冲突待核验,原始数据保留；新增结构字段为规则化整理结果。,,246,生熟状态未明确
EXT0654,煨牛肉（罐头）,,畜肉类及其制品-牛,166.0,16.7,11.0,0.1,0.0,煨牛肉（罐头）,煨牛肉（罐头）,畜肉,牛肉及制品,畜肉类及其制品-牛,100g,100,g,,,,未明确,,,原始数据库（来源待追溯）,原始导入,未提供,2026-06-25,中,否,否,是,EXT0654,待来源追溯,原始数据保留；新增结构字段为规则化整理结果。,,166,生熟状态未明确
EXT0655,牛肉干,风干牛肉，手撕牛肉，牛干巴,畜肉类及其制品-牛,550.0,45.6,40.0,1.9,0.0,牛肉干,牛肉干，风干牛肉，手撕牛肉，牛干巴,畜肉,牛肉及制品,畜肉类及其制品-牛,100g,100,g,,,,未明确,,,原始数据库（来源待追溯）,原始导入,未提供,2026-06-25,中,否,否,是,EXT0655,待来源追溯,原始数据保留；新增结构字段为规则化整理结果。,,550,生熟状态未明确
EXT0656,咖喱牛肉干,风干牛肉，手撕牛肉，牛干巴,畜肉类及其制品-牛,326.0,45.9,2.7,29.5,0.0,咖喱牛肉干,咖喱牛肉干，风干牛肉，手撕牛肉，牛干巴,畜肉,牛肉及制品,畜肉类及其制品-牛,100g,100,g,,,,未明确,,,原始数据库（来源待追溯）,原始导入,未提供,2026-06-25,中,否,否,是,EXT0656,待来源追溯,原始数据保留；新增结构字段为规则化整理结果。,,326,生熟状态未明确
EXT0657,牛肉松,牛肉绒，牛肉酥,畜肉类及其制品-牛,445.0,8.2,15.7,67.7,0.0,牛肉松,牛肉松，牛肉绒，牛肉酥,畜肉,牛肉及制品,畜肉类及其制品-牛,100g,100,g,,,,未明确,,,原始数据库（来源待追溯）,原始导入,未提供,2026-06-25,中,否,否,是,EXT0657,待来源追溯,原始数据保留；新增结构字段为规则化整理结果。,,445,生熟状态未明确
EXT0658,牛蹄筋（熟）,牛筋，蹄筋,畜肉类及其制品-牛,147.0,35.2,0.6,0.1,0.0,牛蹄筋（熟）,牛蹄筋（熟），牛筋，蹄筋,畜肉,牛肉及制品,畜肉类及其制品-牛,100g,100,g,,,,熟,,,原始数据库（来源待追溯）,原始导入,未提供,2026-06-25,中,否,否,是,EXT0658,待来源追溯,原始数据保留；新增结构字段为规则化整理结果。,,147,
EXT0659,牛肉（酱，五香）,,畜肉类及其制品-牛,229.0,33.2,10.7,0.0,0.0,牛肉（酱，五香）,牛肉（酱，五香）,畜肉,牛肉及制品,畜肉类及其制品-牛,100g,100,g,,,,未明确,,,原始数据库（来源待追溯）,原始导入,未提供,2026-06-25,中,否,否,是,EXT0659,待来源追溯,原始数据保留；新增结构字段为规则化整理结果。,,229,生熟状态未明确
EXT0660,牛肉（清香）,,畜肉类及其制品-牛,200.0,25.8,10.7,0.0,0.0,牛肉（清香）,牛肉（清香）,畜肉,牛肉及制品,畜肉类及其制品-牛,100g,100,g,,,,未明确,,,原始数据库（来源待追溯）,原始导入,未提供,2026-06-25,中,否,否,是,EXT0660,待来源追溯,原始数据保留；新增结构字段为规则化整理结果。,,200,生熟状态未明确
EXT0661,牛腱子（香叶）,,畜肉类及其制品-牛,205.0,35.6,5.5,3.2,0.0,牛腱子（香叶）,牛腱子（香叶）,畜肉,牛肉及制品,畜肉类及其制品-牛,100g,100,g,,,,未明确,,,原始数据库（来源待追溯）,原始导入,未提供,2026-06-25,中,否,否,是,EXT0661,待来源追溯,原始数据保留；新增结构字段为规则化整理结果。,,205,生熟状态未明确
EXT0662,牛肉干（长富牌）,风干牛肉，手撕牛肉，牛干巴,畜肉类及其制品-牛,342.0,41.8,5.1,32.2,0.0,牛肉干（长富牌）,牛肉干（长富牌），风干牛肉，手撕牛肉，牛干巴,畜肉,牛肉及制品,畜肉类及其制品-牛,100g,100,g,,,,未明确,,,原始数据库（来源待追溯）,原始导入,未提供,2026-06-25,中,否,否,是,EXT0662,待来源追溯,原始数据保留；新增结构字段为规则化整理结果。,,342,生熟状态未明确
EXT0663,牛肉干（沙爹牌）,风干牛肉，手撕牛肉，牛干巴,畜肉类及其制品-牛,327.0,40.1,3.6,33.6,0.0,牛肉干（沙爹牌）,牛肉干（沙爹牌），风干牛肉，手撕牛肉，牛干巴,畜肉,牛肉及制品,畜肉类及其制品-牛,100g,100,g,,,,未明确,,,原始数据库（来源待追溯）,原始导入,未提供,2026-06-25,中,否,否,是,EXT0663,待来源追溯,原始数据保留；新增结构字段为规则化整理结果。,,327,生熟状态未明确
EXT0664,猪肉（代表值，fat 30g）,猪肉，五花肉，肥瘦肉,畜肉类及其制品-猪,331.0,15.1,30.1,0.0,0.0,猪肉（代表值，fat 30g）,猪肉（代表值，fat 30g），猪肉，五花肉，肥瘦肉,畜肉,猪肉及制品,畜肉类及其制品-猪,100g,100,g,,,,未明确,,,原始数据库（来源待追溯）,原始导入,未提供,2026-06-25,中,否,否,是,EXT0664,待来源追溯,原始数据保留；新增结构字段为规则化整理结果。,,331,生熟状态未明确
EXT0665,猪肥肉（肥，fat 89g）,,畜肉类及其制品-猪,807.0,2.4,88.6,0.0,0.0,猪肥肉（肥，fat 89g）,猪肥肉（肥，fat 89g）,畜肉,猪肉及制品,畜肉类及其制品-猪,100g,100,g,,,,未明确,,,原始数据库（来源待追溯）,原始导入,未提供,2026-06-25,中,否,否,是,EXT0665,待来源追溯,原始数据保留；新增结构字段为规则化整理结果。,,807,生熟状态未明确
EXT0666,猪肉（后臀尖）,后臀肉，后腿肉，后座,畜肉类及其制品-猪,336.0,14.6,30.8,0.0,0.0,猪肉（后臀尖）,猪肉（后臀尖），后臀肉，后腿肉，后座,畜肉,猪肉及制品,畜肉类及其制品-猪,100g,100,g,,,,未明确,,,原始数据库（来源待追溯）,原始导入,未提供,2026-06-25,中,否,否,是,EXT0666,待来源追溯,原始数据保留；新增结构字段为规则化整理结果。,,336,生熟状态未明确
EXT0667,猪肉（后肘）,,畜肉类及其制品-猪,320.0,17.0,28.0,0.0,0.0,猪肉（后肘）,猪肉（后肘）,畜肉,猪肉及制品,畜肉类及其制品-猪,100g,100,g,,,,未明确,,,原始数据库（来源待追溯）,原始导入,未提供,2026-06-25,中,否,否,是,EXT0667,待来源追溯,原始数据保留；新增结构字段为规则化整理结果。,,320,生熟状态未明确
EXT0668,猪肉（肋条肉）,,畜肉类及其制品-猪,568.0,9.3,59.0,0.0,0.0,猪肉（肋条肉）,猪肉（肋条肉）,畜肉,猪肉及制品,畜肉类及其制品-猪,100g,100,g,,,,未明确,,,原始数据库（来源待追溯）,原始导入,未提供,2026-06-25,中,否,否,是,EXT0668,待来源追溯,原始数据保留；新增结构字段为规则化整理结果。,,568,生熟状态未明确
EXT0669,猪肉(奶脯)[软五花、猪夹心],软五花、猪夹心,畜肉类及其制品-猪,349.0,7.7,35.3,0.0,0.0,猪肉(奶脯)[软五花、猪夹心],猪肉(奶脯)[软五花、猪夹心]，软五花，猪夹心,畜肉,猪肉及制品,畜肉类及其制品-猪,100g,100,g,,,,未明确,,,原始数据库（来源待追溯）,原始导入,未提供,2026-06-25,中,否,否,是,EXT0669,待来源追溯,原始数据保留；新增结构字段为规则化整理结果。,,349,生熟状态未明确
EXT0670,猪肉（奶面）[硬五花],硬五花,畜肉类及其制品-猪,339.0,13.6,30.6,2.2,0.0,猪肉（奶面）[硬五花],猪肉（奶面）[硬五花]，硬五花,畜肉,猪肉及制品,畜肉类及其制品-猪,100g,100,g,,,,未明确,,,原始数据库（来源待追溯）,原始导入,未提供,2026-06-25,中,否,否,是,EXT0670,待来源追溯,原始数据保留；新增结构字段为规则化整理结果。,,339,生熟状态未明确
EXT0671,猪肉（前肘）,前肘，前蹄膀，肘子,畜肉类及其制品-猪,287.0,17.3,22.9,2.9,0.0,猪肉（前肘）,猪肉（前肘），前肘，前蹄膀，肘子,畜肉,猪肉及制品,畜肉类及其制品-猪,100g,100,g,,,,未明确,,,原始数据库（来源待追溯）,原始导入,未提供,2026-06-25,中,否,否,是,EXT0671,待来源追溯,原始数据保留；新增结构字段为规则化整理结果。,,287,生熟状态未明确
EXT0672,猪肉（瘦）,瘦肉，精肉，赤肉,畜肉类及其制品-猪,143.0,20.3,6.2,1.5,0.0,猪肉（瘦）,猪肉（瘦），瘦肉，精肉，赤肉,畜肉,猪肉及制品,畜肉类及其制品-猪,100g,100,g,,,,未明确,,,原始数据库（来源待追溯）,原始导入,未提供,2026-06-25,中,否,否,是,EXT0672,待来源追溯,原始数据保留；新增结构字段为规则化整理结果。,,143,生熟状态未明确
EXT0673,猪肉（瘦，fat 8g）,,畜肉类及其制品-猪,153.0,20.7,7.8,0.0,0.0,猪肉（瘦，fat 8g）,猪肉（瘦，fat 8g）,畜肉,猪肉及制品,畜肉类及其制品-猪,100g,100,g,,,,未明确,,,原始数据库（来源待追溯）,原始导入,未提供,2026-06-25,中,否,否,是,EXT0673,待来源追溯,原始数据保留；新增结构字段为规则化整理结果。,,153,生熟状态未明确
EXT0674,猪肉（腿）,猪腿肉，后腿肉，前腿肉,畜肉类及其制品-猪,190.0,17.9,12.8,0.8,0.0,猪肉（腿）,猪肉（腿），猪腿肉，后腿肉，前腿肉,畜肉,猪肉及制品,畜肉类及其制品-猪,100g,100,g,,,,未明确,,,原始数据库（来源待追溯）,原始导入,未提供,2026-06-25,中,否,否,是,EXT0674,待来源追溯,原始数据保留；新增结构字段为规则化整理结果。,,190,生熟状态未明确
EXT0675,猪肉（fat 12g）,,畜肉类及其制品-猪,181.0,19.0,11.7,0.2,0.0,猪肉（fat 12g）,猪肉（fat 12g）,畜肉,猪肉及制品,畜肉类及其制品-猪,100g,100,g,,,,未明确,,,原始数据库（来源待追溯）,原始导入,未提供,2026-06-25,中,否,否,是,EXT0675,待来源追溯,原始数据保留；新增结构字段为规则化整理结果。,,181,生熟状态未明确
EXT0676,猪肉（猪脖）,,畜肉类及其制品-猪,577.0,8.0,60.5,0.0,0.0,猪肉（猪脖）,猪肉（猪脖）,畜肉,猪肉及制品,畜肉类及其制品-猪,100g,100,g,,,,未明确,,,原始数据库（来源待追溯）,原始导入,未提供,2026-06-25,中,否,否,是,EXT0676,待来源追溯,原始数据保留；新增结构字段为规则化整理结果。,,577,生熟状态未明确
EXT0677,猪大肠,肥肠，大肠，猪肠,畜肉类及其制品-猪,196.0,6.9,18.7,0.0,0.0,猪大肠,猪大肠，肥肠，大肠，猪肠,畜肉,猪肉及制品,畜肉类及其制品-猪,100g,100,g,,,,未明确,,,原始数据库（来源待追溯）,原始导入,未提供,2026-06-25,中,否,否,是,EXT0677,待来源追溯,原始数据保留；新增结构字段为规则化整理结果。,,196,生熟状态未明确
EXT0678,猪大排,,畜肉类及其制品-猪,264.0,18.3,20.4,1.7,0.0,猪大排,猪大排,畜肉,猪肉及制品,畜肉类及其制品-猪,100g,100,g,,,,未明确,,,原始数据库（来源待追溯）,原始导入,未提供,2026-06-25,中,否,否,是,EXT0678,待来源追溯,原始数据保留；新增结构字段为规则化整理结果。,,264,生熟状态未明确
EXT0679,猪耳,猪耳朵，顺风耳,畜肉类及其制品-猪,176.0,19.1,11.1,0.0,0.0,猪耳,猪耳，猪耳朵，顺风耳,畜肉,猪肉及制品,畜肉类及其制品-猪,100g,100,g,,,,未明确,,,原始数据库（来源待追溯）,原始导入,未提供,2026-06-25,中,否,否,是,EXT0679,待来源追溯,原始数据保留；新增结构字段为规则化整理结果。,,176,生熟状态未明确
EXT0680,猪蹄,猪脚，猪手，元蹄,畜肉类及其制品-猪,260.0,22.6,18.8,0.0,0.0,猪蹄,猪蹄，猪脚，猪手，元蹄,畜肉,猪肉及制品,畜肉类及其制品-猪,100g,100,g,,,,未明确,,,原始数据库（来源待追溯）,原始导入,未提供,2026-06-25,中,否,否,是,EXT0680,待来源追溯,原始数据保留；新增结构字段为规则化整理结果。,,260,生熟状态未明确
EXT0681,猪蹄筋,猪脚，猪手，元蹄,畜肉类及其制品-猪,156.0,35.3,1.4,0.5,0.0,猪蹄筋,猪蹄筋，猪脚，猪手，元蹄,畜肉,猪肉及制品,畜肉类及其制品-猪,100g,100,g,,,,未明确,,,原始数据库（来源待追溯）,原始导入,未提供,2026-06-25,中,否,否,是,EXT0681,待来源追溯,原始数据保留；新增结构字段为规则化整理结果。,,156,生熟状态未明确
EXT0682,猪头皮,,畜肉类及其制品-猪,499.0,11.8,44.6,12.7,0.0,猪头皮,猪头皮,畜肉,猪肉及制品,畜肉类及其制品-猪,100g,100,g,,,,未明确,,,原始数据库（来源待追溯）,原始导入,未提供,2026-06-25,中,否,否,是,EXT0682,待来源追溯,原始数据保留；新增结构字段为规则化整理结果。,,499,生熟状态未明确
EXT0683,猪肘棒,,畜肉类及其制品-猪,248.0,16.5,16.0,9.4,0.0,猪肘棒,猪肘棒,畜肉,猪肉及制品,畜肉类及其制品-猪,100g,100,g,,,,未明确,,,原始数据库（来源待追溯）,原始导入,未提供,2026-06-25,中,否,否,是,EXT0683,待来源追溯,原始数据保留；新增结构字段为规则化整理结果。,,248,生熟状态未明确
EXT0684,猪肉（前臀尖，杜长大猪）,,畜肉类及其制品-猪,289.0,15.3,25.3,0.0,0.0,猪肉（前臀尖，杜长大猪）,猪肉（前臀尖，杜长大猪）,畜肉,猪肉及制品,畜肉类及其制品-猪,100g,100,g,,,,未明确,,,原始数据库（来源待追溯）,原始导入,未提供,2026-06-25,中,否,否,是,EXT0684,待来源追溯,原始数据保留；新增结构字段为规则化整理结果。,,289,生熟状态未明确
EXT0685,猪肉（前臀尖，良杂猪）,,畜肉类及其制品-猪,334.0,14.2,30.4,0.9,0.0,猪肉（前臀尖，良杂猪）,猪肉（前臀尖，良杂猪）,畜肉,猪肉及制品,畜肉类及其制品-猪,100g,100,g,,,,未明确,,,原始数据库（来源待追溯）,原始导入,未提供,2026-06-25,中,否,否,是,EXT0685,待来源追溯,原始数据保留；新增结构字段为规则化整理结果。,,334,生熟状态未明确
EXT0686,猪肉（后臀尖，杜长大猪）,,畜肉类及其制品-猪,165.0,20.8,9.1,0.0,0.0,猪肉（后臀尖，杜长大猪）,猪肉（后臀尖，杜长大猪）,畜肉,猪肉及制品,畜肉类及其制品-猪,100g,100,g,,,,未明确,,,原始数据库（来源待追溯）,原始导入,未提供,2026-06-25,中,否,否,是,EXT0686,待来源追溯,原始数据保留；新增结构字段为规则化整理结果。,,165,生熟状态未明确
EXT0687,猪肉（后臀尖，良杂猪）,,畜肉类及其制品-猪,175.0,20.0,10.5,0.0,0.0,猪肉（后臀尖，良杂猪）,猪肉（后臀尖，良杂猪）,畜肉,猪肉及制品,畜肉类及其制品-猪,100g,100,g,,,,未明确,,,原始数据库（来源待追溯）,原始导入,未提供,2026-06-25,中,否,否,是,EXT0687,待来源追溯,原始数据保留；新增结构字段为规则化整理结果。,,175,生熟状态未明确
EXT0688,猪肉（硬肋，杜长大猪）,,畜肉类及其制品-猪,557.0,10.8,57.1,0.0,0.0,猪肉（硬肋，杜长大猪）,猪肉（硬肋，杜长大猪）,畜肉,猪肉及制品,畜肉类及其制品-猪,100g,100,g,,,,未明确,,,原始数据库（来源待追溯）,原始导入,未提供,2026-06-25,中,否,否,是,EXT0688,待来源追溯,原始数据保留；新增结构字段为规则化整理结果。,,557,生熟状态未明确
EXT0689,猪肉（硬肋，良杂猪）,,畜肉类及其制品-猪,536.0,11.6,54.4,0.0,0.0,猪肉（硬肋，良杂猪）,猪肉（硬肋，良杂猪）,畜肉,猪肉及制品,畜肉类及其制品-猪,100g,100,g,,,,未明确,,,原始数据库（来源待追溯）,原始导入,未提供,2026-06-25,中,否,否,是,EXT0689,待来源追溯,原始数据保留；新增结构字段为规则化整理结果。,,536,生熟状态未明确
EXT0690,猪肉（通脊，杜长大猪）,,畜肉类及其制品-猪,159.0,22.3,7.8,0.0,0.0,猪肉（通脊，杜长大猪）,猪肉（通脊，杜长大猪）,畜肉,猪肉及制品,畜肉类及其制品-猪,100g,100,g,,,,未明确,,,原始数据库（来源待追溯）,原始导入,未提供,2026-06-25,中,否,否,是,EXT0690,待来源追溯,原始数据保留；新增结构字段为规则化整理结果。,,159,生熟状态未明确
EXT0691,猪肉（通脊，良杂猪）,,畜肉类及其制品-猪,140.0,20.7,6.4,0.0,0.0,猪肉（通脊，良杂猪）,猪肉（通脊，良杂猪）,畜肉,猪肉及制品,畜肉类及其制品-猪,100g,100,g,,,,未明确,,,原始数据库（来源待追溯）,原始导入,未提供,2026-06-25,中,否,否,是,EXT0691,待来源追溯,原始数据保留；新增结构字段为规则化整理结果。,,140,生熟状态未明确
EXT0692,猪肉（里脊）,猪里脊，瘦肉，猪柳,畜肉类及其制品-猪,150.0,19.6,7.9,0.0,0.0,猪肉（里脊）,猪肉（里脊），猪里脊，瘦肉，猪柳,畜肉,猪肉及制品,畜肉类及其制品-猪,100g,100,g,,,,未明确,,,原始数据库（来源待追溯）,原始导入,未提供,2026-06-25,中,否,否,是,EXT0692,待来源追溯,原始数据保留；新增结构字段为规则化整理结果。,,150,生熟状态未明确
EXT0693,猪皮,,畜肉类及其制品-猪,363.0,27.4,28.1,0.0,0.0,猪皮,猪皮,畜肉,猪肉及制品,畜肉类及其制品-猪,100g,100,g,,,,未明确,,,原始数据库（来源待追溯）,原始导入,未提供,2026-06-25,中,否,否,是,EXT0693,待来源追溯,原始数据保留；新增结构字段为规则化整理结果。,,363,生熟状态未明确
EXT0694,猪小排（杜长大猪）,,畜肉类及其制品-猪,295.0,16.8,25.3,0.0,0.0,猪小排（杜长大猪）,猪小排（杜长大猪）,畜肉,猪肉及制品,畜肉类及其制品-猪,100g,100,g,,,,未明确,,,原始数据库（来源待追溯）,原始导入,未提供,2026-06-25,中,否,否,是,EXT0694,待来源追溯,原始数据保留；新增结构字段为规则化整理结果。,,295,生熟状态未明确
EXT0695,猪小排（良杂猪）,,畜肉类及其制品-猪,351.0,14.1,32.7,0.0,0.0,猪小排（良杂猪）,猪小排（良杂猪）,畜肉,猪肉及制品,畜肉类及其制品-猪,100g,100,g,,,,未明确,,,原始数据库（来源待追溯）,原始导入,未提供,2026-06-25,中,否,否,是,EXT0695,待来源追溯,原始数据保留；新增结构字段为规则化整理结果。,,351,生熟状态未明确
EXT0696,猪腿肉（藏香猪）,,畜肉类及其制品-猪,268.0,17.5,19.2,6.3,0.0,猪腿肉（藏香猪）,猪腿肉（藏香猪）,畜肉,猪肉及制品,畜肉类及其制品-猪,100g,100,g,,,,未明确,,,原始数据库（来源待追溯）,原始导入,未提供,2026-06-25,中,否,否,是,EXT0696,待来源追溯,原始数据保留；新增结构字段为规则化整理结果。,,268,生熟状态未明确
EXT0697,猪肚,猪胃，猪肚儿,畜肉类及其制品-猪,110.0,15.2,5.1,0.7,0.0,猪肚,猪肚，猪胃，猪肚儿,畜肉,猪肉及制品,畜肉类及其制品-猪,100g,100,g,,,,未明确,,,原始数据库（来源待追溯）,原始导入,未提供,2026-06-25,低,否,否,否,EXT0697,同名冲突待核验,原始数据保留；新增结构字段为规则化整理结果。,,110,生熟状态未明确
EXT0698,猪肺,猪肺子，猪肺叶,畜肉类及其制品-猪,84.0,12.2,3.9,0.1,0.0,猪肺,猪肺，猪肺子，猪肺叶,畜肉,猪肉及制品,畜肉类及其制品-猪,100g,100,g,,,,未明确,,,原始数据库（来源待追溯）,原始导入,未提供,2026-06-25,中,否,否,是,EXT0698,待来源追溯,原始数据保留；新增结构字段为规则化整理结果。,,84,生熟状态未明确
EXT0699,猪脑,猪脑花，猪脑髓,畜肉类及其制品-猪,131.0,10.8,9.8,0.0,0.0,猪脑,猪脑，猪脑花，猪脑髓,畜肉,猪肉及制品,畜肉类及其制品-猪,100g,100,g,,,,未明确,,,原始数据库（来源待追溯）,原始导入,未提供,2026-06-25,中,否,否,是,EXT0699,待来源追溯,原始数据保留；新增结构字段为规则化整理结果。,,131,生熟状态未明确
EXT0700,猪脾,猪连贴，草鞋底,畜肉类及其制品-猪,94.0,13.2,3.2,3.1,0.0,猪脾,猪脾，猪连贴，草鞋底,畜肉,猪肉及制品,畜肉类及其制品-猪,100g,100,g,,,,未明确,,,原始数据库（来源待追溯）,原始导入,未提供,2026-06-25,中,否,否,是,EXT0700,待来源追溯,原始数据保留；新增结构字段为规则化整理结果。,,94,生熟状态未明确
EXT0701,猪肾（fat 8g）[猪腰子],猪腰子,畜肉类及其制品-猪,137.0,16.0,8.1,0.0,0.0,猪肾（fat 8g）[猪腰子],猪肾（fat 8g）[猪腰子]，猪腰子,畜肉,猪肉及制品,畜肉类及其制品-猪,100g,100,g,,,,未明确,,,原始数据库（来源待追溯）,原始导入,未提供,2026-06-25,中,否,否,是,EXT0701,待来源追溯,原始数据保留；新增结构字段为规则化整理结果。,,137,生熟状态未明确
EXT0702,猪小肠,猪小肠，粉肠,畜肉类及其制品-猪,65.0,10.0,2.0,1.7,0.0,猪小肠,猪小肠，粉肠,畜肉,猪肉及制品,畜肉类及其制品-猪,100g,100,g,,,,未明确,,,原始数据库（来源待追溯）,原始导入,未提供,2026-06-25,中,否,否,是,EXT0702,待来源追溯,原始数据保留；新增结构字段为规则化整理结果。,,65,生熟状态未明确
EXT0703,猪心,猪心脏，猪心儿,畜肉类及其制品-猪,119.0,16.6,5.3,1.1,0.0,猪心,猪心，猪心脏，猪心儿,畜肉,猪肉及制品,畜肉类及其制品-猪,100g,100,g,,,,未明确,,,原始数据库（来源待追溯）,原始导入,未提供,2026-06-25,中,否,否,是,EXT0703,待来源追溯,原始数据保留；新增结构字段为规则化整理结果。,,119,生熟状态未明确
EXT0704,猪血,血豆腐，猪红，血旺,畜肉类及其制品-猪,55.0,12.2,0.3,0.9,0.0,猪血,猪血，血豆腐，猪红，血旺,畜肉,猪肉及制品,畜肉类及其制品-猪,100g,100,g,,,,未明确,,,原始数据库（来源待追溯）,原始导入,未提供,2026-06-25,中,否,否,是,EXT0704,待来源追溯,原始数据保留；新增结构字段为规则化整理结果。,,55,生熟状态未明确
EXT0705,猪肚,猪胃，猪肚儿,畜肉类及其制品-猪,97.0,14.1,3.5,2.2,0.0,猪肚,猪肚，猪胃，猪肚儿,畜肉,猪肉及制品,畜肉类及其制品-猪,100g,100,g,,,,未明确,,,原始数据库（来源待追溯）,原始导入,未提供,2026-06-25,低,否,否,否,EXT0705,同名冲突待核验,原始数据保留；新增结构字段为规则化整理结果。,,97,生熟状态未明确
EXT0706,猪肝,猪肝脏，猪润,畜肉类及其制品-猪,126.0,19.2,4.7,1.8,0.0,猪肝,猪肝，猪肝脏，猪润,畜肉,猪肉及制品,畜肉类及其制品-猪,100g,100,g,,,,未明确,,,原始数据库（来源待追溯）,原始导入,未提供,2026-06-25,中,否,否,是,EXT0706,待来源追溯,原始数据保留；新增结构字段为规则化整理结果。,,126,生熟状态未明确
EXT0707,猪舌[口条],口条,畜肉类及其制品-猪,184.0,18.1,12.4,0.0,0.0,猪舌[口条],猪舌[口条]，口条,畜肉,猪肉及制品,畜肉类及其制品-猪,100g,100,g,,,,未明确,,,原始数据库（来源待追溯）,原始导入,未提供,2026-06-25,中,否,否,是,EXT0707,待来源追溯,原始数据保留；新增结构字段为规则化整理结果。,,184,生熟状态未明确
EXT0708,猪肾（fat 2g）[猪腰子],猪腰子,畜肉类及其制品-猪,82.0,15.8,1.8,0.6,0.0,猪肾（fat 2g）[猪腰子],猪肾（fat 2g）[猪腰子]，猪腰子,畜肉,猪肉及制品,畜肉类及其制品-猪,100g,100,g,,,,未明确,,,原始数据库（来源待追溯）,原始导入,未提供,2026-06-25,中,否,否,是,EXT0708,待来源追溯,原始数据保留；新增结构字段为规则化整理结果。,,82,生熟状态未明确
EXT0709,宫爆肉丁（罐头）,,畜肉类及其制品-猪,353.0,17.7,27.6,8.4,0.0,宫爆肉丁（罐头）,宫爆肉丁（罐头）,畜肉,猪肉及制品,畜肉类及其制品-猪,100g,100,g,,,,未明确,,,原始数据库（来源待追溯）,原始导入,未提供,2026-06-25,中,否,否,是,EXT0709,待来源追溯,原始数据保留；新增结构字段为规则化整理结果。,,353,生熟状态未明确
EXT0710,酱汁肉,,畜肉类及其制品-猪,549.0,15.5,50.4,8.4,0.0,酱汁肉,酱汁肉,畜肉,猪肉及制品,畜肉类及其制品-猪,100g,100,g,,,,未明确,,,原始数据库（来源待追溯）,原始导入,未提供,2026-06-25,中,否,否,是,EXT0710,待来源追溯,原始数据保留；新增结构字段为规则化整理结果。,,549,生熟状态未明确
EXT0711,腊肉（培根）,,畜肉类及其制品-猪,181.0,22.3,9.0,2.6,0.0,腊肉（培根）,腊肉（培根）,畜肉,猪肉及制品,畜肉类及其制品-猪,100g,100,g,,,,未明确,,,原始数据库（来源待追溯）,原始导入,未提供,2026-06-25,中,否,否,是,EXT0711,待来源追溯,原始数据保留；新增结构字段为规则化整理结果。,,181,生熟状态未明确
EXT0712,腊肉（生，fat 49g）,,畜肉类及其制品-猪,498.0,11.8,48.8,2.9,0.0,腊肉（生，fat 49g）,腊肉（生，fat 49g）,畜肉,猪肉及制品,畜肉类及其制品-猪,100g,100,g,,,,生/鲜,,,原始数据库（来源待追溯）,原始导入,未提供,2026-06-25,中,否,否,是,EXT0712,待来源追溯,原始数据保留；新增结构字段为规则化整理结果。,,498,
EXT0713,卤猪杂,,畜肉类及其制品-猪,186.0,24.6,4.8,11.0,0.0,卤猪杂,卤猪杂,畜肉,猪肉及制品,畜肉类及其制品-猪,100g,100,g,,,,未明确,卤,,原始数据库（来源待追溯）,原始导入,未提供,2026-06-25,中,否,否,是,EXT0713,待来源追溯,原始数据保留；新增结构字段为规则化整理结果。,,186,生熟状态未明确
EXT0714,午餐肉（北京）,罐头肉，午餐罐头，SPAM,畜肉类及其制品-猪,229.0,9.4,15.9,12.0,0.0,午餐肉（北京）,午餐肉（北京），罐头肉，午餐罐头，SPAM,畜肉,猪肉及制品,畜肉类及其制品-猪,100g,100,g,,,,未明确,,,原始数据库（来源待追溯）,原始导入,未提供,2026-06-25,中,否,否,是,EXT0714,待来源追溯,原始数据保留；新增结构字段为规则化整理结果。,,229,生熟状态未明确
EXT0715,咸肉,,畜肉类及其制品-猪,390.0,16.5,36.0,0.0,0.0,咸肉,咸肉,畜肉,猪肉及制品,畜肉类及其制品-猪,100g,100,g,,,,未明确,,,原始数据库（来源待追溯）,原始导入,未提供,2026-06-25,中,否,否,是,EXT0715,待来源追溯,原始数据保留；新增结构字段为规则化整理结果。,,390,生熟状态未明确
EXT0716,猪肉罐头（珍珠里脊丝，罐头）,,畜肉类及其制品-猪,225.0,6.7,17.3,10.5,0.0,猪肉罐头（珍珠里脊丝，罐头）,猪肉罐头（珍珠里脊丝，罐头）,畜肉,猪肉及制品,畜肉类及其制品-猪,100g,100,g,,,,未明确,,,原始数据库（来源待追溯）,原始导入,未提供,2026-06-25,中,否,否,是,EXT0716,待来源追溯,原始数据保留；新增结构字段为规则化整理结果。,,225,生熟状态未明确
EXT0717,猪肝（卤煮）,猪肝脏，猪润,畜肉类及其制品-猪,203.0,26.4,8.3,5.6,0.0,猪肝（卤煮）,猪肝（卤煮），猪肝脏，猪润,畜肉,猪肉及制品,畜肉类及其制品-猪,100g,100,g,,,,未明确,煮/卤,,原始数据库（来源待追溯）,原始导入,未提供,2026-06-25,中,否,否,是,EXT0717,待来源追溯,原始数据保留；新增结构字段为规则化整理结果。,,203,生熟状态未明确
EXT0718,猪肉（清蒸）,,畜肉类及其制品-猪,198.0,18.4,13.8,0.0,0.0,猪肉（清蒸）,猪肉（清蒸）,畜肉,猪肉及制品,畜肉类及其制品-猪,100g,100,g,,,,未明确,蒸,,原始数据库（来源待追溯）,原始导入,未提供,2026-06-25,中,否,否,是,EXT0718,待来源追溯,原始数据保留；新增结构字段为规则化整理结果。,,198,生熟状态未明确
EXT0719,猪蹄（熟）,猪脚，猪手，元蹄,畜肉类及其制品-猪,260.0,23.6,17.0,3.2,0.0,猪蹄（熟）,猪蹄（熟），猪脚，猪手，元蹄,畜肉,猪肉及制品,畜肉类及其制品-猪,100g,100,g,,,,熟,,,原始数据库（来源待追溯）,原始导入,未提供,2026-06-25,中,否,否,是,EXT0719,待来源追溯,原始数据保留；新增结构字段为规则化整理结果。,,260,
EXT0720,猪肘棒（熟）,,畜肉类及其制品-猪,314.0,21.3,24.5,2.1,0.0,猪肘棒（熟）,猪肘棒（熟）,畜肉,猪肉及制品,畜肉类及其制品-猪,100g,100,g,,,,熟,,,原始数据库（来源待追溯）,原始导入,未提供,2026-06-25,中,否,否,是,EXT0720,待来源追溯,原始数据保留；新增结构字段为规则化整理结果。,,314,
EXT0721,福建式肉松,,畜肉类及其制品-猪,493.0,25.1,26.0,39.7,0.0,福建式肉松,福建式肉松,畜肉,猪肉及制品,畜肉类及其制品-猪,100g,100,g,,,,未明确,,,原始数据库（来源待追溯）,原始导入,未提供,2026-06-25,中,否,否,是,EXT0721,待来源追溯,原始数据保留；新增结构字段为规则化整理结果。,,493,生熟状态未明确
EXT0722,老年保健肉松,,畜肉类及其制品-猪,458.0,35.8,20.5,32.5,0.0,老年保健肉松,老年保健肉松,畜肉,猪肉及制品,畜肉类及其制品-猪,100g,100,g,,,,未明确,,,原始数据库（来源待追溯）,原始导入,未提供,2026-06-25,中,否,否,是,EXT0722,待来源追溯,原始数据保留；新增结构字段为规则化整理结果。,,458,生熟状态未明确
EXT0723,太仓肉松,,畜肉类及其制品-猪,316.0,38.6,8.3,21.6,0.0,太仓肉松,太仓肉松,畜肉,猪肉及制品,畜肉类及其制品-猪,100g,100,g,,,,未明确,,,原始数据库（来源待追溯）,原始导入,未提供,2026-06-25,中,否,否,是,EXT0723,待来源追溯,原始数据保留；新增结构字段为规则化整理结果。,,316,生熟状态未明确
EXT0724,火腿心全精肉（雪舫蒋牌）,金华火腿，云腿，宣威火腿,畜肉类及其制品-猪,322.0,37.0,19.3,0.0,0.0,火腿心全精肉（雪舫蒋牌）,火腿心全精肉（雪舫蒋牌），金华火腿，云腿，宣威火腿,畜肉,猪肉及制品,畜肉类及其制品-猪,100g,100,g,,,,未明确,,,原始数据库（来源待追溯）,原始导入,未提供,2026-06-25,中,否,否,是,EXT0724,待来源追溯,原始数据保留；新增结构字段为规则化整理结果。,,322,生熟状态未明确
EXT0725,火腿心肉（生，金云牌）,金华火腿，云腿，宣威火腿,畜肉类及其制品-猪,528.0,22.2,48.8,0.0,0.0,火腿心肉（生，金云牌）,火腿心肉（生，金云牌），金华火腿，云腿，宣威火腿,畜肉,猪肉及制品,畜肉类及其制品-猪,100g,100,g,,,,生/鲜,,,原始数据库（来源待追溯）,原始导入,未提供,2026-06-25,中,否,否,是,EXT0725,待来源追溯,原始数据保留；新增结构字段为规则化整理结果。,,528,
EXT0726,腊肉（生，fat 68g）,,畜肉类及其制品-猪,692.0,18.2,68.0,1.8,0.0,腊肉（生，fat 68g）,腊肉（生，fat 68g）,畜肉,猪肉及制品,畜肉类及其制品-猪,100g,100,g,,,,生/鲜,,,原始数据库（来源待追溯）,原始导入,未提供,2026-06-25,中,否,否,是,EXT0726,待来源追溯,原始数据保留；新增结构字段为规则化整理结果。,,692,
EXT0727,叉烧肉,,畜肉类及其制品-猪,196.0,20.9,9.8,6.0,0.0,叉烧肉,叉烧肉,畜肉,猪肉及制品,畜肉类及其制品-猪,100g,100,g,,,,未明确,烧,,原始数据库（来源待追溯）,原始导入,未提供,2026-06-25,低,否,否,否,EXT0727,同名冲突待核验,原始数据保留；新增结构字段为规则化整理结果。,,196,生熟状态未明确
EXT0728,酱排骨,,畜肉类及其制品-猪,366.0,21.7,26.7,9.6,0.0,酱排骨,酱排骨,畜肉,猪肉及制品,畜肉类及其制品-猪,100g,100,g,,,,未明确,,,原始数据库（来源待追溯）,原始导入,未提供,2026-06-25,中,否,否,是,EXT0728,待来源追溯,原始数据保留；新增结构字段为规则化整理结果。,,366,生熟状态未明确
EXT0729,猪肉罐头（香糟块肉）,,畜肉类及其制品-猪,542.0,15.5,53.3,0.0,0.0,猪肉罐头（香糟块肉）,猪肉罐头（香糟块肉）,畜肉,猪肉及制品,畜肉类及其制品-猪,100g,100,g,,,,未明确,,,原始数据库（来源待追溯）,原始导入,未提供,2026-06-25,中,否,否,是,EXT0729,待来源追溯,原始数据保留；新增结构字段为规则化整理结果。,,542,生熟状态未明确
EXT0730,猪里脊（熏烤小里脊）,,畜肉类及其制品-猪,153.0,17.7,3.9,11.8,0.0,猪里脊（熏烤小里脊）,猪里脊（熏烤小里脊）,畜肉,猪肉及制品,畜肉类及其制品-猪,100g,100,g,,,,未明确,烤,,原始数据库（来源待追溯）,原始导入,未提供,2026-06-25,中,否,否,是,EXT0730,待来源追溯,原始数据保留；新增结构字段为规则化整理结果。,,153,生熟状态未明确
EXT0731,猪肉脯,,畜肉类及其制品-猪,378.0,28.0,8.8,46.6,0.0,猪肉脯,猪肉脯,畜肉,猪肉及制品,畜肉类及其制品-猪,100g,100,g,,,,未明确,,,原始数据库（来源待追溯）,原始导入,未提供,2026-06-25,中,否,否,是,EXT0731,待来源追溯,原始数据保留；新增结构字段为规则化整理结果。,,378,生熟状态未明确
EXT0732,肉酥,,畜肉类及其制品-猪,509.0,30.7,27.1,35.5,0.0,肉酥,肉酥,畜肉,猪肉及制品,畜肉类及其制品-猪,100g,100,g,,,,未明确,,,原始数据库（来源待追溯）,原始导入,未提供,2026-06-25,中,否,否,是,EXT0732,待来源追溯,原始数据保留；新增结构字段为规则化整理结果。,,509,生熟状态未明确
EXT0733,扒猪脸,,畜肉类及其制品-猪,347.0,18.8,29.6,1.4,0.0,扒猪脸,扒猪脸,畜肉,猪肉及制品,畜肉类及其制品-猪,100g,100,g,,,,未明确,,,原始数据库（来源待追溯）,原始导入,未提供,2026-06-25,中,否,否,是,EXT0733,待来源追溯,原始数据保留；新增结构字段为规则化整理结果。,,347,生熟状态未明确
EXT0734,酱肘子,,畜肉类及其制品-猪,202.0,29.6,8.5,1.8,0.0,酱肘子,酱肘子,畜肉,猪肉及制品,畜肉类及其制品-猪,100g,100,g,,,,未明确,,,原始数据库（来源待追溯）,原始导入,未提供,2026-06-25,中,否,否,是,EXT0734,待来源追溯,原始数据保留；新增结构字段为规则化整理结果。,,202,生熟状态未明确
EXT0735,火腿肉（藏香猪）,金华火腿，云腿，宣威火腿,畜肉类及其制品-猪,503.0,29.1,40.7,5.0,0.0,火腿肉（藏香猪）,火腿肉（藏香猪），金华火腿，云腿，宣威火腿,畜肉,猪肉及制品,畜肉类及其制品-猪,100g,100,g,,,,未明确,,,原始数据库（来源待追溯）,原始导入,未提供,2026-06-25,中,否,否,是,EXT0735,待来源追溯,原始数据保留；新增结构字段为规则化整理结果。,,503,生熟状态未明确
EXT0736,风干肉（藏香猪）,,畜肉类及其制品-猪,598.0,27.1,53.6,1.7,0.0,风干肉（藏香猪）,风干肉（藏香猪）,畜肉,猪肉及制品,畜肉类及其制品-猪,100g,100,g,,,,未明确,,,原始数据库（来源待追溯）,原始导入,未提供,2026-06-25,中,否,否,是,EXT0736,待来源追溯,原始数据保留；新增结构字段为规则化整理结果。,,598,生熟状态未明确
EXT0737,茶肠,,畜肉类及其制品-猪,329.0,9.0,29.6,6.7,0.0,茶肠,茶肠,畜肉,猪肉及制品,畜肉类及其制品-猪,100g,100,g,,,,未明确,,,原始数据库（来源待追溯）,原始导入,未提供,2026-06-25,中,否,否,是,EXT0737,待来源追溯,原始数据保留；新增结构字段为规则化整理结果。,,329,生熟状态未明确
EXT0738,大腊肠,,畜肉类及其制品-猪,267.0,12.9,20.1,8.6,0.0,大腊肠,大腊肠,畜肉,猪肉及制品,畜肉类及其制品-猪,100g,100,g,,,,未明确,,,原始数据库（来源待追溯）,原始导入,未提供,2026-06-25,中,否,否,是,EXT0738,待来源追溯,原始数据保留；新增结构字段为规则化整理结果。,,267,生熟状态未明确
EXT0739,大肉肠,,畜肉类及其制品-猪,273.0,12.0,22.9,4.6,0.0,大肉肠,大肉肠,畜肉,猪肉及制品,畜肉类及其制品-猪,100g,100,g,,,,未明确,,,原始数据库（来源待追溯）,原始导入,未提供,2026-06-25,中,否,否,是,EXT0739,待来源追溯,原始数据保留；新增结构字段为规则化整理结果。,,273,生熟状态未明确
EXT0740,蛋清肠,,畜肉类及其制品-猪,278.0,12.5,22.8,5.8,0.0,蛋清肠,蛋清肠,畜肉,猪肉及制品,畜肉类及其制品-猪,100g,100,g,,,,未明确,,,原始数据库（来源待追溯）,原始导入,未提供,2026-06-25,中,否,否,是,EXT0740,待来源追溯,原始数据保留；新增结构字段为规则化整理结果。,,278,生熟状态未明确
EXT0741,儿童肠,,畜肉类及其制品-猪,290.0,13.1,19.6,15.3,0.0,儿童肠,儿童肠,畜肉,猪肉及制品,畜肉类及其制品-猪,100g,100,g,,,,未明确,,,原始数据库（来源待追溯）,原始导入,未提供,2026-06-25,中,否,否,是,EXT0741,待来源追溯,原始数据保留；新增结构字段为规则化整理结果。,,290,生熟状态未明确
EXT0742,风干肠,,畜肉类及其制品-猪,283.0,12.4,23.3,5.9,0.0,风干肠,风干肠,畜肉,猪肉及制品,畜肉类及其制品-猪,100g,100,g,,,,未明确,,,原始数据库（来源待追溯）,原始导入,未提供,2026-06-25,中,否,否,是,EXT0742,待来源追溯,原始数据保留；新增结构字段为规则化整理结果。,,283,生熟状态未明确
EXT0743,广东香肠,腊肠，风干肠，肉灌肠,畜肉类及其制品-猪,433.0,18.0,37.3,6.4,0.0,广东香肠,广东香肠，腊肠，风干肠，肉灌肠,畜肉,猪肉及制品,畜肉类及其制品-猪,100g,100,g,,,,未明确,,,原始数据库（来源待追溯）,原始导入,未提供,2026-06-25,中,否,否,是,EXT0743,待来源追溯,原始数据保留；新增结构字段为规则化整理结果。,,433,生熟状态未明确
EXT0744,红果肠,山楂，山里红，酸楂,畜肉类及其制品-猪,260.0,10.2,15.3,20.3,0.0,红果肠,红果肠，山楂，山里红，酸楂,畜肉,猪肉及制品,畜肉类及其制品-猪,100g,100,g,,,,未明确,,,原始数据库（来源待追溯）,原始导入,未提供,2026-06-25,中,否,否,是,EXT0744,待来源追溯,原始数据保留；新增结构字段为规则化整理结果。,,260,生熟状态未明确
EXT0745,火腿肠,火腿香肠，淀粉火腿肠,畜肉类及其制品-猪,212.0,14.0,10.4,15.6,0.0,火腿肠,火腿肠，火腿香肠，淀粉火腿肠,畜肉,猪肉及制品,畜肉类及其制品-猪,100g,100,g,,,,未明确,,,原始数据库（来源待追溯）,原始导入,未提供,2026-06-25,中,否,否,是,EXT0745,待来源追溯,原始数据保留；新增结构字段为规则化整理结果。,,212,生熟状态未明确
EXT0746,腊肠,,畜肉类及其制品-猪,584.0,22.0,48.3,15.3,0.0,腊肠,腊肠,畜肉,猪肉及制品,畜肉类及其制品-猪,100g,100,g,,,,未明确,,,原始数据库（来源待追溯）,原始导入,未提供,2026-06-25,中,否,否,是,EXT0746,待来源追溯,原始数据保留；新增结构字段为规则化整理结果。,,584,生熟状态未明确
EXT0747,松江肠,,畜肉类及其制品-猪,402.0,12.3,26.5,28.5,0.0,松江肠,松江肠,畜肉,猪肉及制品,畜肉类及其制品-猪,100g,100,g,,,,未明确,,,原始数据库（来源待追溯）,原始导入,未提供,2026-06-25,中,否,否,是,EXT0747,待来源追溯,原始数据保留；新增结构字段为规则化整理结果。,,402,生熟状态未明确
EXT0748,蒜肠,,畜肉类及其制品-猪,309.0,7.5,25.4,12.7,0.0,蒜肠,蒜肠,畜肉,猪肉及制品,畜肉类及其制品-猪,100g,100,g,,,,未明确,,,原始数据库（来源待追溯）,原始导入,未提供,2026-06-25,中,否,否,是,EXT0748,待来源追溯,原始数据保留；新增结构字段为规则化整理结果。,,309,生熟状态未明确
EXT0749,香肠,腊肠，风干肠，肉灌肠,畜肉类及其制品-猪,508.0,24.1,40.7,11.2,0.0,香肠,香肠，腊肠，风干肠，肉灌肠,畜肉,猪肉及制品,畜肉类及其制品-猪,100g,100,g,,,,未明确,,,原始数据库（来源待追溯）,原始导入,未提供,2026-06-25,中,否,否,是,EXT0749,待来源追溯,原始数据保留；新增结构字段为规则化整理结果。,,508,生熟状态未明确
EXT0750,香肠（罐头）,腊肠，风干肠，肉灌肠,畜肉类及其制品-猪,290.0,7.9,28.1,1.3,0.0,香肠（罐头）,香肠（罐头），腊肠，风干肠，肉灌肠,畜肉,猪肉及制品,畜肉类及其制品-猪,100g,100,g,,,,未明确,,,原始数据库（来源待追溯）,原始导入,未提供,2026-06-25,中,否,否,是,EXT0750,待来源追溯,原始数据保留；新增结构字段为规则化整理结果。,,290,生熟状态未明确
EXT0751,火腿肠（小红肠）,火腿香肠，淀粉火腿肠,畜肉类及其制品-猪,280.0,11.8,23.2,6.0,0.0,火腿肠（小红肠）,火腿肠（小红肠），火腿香肠，淀粉火腿肠,畜肉,猪肉及制品,畜肉类及其制品-猪,100g,100,g,,,,未明确,,,原始数据库（来源待追溯）,原始导入,未提供,2026-06-25,中,否,否,是,EXT0751,待来源追溯,原始数据保留；新增结构字段为规则化整理结果。,,280,生熟状态未明确
EXT0752,火腿肠（小泥肠）,火腿香肠，淀粉火腿肠,畜肉类及其制品-猪,295.0,11.3,26.3,3.2,0.0,火腿肠（小泥肠）,火腿肠（小泥肠），火腿香肠，淀粉火腿肠,畜肉,猪肉及制品,畜肉类及其制品-猪,100g,100,g,,,,未明确,,,原始数据库（来源待追溯）,原始导入,未提供,2026-06-25,中,否,否,是,EXT0752,待来源追溯,原始数据保留；新增结构字段为规则化整理结果。,,295,生熟状态未明确
EXT0753,午餐肠,,畜肉类及其制品-猪,261.0,2.9,16.6,24.9,0.0,午餐肠,午餐肠,畜肉,猪肉及制品,畜肉类及其制品-猪,100g,100,g,,,,未明确,,,原始数据库（来源待追溯）,原始导入,未提供,2026-06-25,中,否,否,是,EXT0753,待来源追溯,原始数据保留；新增结构字段为规则化整理结果。,,261,生熟状态未明确
EXT0754,午餐肚,,畜肉类及其制品-猪,181.0,9.3,0.5,34.7,0.0,午餐肚,午餐肚,畜肉,猪肉及制品,畜肉类及其制品-猪,100g,100,g,,,,未明确,,,原始数据库（来源待追溯）,原始导入,未提供,2026-06-25,中,否,否,是,EXT0754,待来源追溯,原始数据保留；新增结构字段为规则化整理结果。,,181,生熟状态未明确
EXT0755,方腿,,畜肉类及其制品-猪,117.0,16.2,5.0,1.9,0.0,方腿,方腿,畜肉,猪肉及制品,畜肉类及其制品-猪,100g,100,g,,,,未明确,,,原始数据库（来源待追溯）,原始导入,未提供,2026-06-25,中,否,否,是,EXT0755,待来源追溯,原始数据保留；新增结构字段为规则化整理结果。,,117,生熟状态未明确
EXT0756,火腿（fat 27g）,金华火腿，云腿，宣威火腿,畜肉类及其制品-猪,330.0,16.0,27.4,4.9,0.0,火腿（fat 27g）,火腿（fat 27g），金华火腿，云腿，宣威火腿,畜肉,猪肉及制品,畜肉类及其制品-猪,100g,100,g,,,,未明确,,,原始数据库（来源待追溯）,原始导入,未提供,2026-06-25,中,否,否,是,EXT0756,待来源追溯,原始数据保留；新增结构字段为规则化整理结果。,,330,生熟状态未明确
EXT0757,金华火腿,金华火腿，云腿，宣威火腿,畜肉类及其制品-猪,318.0,16.4,28.0,0.1,0.0,金华火腿,金华火腿，云腿，宣威火腿,畜肉,猪肉及制品,畜肉类及其制品-猪,100g,100,g,,,,未明确,,,原始数据库（来源待追溯）,原始导入,未提供,2026-06-25,中,否,否,是,EXT0757,待来源追溯,原始数据保留；新增结构字段为规则化整理结果。,,318,生熟状态未明确
EXT0758,火腿肠（圆腿）,火腿香肠，淀粉火腿肠,畜肉类及其制品-猪,139.0,18.4,6.5,1.6,0.0,火腿肠（圆腿）,火腿肠（圆腿），火腿香肠，淀粉火腿肠,畜肉,猪肉及制品,畜肉类及其制品-猪,100g,100,g,,,,未明确,,,原始数据库（来源待追溯）,原始导入,未提供,2026-06-25,中,否,否,是,EXT0758,待来源追溯,原始数据保留；新增结构字段为规则化整理结果。,,139,生熟状态未明确
EXT0759,脆皮肠,,畜肉类及其制品-猪,302.0,16.6,24.0,4.8,0.0,脆皮肠,脆皮肠,畜肉,猪肉及制品,畜肉类及其制品-猪,100g,100,g,,,,未明确,,,原始数据库（来源待追溯）,原始导入,未提供,2026-06-25,中,否,否,是,EXT0759,待来源追溯,原始数据保留；新增结构字段为规则化整理结果。,,302,生熟状态未明确
EXT0760,热狗肠,,畜肉类及其制品-猪,307.0,13.2,25.2,6.9,0.0,热狗肠,热狗肠,畜肉,猪肉及制品,畜肉类及其制品-猪,100g,100,g,,,,未明确,,,原始数据库（来源待追溯）,原始导入,未提供,2026-06-25,中,否,否,是,EXT0760,待来源追溯,原始数据保留；新增结构字段为规则化整理结果。,,307,生熟状态未明确
EXT0761,火腿肠（双汇牌）,火腿香肠，淀粉火腿肠,畜肉类及其制品-猪,215.0,12.1,14.6,8.8,0.0,火腿肠（双汇牌）,火腿肠（双汇牌），火腿香肠，淀粉火腿肠,畜肉,猪肉及制品,畜肉类及其制品-猪,100g,100,g,,,,未明确,,,原始数据库（来源待追溯）,原始导入,未提供,2026-06-25,中,否,否,是,EXT0761,待来源追溯,原始数据保留；新增结构字段为规则化整理结果。,,215,生熟状态未明确
EXT0762,火腿（fat 3g）,金华火腿，云腿，宣威火腿,畜肉类及其制品-猪,99.0,15.5,3.4,1.7,0.0,火腿（fat 3g）,火腿（fat 3g），金华火腿，云腿，宣威火腿,畜肉,猪肉及制品,畜肉类及其制品-猪,100g,100,g,,,,未明确,,,原始数据库（来源待追溯）,原始导入,未提供,2026-06-25,中,否,否,是,EXT0762,待来源追溯,原始数据保留；新增结构字段为规则化整理结果。,,99,生熟状态未明确
EXT0763,火腿（宣威牌）,金华火腿，云腿，宣威火腿,畜肉类及其制品-猪,565.0,11.4,56.1,3.7,0.0,火腿（宣威牌）,火腿（宣威牌），金华火腿，云腿，宣威火腿,畜肉,猪肉及制品,畜肉类及其制品-猪,100g,100,g,,,,未明确,,,原始数据库（来源待追溯）,原始导入,未提供,2026-06-25,中,否,否,是,EXT0763,待来源追溯,原始数据保留；新增结构字段为规则化整理结果。,,565,生熟状态未明确
EXT0764,三明治火腿,金华火腿，云腿，宣威火腿,畜肉类及其制品-猪,115.0,12.5,4.5,6.1,0.0,三明治火腿,三明治火腿，金华火腿，云腿，宣威火腿,畜肉,猪肉及制品,畜肉类及其制品-猪,100g,100,g,,,,未明确,,,原始数据库（来源待追溯）,原始导入,未提供,2026-06-25,中,否,否,是,EXT0764,待来源追溯,原始数据保留；新增结构字段为规则化整理结果。,,115,生熟状态未明确
EXT0765,午餐肉（上海梅林牌）,罐头肉，午餐罐头，SPAM,畜肉类及其制品-猪,320.0,9.0,30.1,3.3,0.0,午餐肉（上海梅林牌）,午餐肉（上海梅林牌），罐头肉，午餐罐头，SPAM,畜肉,猪肉及制品,畜肉类及其制品-猪,100g,100,g,,,,未明确,,,原始数据库（来源待追溯）,原始导入,未提供,2026-06-25,中,否,否,是,EXT0765,待来源追溯,原始数据保留；新增结构字段为规则化整理结果。,,320,生熟状态未明确
EXT0766,羊肉（代表值，fat 7g）,羊肉，绵羊肉，肥瘦羊肉,畜肉类及其制品-羊,139.0,18.5,6.5,1.6,0.0,羊肉（代表值，fat 7g）,羊肉（代表值，fat 7g），羊肉，绵羊肉，肥瘦羊肉,畜肉,羊肉及制品,畜肉类及其制品-羊,100g,100,g,,,,未明确,,,原始数据库（来源待追溯）,原始导入,未提供,2026-06-25,中,否,否,是,EXT0766,待来源追溯,原始数据保留；新增结构字段为规则化整理结果。,,139,生熟状态未明确
EXT0767,羊肉（冻）,,畜肉类及其制品-羊,285.0,12.6,24.4,3.8,0.0,羊肉（冻）,羊肉（冻）,畜肉,羊肉及制品,畜肉类及其制品-羊,100g,100,g,,,,未明确,,,原始数据库（来源待追溯）,原始导入,未提供,2026-06-25,中,否,否,是,EXT0767,待来源追溯,原始数据保留；新增结构字段为规则化整理结果。,,285,生熟状态未明确
EXT0768,羊肉（后腿，带骨）,,畜肉类及其制品-羊,110.0,19.5,3.4,0.3,0.0,羊肉（后腿，带骨）,羊肉（后腿，带骨）,畜肉,羊肉及制品,畜肉类及其制品-羊,100g,100,g,,,,未明确,,,原始数据库（来源待追溯）,原始导入,未提供,2026-06-25,中,否,否,是,EXT0768,待来源追溯,原始数据保留；新增结构字段为规则化整理结果。,,110,生熟状态未明确
EXT0769,羊肉（颈）,羊颈肉，羊脖肉，羊肩颈肉,畜肉类及其制品-羊,135.0,21.3,4.6,2.2,0.0,羊肉（颈）,羊肉（颈），羊颈肉，羊脖肉，羊肩颈肉,畜肉,羊肉及制品,畜肉类及其制品-羊,100g,100,g,,,,未明确,,,原始数据库（来源待追溯）,原始导入,未提供,2026-06-25,中,否,否,是,EXT0769,待来源追溯,原始数据保留；新增结构字段为规则化整理结果。,,135,生熟状态未明确
EXT0770,羊肉（里脊）,羊里脊，羊柳,畜肉类及其制品-羊,103.0,20.5,1.6,1.6,0.0,羊肉（里脊）,羊肉（里脊），羊里脊，羊柳,畜肉,羊肉及制品,畜肉类及其制品-羊,100g,100,g,,,,未明确,,,原始数据库（来源待追溯）,原始导入,未提供,2026-06-25,中,否,否,是,EXT0770,待来源追溯,原始数据保留；新增结构字段为规则化整理结果。,,103,生熟状态未明确
EXT0771,羊肉（前腿，fat 3g）,,畜肉类及其制品-羊,110.0,18.6,3.2,1.6,0.0,羊肉（前腿，fat 3g）,羊肉（前腿，fat 3g）,畜肉,羊肉及制品,畜肉类及其制品-羊,100g,100,g,,,,未明确,,,原始数据库（来源待追溯）,原始导入,未提供,2026-06-25,中,否,否,是,EXT0771,待来源追溯,原始数据保留；新增结构字段为规则化整理结果。,,110,生熟状态未明确
EXT0772,羊肉（青羊）,,畜肉类及其制品-羊,99.0,21.3,1.1,1.0,0.0,羊肉（青羊）,羊肉（青羊）,畜肉,羊肉及制品,畜肉类及其制品-羊,100g,100,g,,,,未明确,,,原始数据库（来源待追溯）,原始导入,未提供,2026-06-25,中,否,否,是,EXT0772,待来源追溯,原始数据保留；新增结构字段为规则化整理结果。,,99,生熟状态未明确
EXT0773,羊肉（fat 4g）,,畜肉类及其制品-羊,118.0,20.5,3.9,0.2,0.0,羊肉（fat 4g）,羊肉（fat 4g）,畜肉,羊肉及制品,畜肉类及其制品-羊,100g,100,g,,,,未明确,,,原始数据库（来源待追溯）,原始导入,未提供,2026-06-25,中,否,否,是,EXT0773,待来源追溯,原始数据保留；新增结构字段为规则化整理结果。,,118,生熟状态未明确
EXT0774,羊肉（胸脯）,,畜肉类及其制品-羊,133.0,19.4,6.2,0.0,0.0,羊肉（胸脯）,羊肉（胸脯）,畜肉,羊肉及制品,畜肉类及其制品-羊,100g,100,g,,,,未明确,,,原始数据库（来源待追溯）,原始导入,未提供,2026-06-25,中,否,否,是,EXT0774,待来源追溯,原始数据保留；新增结构字段为规则化整理结果。,,133,生熟状态未明确
EXT0775,山羊肉（生）,,畜肉类及其制品-羊,293.0,8.7,24.5,9.4,0.0,山羊肉（生）,山羊肉（生）,畜肉,羊肉及制品,畜肉类及其制品-羊,100g,100,g,,,,生/鲜,,,原始数据库（来源待追溯）,原始导入,未提供,2026-06-25,中,否,否,是,EXT0775,待来源追溯,原始数据保留；新增结构字段为规则化整理结果。,,293,
EXT0776,羊蹄筋（生）,,畜肉类及其制品-羊,159.0,34.3,2.4,0.0,0.0,羊蹄筋（生）,羊蹄筋（生）,畜肉,羊肉及制品,畜肉类及其制品-羊,100g,100,g,,,,生/鲜,,,原始数据库（来源待追溯）,原始导入,未提供,2026-06-25,中,否,否,是,EXT0776,待来源追溯,原始数据保留；新增结构字段为规则化整理结果。,,159,
EXT0777,羊蹄筋（泡发）,,畜肉类及其制品-羊,41.0,8.4,0.0,1.9,0.0,羊蹄筋（泡发）,羊蹄筋（泡发）,畜肉,羊肉及制品,畜肉类及其制品-羊,100g,100,g,,,,泡发,,,原始数据库（来源待追溯）,原始导入,未提供,2026-06-25,中,否,否,是,EXT0777,待来源追溯,原始数据保留；新增结构字段为规则化整理结果。,,41,
EXT0778,羊肉（上脑）,,畜肉类及其制品-羊,94.0,19.0,2.0,0.0,0.0,羊肉（上脑）,羊肉（上脑）,畜肉,羊肉及制品,畜肉类及其制品-羊,100g,100,g,,,,未明确,,,原始数据库（来源待追溯）,原始导入,未提供,2026-06-25,中,否,否,是,EXT0778,待来源追溯,原始数据保留；新增结构字段为规则化整理结果。,,94,生熟状态未明确
EXT0779,羊肉（腰窝）,,畜肉类及其制品-羊,135.0,18.9,6.6,0.0,0.0,羊肉（腰窝）,羊肉（腰窝）,畜肉,羊肉及制品,畜肉类及其制品-羊,100g,100,g,,,,未明确,,,原始数据库（来源待追溯）,原始导入,未提供,2026-06-25,中,否,否,是,EXT0779,待来源追溯,原始数据保留；新增结构字段为规则化整理结果。,,135,生熟状态未明确
EXT0780,羊肉（前腿）,羊前腿，羊腿,畜肉类及其制品-羊,97.0,19.8,2.0,0.0,0.0,羊肉（前腿）,羊肉（前腿），羊前腿，羊腿,畜肉,羊肉及制品,畜肉类及其制品-羊,100g,100,g,,,,未明确,,,原始数据库（来源待追溯）,原始导入,未提供,2026-06-25,中,否,否,是,EXT0780,待来源追溯,原始数据保留；新增结构字段为规则化整理结果。,,97,生熟状态未明确
EXT0781,羊肉（后腿）,羊后腿，羊腿肉,畜肉类及其制品-羊,111.0,20.6,3.2,0.0,0.0,羊肉（后腿）,羊肉（后腿），羊后腿，羊腿肉,畜肉,羊肉及制品,畜肉类及其制品-羊,100g,100,g,,,,未明确,,,原始数据库（来源待追溯）,原始导入,未提供,2026-06-25,中,否,否,是,EXT0781,待来源追溯,原始数据保留；新增结构字段为规则化整理结果。,,111,生熟状态未明确
EXT0782,羊肉片,,畜肉类及其制品-羊,118.0,18.0,4.0,2.4,0.0,羊肉片,羊肉片,畜肉,羊肉及制品,畜肉类及其制品-羊,100g,100,g,,,,未明确,,,原始数据库（来源待追溯）,原始导入,未提供,2026-06-25,中,否,否,是,EXT0782,待来源追溯,原始数据保留；新增结构字段为规则化整理结果。,,118,生熟状态未明确
EXT0783,羊大肠,,畜肉类及其制品-羊,75.0,13.4,2.4,0.0,0.0,羊大肠,羊大肠,畜肉,羊肉及制品,畜肉类及其制品-羊,100g,100,g,,,,未明确,,,原始数据库（来源待追溯）,原始导入,未提供,2026-06-25,中,否,否,是,EXT0783,待来源追溯,原始数据保留；新增结构字段为规则化整理结果。,,75,生熟状态未明确
EXT0784,羊肚,羊胃，羊百叶，散丹,畜肉类及其制品-羊,87.0,12.2,3.4,1.8,0.0,羊肚,羊肚，羊胃，羊百叶，散丹,畜肉,羊肉及制品,畜肉类及其制品-羊,100g,100,g,,,,未明确,,,原始数据库（来源待追溯）,原始导入,未提供,2026-06-25,中,否,否,是,EXT0784,待来源追溯,原始数据保留；新增结构字段为规则化整理结果。,,87,生熟状态未明确
EXT0785,羊肺,,畜肉类及其制品-羊,96.0,16.2,2.4,2.5,0.0,羊肺,羊肺,畜肉,羊肉及制品,畜肉类及其制品-羊,100g,100,g,,,,未明确,,,原始数据库（来源待追溯）,原始导入,未提供,2026-06-25,中,否,否,是,EXT0785,待来源追溯,原始数据保留；新增结构字段为规则化整理结果。,,96,生熟状态未明确
EXT0786,羊肝,羊肝脏，羊润,畜肉类及其制品-羊,134.0,17.9,3.6,7.4,0.0,羊肝,羊肝，羊肝脏，羊润,畜肉,羊肉及制品,畜肉类及其制品-羊,100g,100,g,,,,未明确,,,原始数据库（来源待追溯）,原始导入,未提供,2026-06-25,中,否,否,是,EXT0786,待来源追溯,原始数据保留；新增结构字段为规则化整理结果。,,134,生熟状态未明确
EXT0787,羊脑,羊脑髓，羊脑花,畜肉类及其制品-羊,142.0,11.3,10.7,0.1,0.0,羊脑,羊脑，羊脑髓，羊脑花,畜肉,羊肉及制品,畜肉类及其制品-羊,100g,100,g,,,,未明确,,,原始数据库（来源待追溯）,原始导入,未提供,2026-06-25,中,否,否,是,EXT0787,待来源追溯,原始数据保留；新增结构字段为规则化整理结果。,,142,生熟状态未明确
EXT0788,羊舌,,畜肉类及其制品-羊,225.0,19.4,14.2,4.8,0.0,羊舌,羊舌,畜肉,羊肉及制品,畜肉类及其制品-羊,100g,100,g,,,,未明确,,,原始数据库（来源待追溯）,原始导入,未提供,2026-06-25,中,否,否,是,EXT0788,待来源追溯,原始数据保留；新增结构字段为规则化整理结果。,,225,生熟状态未明确
EXT0789,羊肾,羊腰子，羊腰,畜肉类及其制品-羊,96.0,16.6,2.8,1.0,0.0,羊肾,羊肾，羊腰子，羊腰,畜肉,羊肉及制品,畜肉类及其制品-羊,100g,100,g,,,,未明确,,,原始数据库（来源待追溯）,原始导入,未提供,2026-06-25,中,否,否,是,EXT0789,待来源追溯,原始数据保留；新增结构字段为规则化整理结果。,,96,生熟状态未明确
EXT0790,羊心,羊心脏，羊心儿,畜肉类及其制品-羊,113.0,13.8,5.5,2.0,0.0,羊心,羊心，羊心脏，羊心儿,畜肉,羊肉及制品,畜肉类及其制品-羊,100g,100,g,,,,未明确,,,原始数据库（来源待追溯）,原始导入,未提供,2026-06-25,中,否,否,是,EXT0790,待来源追溯,原始数据保留；新增结构字段为规则化整理结果。,,113,生熟状态未明确
EXT0791,羊血,羊血豆腐，羊红,畜肉类及其制品-羊,57.0,6.8,0.2,6.9,0.0,羊血,羊血，羊血豆腐，羊红,畜肉,羊肉及制品,畜肉类及其制品-羊,100g,100,g,,,,未明确,,,原始数据库（来源待追溯）,原始导入,未提供,2026-06-25,中,否,否,是,EXT0791,待来源追溯,原始数据保留；新增结构字段为规则化整理结果。,,57,生熟状态未明确
EXT0792,腊羊肉,,畜肉类及其制品-羊,246.0,26.1,10.6,11.5,0.0,腊羊肉,腊羊肉,畜肉,羊肉及制品,畜肉类及其制品-羊,100g,100,g,,,,未明确,,,原始数据库（来源待追溯）,原始导入,未提供,2026-06-25,中,否,否,是,EXT0792,待来源追溯,原始数据保留；新增结构字段为规则化整理结果。,,246,生熟状态未明确
EXT0793,羊肉（熟）,,畜肉类及其制品-羊,217.0,23.2,13.8,0.0,0.0,羊肉（熟）,羊肉（熟）,畜肉,羊肉及制品,畜肉类及其制品-羊,100g,100,g,,,,熟,,,原始数据库（来源待追溯）,原始导入,未提供,2026-06-25,中,否,否,是,EXT0793,待来源追溯,原始数据保留；新增结构字段为规则化整理结果。,,217,
EXT0794,羊肉串（电烤）,,畜肉类及其制品-羊,234.0,26.4,11.6,6.0,0.0,羊肉串（电烤）,羊肉串（电烤）,畜肉,羊肉及制品,畜肉类及其制品-羊,100g,100,g,,,,未明确,烤,,原始数据库（来源待追溯）,原始导入,未提供,2026-06-25,中,否,否,是,EXT0794,待来源追溯,原始数据保留；新增结构字段为规则化整理结果。,,234,生熟状态未明确
EXT0795,羊肉串（烤）,,畜肉类及其制品-羊,206.0,26.0,10.3,2.4,0.0,羊肉串（烤）,羊肉串（烤）,畜肉,羊肉及制品,畜肉类及其制品-羊,100g,100,g,,,,未明确,烤,,原始数据库（来源待追溯）,原始导入,未提供,2026-06-25,中,否,否,是,EXT0795,待来源追溯,原始数据保留；新增结构字段为规则化整理结果。,,206,生熟状态未明确
EXT0796,羊肉串（炸）,,畜肉类及其制品-羊,217.0,18.3,11.5,10.0,0.0,羊肉串（炸）,羊肉串（炸）,畜肉,羊肉及制品,畜肉类及其制品-羊,100g,100,g,,,,未明确,炸,,原始数据库（来源待追溯）,原始导入,未提供,2026-06-25,中,否,否,是,EXT0796,待来源追溯,原始数据保留；新增结构字段为规则化整理结果。,,217,生熟状态未明确
EXT0797,羊肉干,,畜肉类及其制品-羊,588.0,28.2,46.7,13.7,0.0,羊肉干,羊肉干,畜肉,羊肉及制品,畜肉类及其制品-羊,100g,100,g,,,,未明确,,,原始数据库（来源待追溯）,原始导入,未提供,2026-06-25,中,否,否,是,EXT0797,待来源追溯,原始数据保留；新增结构字段为规则化整理结果。,,588,生熟状态未明确
EXT0798,羊肉（羊肉手抓）,,畜肉类及其制品-羊,188.0,27.3,8.8,0.0,0.0,羊肉（羊肉手抓）,羊肉（羊肉手抓）,畜肉,羊肉及制品,畜肉类及其制品-羊,100g,100,g,,,,未明确,,,原始数据库（来源待追溯）,原始导入,未提供,2026-06-25,中,否,否,是,EXT0798,待来源追溯,原始数据保留；新增结构字段为规则化整理结果。,,188,生熟状态未明确
EXT0799,山羊肉（酱）,,畜肉类及其制品-羊,272.0,25.4,13.7,11.8,0.0,山羊肉（酱）,山羊肉（酱）,畜肉,羊肉及制品,畜肉类及其制品-羊,100g,100,g,,,,未明确,,,原始数据库（来源待追溯）,原始导入,未提供,2026-06-25,中,否,否,是,EXT0799,待来源追溯,原始数据保留；新增结构字段为规则化整理结果。,,272,生熟状态未明确
EXT0800,烧羊肉（五香）,,畜肉类及其制品-羊,183.0,33.6,5.4,0.0,0.0,烧羊肉（五香）,烧羊肉（五香）,畜肉,羊肉及制品,畜肉类及其制品-羊,100g,100,g,,,,未明确,烧,,原始数据库（来源待追溯）,原始导入,未提供,2026-06-25,中,否,否,是,EXT0800,待来源追溯,原始数据保留；新增结构字段为规则化整理结果。,,183,生熟状态未明确
EXT0801,羊肉串（生）,,畜肉类及其制品-羊,118.0,13.0,4.8,5.6,0.0,羊肉串（生）,羊肉串（生）,畜肉,羊肉及制品,畜肉类及其制品-羊,100g,100,g,,,,生/鲜,,,原始数据库（来源待追溯）,原始导入,未提供,2026-06-25,中,否,否,是,EXT0801,待来源追溯,原始数据保留；新增结构字段为规则化整理结果。,,118,
EXT0802,马肉,马肉，马瘦肉,畜肉类及其制品-马,122.0,20.1,4.6,0.1,0.0,马肉,马肉，马瘦肉,畜肉,其他畜肉及制品,畜肉类及其制品-马,100g,100,g,,,,未明确,,,原始数据库（来源待追溯）,原始导入,未提供,2026-06-25,中,否,否,是,EXT0802,待来源追溯,原始数据保留；新增结构字段为规则化整理结果。,,122,生熟状态未明确
EXT0803,马心,,畜肉类及其制品-马,104.0,18.9,2.7,1.0,0.0,马心,马心,畜肉,其他畜肉及制品,畜肉类及其制品-马,100g,100,g,,,,未明确,,,原始数据库（来源待追溯）,原始导入,未提供,2026-06-25,中,否,否,是,EXT0803,待来源追溯,原始数据保留；新增结构字段为规则化整理结果。,,104,生熟状态未明确
EXT0804,马肉（卤）,卤马肉，酱马肉，马肉干,畜肉类及其制品-马,170.0,30.5,4.8,1.2,0.0,马肉（卤）,马肉（卤），卤马肉，酱马肉，马肉干,畜肉,其他畜肉及制品,畜肉类及其制品-马,100g,100,g,,,,未明确,卤,,原始数据库（来源待追溯）,原始导入,未提供,2026-06-25,中,否,否,是,EXT0804,待来源追溯,原始数据保留；新增结构字段为规则化整理结果。,,170,生熟状态未明确
EXT0805,驴肉（瘦）,驴肉，瘦驴肉,畜肉类及其制品-驴,116.0,21.5,3.2,0.4,0.0,驴肉（瘦）,驴肉（瘦），驴肉，瘦驴肉,畜肉,其他畜肉及制品,畜肉类及其制品-驴,100g,100,g,,,,未明确,,,原始数据库（来源待追溯）,原始导入,未提供,2026-06-25,中,否,否,是,EXT0805,待来源追溯,原始数据保留；新增结构字段为规则化整理结果。,,116,生熟状态未明确
EXT0806,驴鞭,,畜肉类及其制品-驴,143.0,29.7,0.8,4.3,0.0,驴鞭,驴鞭,畜肉,其他畜肉及制品,畜肉类及其制品-驴,100g,100,g,,,,未明确,,,原始数据库（来源待追溯）,原始导入,未提供,2026-06-25,中,否,否,是,EXT0806,待来源追溯,原始数据保留；新增结构字段为规则化整理结果。,,143,生熟状态未明确
EXT0807,驴肉（酱）,酱驴肉，卤驴肉，五香驴肉,畜肉类及其制品-驴,160.0,33.7,2.8,0.0,0.0,驴肉（酱）,驴肉（酱），酱驴肉，卤驴肉，五香驴肉,畜肉,其他畜肉及制品,畜肉类及其制品-驴,100g,100,g,,,,未明确,,,原始数据库（来源待追溯）,原始导入,未提供,2026-06-25,中,否,否,是,EXT0807,待来源追溯,原始数据保留；新增结构字段为规则化整理结果。,,160,生熟状态未明确
EXT0808,驴肉（卤）,,畜肉类及其制品-驴,149.0,27.2,1.9,5.8,0.0,驴肉（卤）,驴肉（卤）,畜肉,其他畜肉及制品,畜肉类及其制品-驴,100g,100,g,,,,未明确,卤,,原始数据库（来源待追溯）,原始导入,未提供,2026-06-25,中,否,否,是,EXT0808,待来源追溯,原始数据保留；新增结构字段为规则化整理结果。,,149,生熟状态未明确
EXT0809,驴肉（煮）,,畜肉类及其制品-驴,230.0,27.0,13.5,0.0,0.0,驴肉（煮）,驴肉（煮）,畜肉,其他畜肉及制品,畜肉类及其制品-驴,100g,100,g,,,,未明确,煮,,原始数据库（来源待追溯）,原始导入,未提供,2026-06-25,中,否,否,是,EXT0809,待来源追溯,原始数据保留；新增结构字段为规则化整理结果。,,230,生熟状态未明确
EXT0810,驴肉（五香）,,畜肉类及其制品-驴,167.0,28.2,6.0,0.0,0.0,驴肉（五香）,驴肉（五香）,畜肉,其他畜肉及制品,畜肉类及其制品-驴,100g,100,g,,,,未明确,,,原始数据库（来源待追溯）,原始导入,未提供,2026-06-25,中,否,否,是,EXT0810,待来源追溯,原始数据保留；新增结构字段为规则化整理结果。,,167,生熟状态未明确
EXT0811,鸽,,禽肉类及其制品-其他,201.0,16.5,14.2,1.7,0.0,鸽,鸽,禽肉,其他禽肉及制品,禽肉类及其制品-其他,100g,100,g,,,,未明确,,,原始数据库（来源待追溯）,原始导入,未提供,2026-06-25,中,否,否,是,EXT0811,待来源追溯,原始数据保留；新增结构字段为规则化整理结果。,,201,生熟状态未明确
EXT0812,鹌鹑,鹌鹑肉，鹑鸟,禽肉类及其制品-其他,110.0,20.2,3.1,0.2,0.0,鹌鹑,鹌鹑，鹌鹑肉，鹑鸟,禽肉,其他禽肉及制品,禽肉类及其制品-其他,100g,100,g,,,,未明确,,,原始数据库（来源待追溯）,原始导入,未提供,2026-06-25,中,否,否,是,EXT0812,待来源追溯,原始数据保留；新增结构字段为规则化整理结果。,,110,生熟状态未明确
EXT0813,乳鸽,鸽肉，雏鸽，幼鸽，乳鸽肉,禽肉类及其制品-其他,352.0,11.3,34.1,0.0,0.0,乳鸽,乳鸽，鸽肉，雏鸽，幼鸽，乳鸽肉,禽肉,其他禽肉及制品,禽肉类及其制品-其他,100g,100,g,,,,未明确,,,原始数据库（来源待追溯）,原始导入,未提供,2026-06-25,中,否,否,是,EXT0813,待来源追溯,原始数据保留；新增结构字段为规则化整理结果。,,352,生熟状态未明确
EXT0814,乳鸽（红烧）,鸽肉，雏鸽，幼鸽，乳鸽肉,禽肉类及其制品-其他,255.0,16.9,20.8,0.0,0.0,乳鸽（红烧）,乳鸽（红烧），鸽肉，雏鸽，幼鸽，乳鸽肉,禽肉,其他禽肉及制品,禽肉类及其制品-其他,100g,100,g,,,,未明确,烧,,原始数据库（来源待追溯）,原始导入,未提供,2026-06-25,中,否,否,是,EXT0814,待来源追溯,原始数据保留；新增结构字段为规则化整理结果。,,255,生熟状态未明确
EXT0815,火鸡腿肉,火鸡大腿,禽肉类及其制品-火鸡,91.0,20.0,1.2,0.0,0.0,火鸡腿肉,火鸡腿肉，火鸡大腿,禽肉,鸡肉及制品,禽肉类及其制品-火鸡,100g,100,g,,,,未明确,,,原始数据库（来源待追溯）,原始导入,未提供,2026-06-25,中,否,否,是,EXT0815,待来源追溯,原始数据保留；新增结构字段为规则化整理结果。,,91,生熟状态未明确
EXT0816,火鸡胸脯肉,火鸡胸，火鸡胸肉,禽肉类及其制品-火鸡,103.0,22.4,0.2,2.8,0.0,火鸡胸脯肉,火鸡胸脯肉，火鸡胸，火鸡胸肉,禽肉,鸡肉及制品,禽肉类及其制品-火鸡,100g,100,g,,,,未明确,,,原始数据库（来源待追溯）,原始导入,未提供,2026-06-25,中,否,否,是,EXT0816,待来源追溯,原始数据保留；新增结构字段为规则化整理结果。,,103,生熟状态未明确
EXT0817,火鸡肝,鸡肝脏，鸡润,禽肉类及其制品-火鸡,143.0,20.0,5.6,3.1,0.0,火鸡肝,火鸡肝，鸡肝脏，鸡润,禽肉,鸡肉及制品,禽肉类及其制品-火鸡,100g,100,g,,,,未明确,,,原始数据库（来源待追溯）,原始导入,未提供,2026-06-25,中,否,否,是,EXT0817,待来源追溯,原始数据保留；新增结构字段为规则化整理结果。,,143,生熟状态未明确
EXT0818,火鸡肫,,禽肉类及其制品-火鸡,91.0,18.9,0.3,3.2,0.0,火鸡肫,火鸡肫,禽肉,鸡肉及制品,禽肉类及其制品-火鸡,100g,100,g,,,,未明确,,,原始数据库（来源待追溯）,原始导入,未提供,2026-06-25,中,否,否,是,EXT0818,待来源追溯,原始数据保留；新增结构字段为规则化整理结果。,,91,生熟状态未明确
EXT0819,火鸡腿（熟）,火鸡大腿,禽肉类及其制品-火鸡,100.0,16.7,0.7,6.6,0.0,火鸡腿（熟）,火鸡腿（熟），火鸡大腿,禽肉,鸡肉及制品,禽肉类及其制品-火鸡,100g,100,g,,,,熟,,,原始数据库（来源待追溯）,原始导入,未提供,2026-06-25,中,否,否,是,EXT0819,待来源追溯,原始数据保留；新增结构字段为规则化整理结果。,,100,
EXT0820,鸡（代表值）,鸡肉，土鸡，家鸡，三黄鸡,禽肉类及其制品-鸡,145.0,20.3,6.7,0.9,0.0,鸡（代表值）,鸡（代表值），鸡肉，土鸡，家鸡，三黄鸡,禽肉,鸡肉及制品,禽肉类及其制品-鸡,100g,100,g,,,,未明确,,,原始数据库（来源待追溯）,原始导入,未提供,2026-06-25,中,否,否,是,EXT0820,待来源追溯,原始数据保留；新增结构字段为规则化整理结果。,,145,生熟状态未明确
EXT0821,鸡（土鸡，家养）,土鸡，柴鸡，走地鸡，笨鸡,禽肉类及其制品-鸡,124.0,20.8,4.5,0.0,0.0,鸡（土鸡，家养）,鸡（土鸡，家养），土鸡，柴鸡，走地鸡，笨鸡,禽肉,鸡肉及制品,禽肉类及其制品-鸡,100g,100,g,,,,未明确,,,原始数据库（来源待追溯）,原始导入,未提供,2026-06-25,中,否,否,是,EXT0821,待来源追溯,原始数据保留；新增结构字段为规则化整理结果。,,124,生熟状态未明确
EXT0822,母鸡（一年内）,,禽肉类及其制品-鸡,256.0,20.3,16.8,5.8,0.0,母鸡（一年内）,母鸡（一年内）,禽肉,鸡肉及制品,禽肉类及其制品-鸡,100g,100,g,,,,未明确,,,原始数据库（来源待追溯）,原始导入,未提供,2026-06-25,中,否,否,是,EXT0822,待来源追溯,原始数据保留；新增结构字段为规则化整理结果。,,256,生熟状态未明确
EXT0823,肉鸡（肥）,,禽肉类及其制品-鸡,389.0,16.7,35.4,0.9,0.0,肉鸡（肥）,肉鸡（肥）,禽肉,鸡肉及制品,禽肉类及其制品-鸡,100g,100,g,,,,未明确,,,原始数据库（来源待追溯）,原始导入,未提供,2026-06-25,中,否,否,是,EXT0823,待来源追溯,原始数据保留；新增结构字段为规则化整理结果。,,389,生熟状态未明确
EXT0824,华青鸡,,禽肉类及其制品-鸡,158.0,19.6,8.8,0.0,0.0,华青鸡,华青鸡,禽肉,鸡肉及制品,禽肉类及其制品-鸡,100g,100,g,,,,未明确,,,原始数据库（来源待追溯）,原始导入,未提供,2026-06-25,中,否,否,是,EXT0824,待来源追溯,原始数据保留；新增结构字段为规则化整理结果。,,158,生熟状态未明确
EXT0825,沙鸡,,禽肉类及其制品-鸡,147.0,20.0,6.7,1.6,0.0,沙鸡,沙鸡,禽肉,鸡肉及制品,禽肉类及其制品-鸡,100g,100,g,,,,未明确,,,原始数据库（来源待追溯）,原始导入,未提供,2026-06-25,中,否,否,是,EXT0825,待来源追溯,原始数据保留；新增结构字段为规则化整理结果。,,147,生熟状态未明确
EXT0826,鸡（乌骨鸡）,乌鸡，黑脚鸡，竹丝鸡,禽肉类及其制品-鸡,111.0,22.3,2.3,0.3,0.0,鸡（乌骨鸡）,鸡（乌骨鸡），乌鸡，黑脚鸡，竹丝鸡,禽肉,鸡肉及制品,禽肉类及其制品-鸡,100g,100,g,,,,未明确,,,原始数据库（来源待追溯）,原始导入,未提供,2026-06-25,中,否,否,是,EXT0826,待来源追溯,原始数据保留；新增结构字段为规则化整理结果。,,111,生熟状态未明确
EXT0827,鸡爪,凤爪，鸡脚，鸡掌，凤足,禽肉类及其制品-鸡,254.0,23.9,16.4,2.7,0.0,鸡爪,鸡爪，凤爪，鸡脚，鸡掌，凤足,禽肉,鸡肉及制品,禽肉类及其制品-鸡,100g,100,g,,,,未明确,,,原始数据库（来源待追溯）,原始导入,未提供,2026-06-25,中,否,否,是,EXT0827,待来源追溯,原始数据保留；新增结构字段为规则化整理结果。,,254,生熟状态未明确
EXT0828,鸡胸脯肉,鸡胸，鸡胸肉，鸡脯肉,禽肉类及其制品-鸡,118.0,24.6,1.9,0.6,0.0,鸡胸脯肉,鸡胸脯肉，鸡胸，鸡胸肉，鸡脯肉,禽肉,鸡肉及制品,禽肉类及其制品-鸡,100g,100,g,,,,未明确,,,原始数据库（来源待追溯）,原始导入,未提供,2026-06-25,中,否,否,是,EXT0828,待来源追溯,原始数据保留；新增结构字段为规则化整理结果。,,118,生熟状态未明确
EXT0829,鸡腿,鸡腿肉，鸡大腿，琵琶腿,禽肉类及其制品-鸡,146.0,20.2,7.2,0.0,0.0,鸡腿,鸡腿，鸡腿肉，鸡大腿，琵琶腿,禽肉,鸡肉及制品,禽肉类及其制品-鸡,100g,100,g,,,,未明确,,,原始数据库（来源待追溯）,原始导入,未提供,2026-06-25,中,否,否,是,EXT0829,待来源追溯,原始数据保留；新增结构字段为规则化整理结果。,,146,生熟状态未明确
EXT0830,鸡翅,鸡翅膀，鸡翼，鸡中翅,禽肉类及其制品-鸡,202.0,19.0,11.5,5.5,0.0,鸡翅,鸡翅，鸡翅膀，鸡翼，鸡中翅,禽肉,鸡肉及制品,禽肉类及其制品-鸡,100g,100,g,,,,未明确,,,原始数据库（来源待追溯）,原始导入,未提供,2026-06-25,中,否,否,是,EXT0830,待来源追溯,原始数据保留；新增结构字段为规则化整理结果。,,202,生熟状态未明确
EXT0831,鸡块（带浆粉）,,禽肉类及其制品-鸡,206.0,12.2,9.1,18.8,0.0,鸡块（带浆粉）,鸡块（带浆粉）,禽肉,鸡肉及制品,禽肉类及其制品-鸡,100g,100,g,,,,未明确,,,原始数据库（来源待追溯）,原始导入,未提供,2026-06-25,中,否,否,是,EXT0831,待来源追溯,原始数据保留；新增结构字段为规则化整理结果。,,206,生熟状态未明确
EXT0832,野山鸡,,禽肉类及其制品-鸡,126.0,20.4,2.0,6.6,0.0,野山鸡,野山鸡,禽肉,鸡肉及制品,禽肉类及其制品-鸡,100g,100,g,,,,未明确,,,原始数据库（来源待追溯）,原始导入,未提供,2026-06-25,中,否,否,是,EXT0832,待来源追溯,原始数据保留；新增结构字段为规则化整理结果。,,126,生熟状态未明确
EXT0833,鸡肝,鸡肝脏，鸡润,禽肉类及其制品-鸡,121.0,16.6,4.8,2.8,0.0,鸡肝,鸡肝，鸡肝脏，鸡润,禽肉,鸡肉及制品,禽肉类及其制品-鸡,100g,100,g,,,,未明确,,,原始数据库（来源待追溯）,原始导入,未提供,2026-06-25,中,否,否,是,EXT0833,待来源追溯,原始数据保留；新增结构字段为规则化整理结果。,,121,生熟状态未明确
EXT0834,鸡肝（肉鸡）,鸡肝脏，鸡润,禽肉类及其制品-鸡,121.0,16.7,4.5,3.5,0.0,鸡肝（肉鸡）,鸡肝（肉鸡），鸡肝脏，鸡润,禽肉,鸡肉及制品,禽肉类及其制品-鸡,100g,100,g,,,,未明确,,,原始数据库（来源待追溯）,原始导入,未提供,2026-06-25,中,否,否,是,EXT0834,待来源追溯,原始数据保留；新增结构字段为规则化整理结果。,,121,生熟状态未明确
EXT0835,鸡心,鸡心脏，鸡心儿,禽肉类及其制品-鸡,172.0,15.9,11.8,0.6,0.0,鸡心,鸡心，鸡心脏，鸡心儿,禽肉,鸡肉及制品,禽肉类及其制品-鸡,100g,100,g,,,,未明确,,,原始数据库（来源待追溯）,原始导入,未提供,2026-06-25,中,否,否,是,EXT0835,待来源追溯,原始数据保留；新增结构字段为规则化整理结果。,,172,生熟状态未明确
EXT0836,鸡血,鸡红，鸡血豆腐,禽肉类及其制品-鸡,49.0,7.8,0.2,4.1,0.0,鸡血,鸡血，鸡红，鸡血豆腐,禽肉,鸡肉及制品,禽肉类及其制品-鸡,100g,100,g,,,,未明确,,,原始数据库（来源待追溯）,原始导入,未提供,2026-06-25,中,否,否,是,EXT0836,待来源追溯,原始数据保留；新增结构字段为规则化整理结果。,,49,生熟状态未明确
EXT0837,鸡肫 [鸡胗],鸡胗,禽肉类及其制品-鸡,118.0,19.2,2.8,4.0,0.0,鸡肫 [鸡胗],鸡肫 [鸡胗]，鸡胗,禽肉,鸡肉及制品,禽肉类及其制品-鸡,100g,100,g,,,,未明确,,,原始数据库（来源待追溯）,原始导入,未提供,2026-06-25,中,否,否,是,EXT0837,待来源追溯,原始数据保留；新增结构字段为规则化整理结果。,,118,生熟状态未明确
EXT0838,扒鸡,,禽肉类及其制品-鸡,217.0,29.6,11.0,0.0,0.0,扒鸡,扒鸡,禽肉,鸡肉及制品,禽肉类及其制品-鸡,100g,100,g,,,,未明确,,,原始数据库（来源待追溯）,原始导入,未提供,2026-06-25,中,否,否,是,EXT0838,待来源追溯,原始数据保留；新增结构字段为规则化整理结果。,,217,生熟状态未明确
EXT0839,炸鸡块 [肯德基],肯德基,禽肉类及其制品-鸡,279.0,20.3,17.3,10.5,0.0,炸鸡块 [肯德基],炸鸡块 [肯德基]，肯德基,禽肉,鸡肉及制品,禽肉类及其制品-鸡,100g,100,g,,,,未明确,炸,,原始数据库（来源待追溯）,原始导入,未提供,2026-06-25,中,否,否,是,EXT0839,待来源追溯,原始数据保留；新增结构字段为规则化整理结果。,,279,生熟状态未明确
EXT0840,卤煮鸡,,禽肉类及其制品-鸡,212.0,29.4,7.9,5.8,0.0,卤煮鸡,卤煮鸡,禽肉,鸡肉及制品,禽肉类及其制品-鸡,100g,100,g,,,,未明确,煮/卤,,原始数据库（来源待追溯）,原始导入,未提供,2026-06-25,中,否,否,是,EXT0840,待来源追溯,原始数据保留；新增结构字段为规则化整理结果。,,212,生熟状态未明确
EXT0841,瓦罐鸡汤（肉）,,禽肉类及其制品-鸡,190.0,20.9,9.5,5.2,0.0,瓦罐鸡汤（肉）,瓦罐鸡汤（肉）,禽肉,鸡肉及制品,禽肉类及其制品-鸡,100g,100,g,,,,未明确,,,原始数据库（来源待追溯）,原始导入,未提供,2026-06-25,低,是,是,是,EXT0841,待来源追溯,原始数据保留；新增结构字段为规则化整理结果。,,190,生熟状态未明确
EXT0842,瓦罐鸡汤（汤）,,禽肉类及其制品-鸡,27.0,1.3,2.4,0.0,0.0,瓦罐鸡汤（汤）,瓦罐鸡汤（汤）,禽肉,鸡肉及制品,禽肉类及其制品-鸡,100g,100,g,,,,未明确,,,原始数据库（来源待追溯）,原始导入,未提供,2026-06-25,低,是,是,是,EXT0842,待来源追溯,原始数据保留；新增结构字段为规则化整理结果。,,27,生熟状态未明确
EXT0843,鸡肉松,,禽肉类及其制品-鸡,440.0,7.2,16.4,65.8,0.0,鸡肉松,鸡肉松,禽肉,鸡肉及制品,禽肉类及其制品-鸡,100g,100,g,,,,未明确,,,原始数据库（来源待追溯）,原始导入,未提供,2026-06-25,中,否,否,是,EXT0843,待来源追溯,原始数据保留；新增结构字段为规则化整理结果。,,440,生熟状态未明确
EXT0844,扒鸡（五香脱骨）,,禽肉类及其制品-鸡,206.0,23.4,10.8,3.8,0.0,扒鸡（五香脱骨）,扒鸡（五香脱骨）,禽肉,鸡肉及制品,禽肉类及其制品-鸡,100g,100,g,,,,未明确,,,原始数据库（来源待追溯）,原始导入,未提供,2026-06-25,中,否,否,是,EXT0844,待来源追溯,原始数据保留；新增结构字段为规则化整理结果。,,206,生熟状态未明确
EXT0845,烤鸡,,禽肉类及其制品-鸡,265.0,28.1,16.9,0.0,0.0,烤鸡,烤鸡,禽肉,鸡肉及制品,禽肉类及其制品-鸡,100g,100,g,,,,未明确,烤,,原始数据库（来源待追溯）,原始导入,未提供,2026-06-25,中,否,否,是,EXT0845,待来源追溯,原始数据保留；新增结构字段为规则化整理结果。,,265,生熟状态未明确
EXT0846,童子鸡（熟）,,禽肉类及其制品-鸡,226.0,15.8,18.1,0.0,0.0,童子鸡（熟）,童子鸡（熟）,禽肉,鸡肉及制品,禽肉类及其制品-鸡,100g,100,g,,,,熟,,,原始数据库（来源待追溯）,原始导入,未提供,2026-06-25,中,否,否,是,EXT0846,待来源追溯,原始数据保留；新增结构字段为规则化整理结果。,,226,
EXT0847,鸭（代表值）,鸭肉，白鸭，麻鸭，填鸭,禽肉类及其制品-鸭,240.0,15.5,19.7,0.2,0.0,鸭（代表值）,鸭（代表值），鸭肉，白鸭，麻鸭，填鸭,禽肉,鸭肉及制品,禽肉类及其制品-鸭,100g,100,g,,,,未明确,,,原始数据库（来源待追溯）,原始导入,未提供,2026-06-25,中,否,否,是,EXT0847,待来源追溯,原始数据保留；新增结构字段为规则化整理结果。,,240,生熟状态未明确
EXT0848,公麻鸭,,禽肉类及其制品-鸭,360.0,14.3,30.9,6.1,0.0,公麻鸭,公麻鸭,禽肉,鸭肉及制品,禽肉类及其制品-鸭,100g,100,g,,,,未明确,,,原始数据库（来源待追溯）,原始导入,未提供,2026-06-25,中,否,否,是,EXT0848,待来源追溯,原始数据保留；新增结构字段为规则化整理结果。,,360,生熟状态未明确
EXT0849,母麻鸭,,禽肉类及其制品-鸭,461.0,13.0,44.8,1.4,0.0,母麻鸭,母麻鸭,禽肉,鸭肉及制品,禽肉类及其制品-鸭,100g,100,g,,,,未明确,,,原始数据库（来源待追溯）,原始导入,未提供,2026-06-25,中,否,否,是,EXT0849,待来源追溯,原始数据保留；新增结构字段为规则化整理结果。,,461,生熟状态未明确
EXT0850,鸭胸脯肉,鸭胸，鸭脯，鸭胸肉,禽肉类及其制品-鸭,90.0,15.0,1.5,4.0,0.0,鸭胸脯肉,鸭胸脯肉，鸭胸，鸭脯，鸭胸肉,禽肉,鸭肉及制品,禽肉类及其制品-鸭,100g,100,g,,,,未明确,,,原始数据库（来源待追溯）,原始导入,未提供,2026-06-25,中,否,否,是,EXT0850,待来源追溯,原始数据保留；新增结构字段为规则化整理结果。,,90,生熟状态未明确
EXT0851,鸭皮,,禽肉类及其制品-鸭,538.0,6.5,50.2,15.1,0.0,鸭皮,鸭皮,禽肉,鸭肉及制品,禽肉类及其制品-鸭,100g,100,g,,,,未明确,,,原始数据库（来源待追溯）,原始导入,未提供,2026-06-25,中,否,否,是,EXT0851,待来源追溯,原始数据保留；新增结构字段为规则化整理结果。,,538,生熟状态未明确
EXT0852,鸭翅,鸭翅膀，鸭翼,禽肉类及其制品-鸭,146.0,16.5,6.1,6.3,0.0,鸭翅,鸭翅，鸭翅膀，鸭翼,禽肉,鸭肉及制品,禽肉类及其制品-鸭,100g,100,g,,,,未明确,,,原始数据库（来源待追溯）,原始导入,未提供,2026-06-25,低,否,否,否,EXT0852,同名冲突待核验,原始数据保留；新增结构字段为规则化整理结果。,,146,生熟状态未明确
EXT0853,鸭掌,鸭脚，鸭蹼，鸭爪,禽肉类及其制品-鸭,150.0,26.9,1.9,6.2,0.0,鸭掌,鸭掌，鸭脚，鸭蹼，鸭爪,禽肉,鸭肉及制品,禽肉类及其制品-鸭,100g,100,g,,,,未明确,,,原始数据库（来源待追溯）,原始导入,未提供,2026-06-25,中,否,否,是,EXT0853,待来源追溯,原始数据保留；新增结构字段为规则化整理结果。,,150,生熟状态未明确
EXT0854,鸭肠,鸭肠子，生肠,禽肉类及其制品-鸭,129.0,14.2,7.8,0.4,0.0,鸭肠,鸭肠，鸭肠子，生肠,禽肉,鸭肉及制品,禽肉类及其制品-鸭,100g,100,g,,,,未明确,,,原始数据库（来源待追溯）,原始导入,未提供,2026-06-25,中,否,否,是,EXT0854,待来源追溯,原始数据保留；新增结构字段为规则化整理结果。,,129,生熟状态未明确
EXT0855,鸭肝,鸭肝脏，鸭润,禽肉类及其制品-鸭,128.0,14.5,7.5,0.5,0.0,鸭肝,鸭肝，鸭肝脏，鸭润,禽肉,鸭肉及制品,禽肉类及其制品-鸭,100g,100,g,,,,未明确,,,原始数据库（来源待追溯）,原始导入,未提供,2026-06-25,中,否,否,是,EXT0855,待来源追溯,原始数据保留；新增结构字段为规则化整理结果。,,128,生熟状态未明确
EXT0856,鸭肝（公麻鸭）,鸭肝脏，鸭润,禽肉类及其制品-鸭,136.0,14.7,4.1,10.1,0.0,鸭肝（公麻鸭）,鸭肝（公麻鸭），鸭肝脏，鸭润,禽肉,鸭肉及制品,禽肉类及其制品-鸭,100g,100,g,,,,未明确,,,原始数据库（来源待追溯）,原始导入,未提供,2026-06-25,中,否,否,是,EXT0856,待来源追溯,原始数据保留；新增结构字段为规则化整理结果。,,136,生熟状态未明确
EXT0857,鸭肝（母麻鸭）,鸭肝脏，鸭润,禽肉类及其制品-鸭,113.0,16.8,2.5,5.9,0.0,鸭肝（母麻鸭）,鸭肝（母麻鸭），鸭肝脏，鸭润,禽肉,鸭肉及制品,禽肉类及其制品-鸭,100g,100,g,,,,未明确,,,原始数据库（来源待追溯）,原始导入,未提供,2026-06-25,中,否,否,是,EXT0857,待来源追溯,原始数据保留；新增结构字段为规则化整理结果。,,113,生熟状态未明确
EXT0858,鸭舌（鸭条）,鸭舌头，鸭喙,禽肉类及其制品-鸭,245.0,16.6,19.7,0.4,0.0,鸭舌（鸭条）,鸭舌（鸭条），鸭舌头，鸭喙,禽肉,鸭肉及制品,禽肉类及其制品-鸭,100g,100,g,,,,未明确,,,原始数据库（来源待追溯）,原始导入,未提供,2026-06-25,中,否,否,是,EXT0858,待来源追溯,原始数据保留；新增结构字段为规则化整理结果。,,245,生熟状态未明确
EXT0859,鸭心,,禽肉类及其制品-鸭,143.0,12.8,8.9,2.9,0.0,鸭心,鸭心,禽肉,鸭肉及制品,禽肉类及其制品-鸭,100g,100,g,,,,未明确,,,原始数据库（来源待追溯）,原始导入,未提供,2026-06-25,中,否,否,是,EXT0859,待来源追溯,原始数据保留；新增结构字段为规则化整理结果。,,143,生熟状态未明确
EXT0860,鸭血（白鸭）,鸭血豆腐，鸭红,禽肉类及其制品-鸭,108.0,13.6,0.4,12.4,0.0,鸭血（白鸭）,鸭血（白鸭），鸭血豆腐，鸭红,禽肉,鸭肉及制品,禽肉类及其制品-鸭,100g,100,g,,,,未明确,,,原始数据库（来源待追溯）,原始导入,未提供,2026-06-25,中,否,否,是,EXT0860,待来源追溯,原始数据保留；新增结构字段为规则化整理结果。,,108,生熟状态未明确
EXT0861,鸭血（公麻鸭）,鸭血豆腐，鸭红,禽肉类及其制品-鸭,56.0,13.2,0.4,0.0,0.0,鸭血（公麻鸭）,鸭血（公麻鸭），鸭血豆腐，鸭红,禽肉,鸭肉及制品,禽肉类及其制品-鸭,100g,100,g,,,,未明确,,,原始数据库（来源待追溯）,原始导入,未提供,2026-06-25,中,否,否,是,EXT0861,待来源追溯,原始数据保留；新增结构字段为规则化整理结果。,,56,生熟状态未明确
EXT0862,鸭血（母麻鸭）,鸭血豆腐，鸭红,禽肉类及其制品-鸭,55.0,13.1,0.3,0.0,0.0,鸭血（母麻鸭）,鸭血（母麻鸭），鸭血豆腐，鸭红,禽肉,鸭肉及制品,禽肉类及其制品-鸭,100g,100,g,,,,未明确,,,原始数据库（来源待追溯）,原始导入,未提供,2026-06-25,中,否,否,是,EXT0862,待来源追溯,原始数据保留；新增结构字段为规则化整理结果。,,55,生熟状态未明确
EXT0863,鸭胰,,禽肉类及其制品-鸭,117.0,21.7,2.9,1.0,0.0,鸭胰,鸭胰,禽肉,鸭肉及制品,禽肉类及其制品-鸭,100g,100,g,,,,未明确,,,原始数据库（来源待追溯）,原始导入,未提供,2026-06-25,中,否,否,是,EXT0863,待来源追溯,原始数据保留；新增结构字段为规则化整理结果。,,117,生熟状态未明确
EXT0864,鸭肫,,禽肉类及其制品-鸭,92.0,17.9,1.3,2.1,0.0,鸭肫,鸭肫,禽肉,鸭肉及制品,禽肉类及其制品-鸭,100g,100,g,,,,未明确,,,原始数据库（来源待追溯）,原始导入,未提供,2026-06-25,中,否,否,是,EXT0864,待来源追溯,原始数据保留；新增结构字段为规则化整理结果。,,92,生熟状态未明确
EXT0865,鸭肫（公麻鸭）,,禽肉类及其制品-鸭,112.0,19.8,1.2,5.4,0.0,鸭肫（公麻鸭）,鸭肫（公麻鸭）,禽肉,鸭肉及制品,禽肉类及其制品-鸭,100g,100,g,,,,未明确,,,原始数据库（来源待追溯）,原始导入,未提供,2026-06-25,中,否,否,是,EXT0865,待来源追溯,原始数据保留；新增结构字段为规则化整理结果。,,112,生熟状态未明确
EXT0866,鸭肫（母麻鸭）,,禽肉类及其制品-鸭,126.0,20.4,4.2,1.6,0.0,鸭肫（母麻鸭）,鸭肫（母麻鸭）,禽肉,鸭肉及制品,禽肉类及其制品-鸭,100g,100,g,,,,未明确,,,原始数据库（来源待追溯）,原始导入,未提供,2026-06-25,中,否,否,是,EXT0866,待来源追溯,原始数据保留；新增结构字段为规则化整理结果。,,126,生熟状态未明确
EXT0867,鸭肫片,,禽肉类及其制品-鸭,603.0,18.3,56.1,6.1,0.0,鸭肫片,鸭肫片,禽肉,鸭肉及制品,禽肉类及其制品-鸭,100g,100,g,,,,未明确,,,原始数据库（来源待追溯）,原始导入,未提供,2026-06-25,中,否,否,是,EXT0867,待来源追溯,原始数据保留；新增结构字段为规则化整理结果。,,603,生熟状态未明确
EXT0868,北京烤鸭,北京烤鸭，烧鸭，片皮鸭,禽肉类及其制品-鸭,436.0,16.6,38.4,6.0,0.0,北京烤鸭,北京烤鸭，烧鸭，片皮鸭,禽肉,鸭肉及制品,禽肉类及其制品-鸭,100g,100,g,,,,未明确,烤,,原始数据库（来源待追溯）,原始导入,未提供,2026-06-25,低,否,否,否,EXT0868,同名冲突待核验,原始数据保留；新增结构字段为规则化整理结果。,,436,生熟状态未明确
EXT0869,北京填鸭,,禽肉类及其制品-鸭,425.0,9.3,41.3,3.9,0.0,北京填鸭,北京填鸭,禽肉,鸭肉及制品,禽肉类及其制品-鸭,100g,100,g,,,,未明确,,,原始数据库（来源待追溯）,原始导入,未提供,2026-06-25,中,否,否,是,EXT0869,待来源追溯,原始数据保留；新增结构字段为规则化整理结果。,,425,生熟状态未明确
EXT0870,红烧鸭（罐头）,,禽肉类及其制品-鸭,338.0,15.3,30.5,0.6,0.0,红烧鸭（罐头）,红烧鸭（罐头）,禽肉,鸭肉及制品,禽肉类及其制品-鸭,100g,100,g,,,,未明确,烧,,原始数据库（来源待追溯）,原始导入,未提供,2026-06-25,中,否,否,是,EXT0870,待来源追溯,原始数据保留；新增结构字段为规则化整理结果。,,338,生熟状态未明确
EXT0871,酱鸭,,禽肉类及其制品-鸭,266.0,18.9,18.4,6.3,0.0,酱鸭,酱鸭,禽肉,鸭肉及制品,禽肉类及其制品-鸭,100g,100,g,,,,未明确,,,原始数据库（来源待追溯）,原始导入,未提供,2026-06-25,中,否,否,是,EXT0871,待来源追溯,原始数据保留；新增结构字段为规则化整理结果。,,266,生熟状态未明确
EXT0872,酱鸭（加梅菜，罐头）,,禽肉类及其制品-鸭,253.0,11.8,21.7,2.5,0.0,酱鸭（加梅菜，罐头）,酱鸭（加梅菜，罐头）,禽肉,鸭肉及制品,禽肉类及其制品-鸭,100g,100,g,,,,未明确,,,原始数据库（来源待追溯）,原始导入,未提供,2026-06-25,中,否,否,是,EXT0872,待来源追溯,原始数据保留；新增结构字段为规则化整理结果。,,253,生熟状态未明确
EXT0873,盐水鸭（熟）,板鸭，桂花鸭，盐水鸭,禽肉类及其制品-鸭,313.0,16.6,26.1,2.8,0.0,盐水鸭（熟）,盐水鸭（熟），板鸭，桂花鸭，盐水鸭,禽肉,鸭肉及制品,禽肉类及其制品-鸭,100g,100,g,,,,熟,,,原始数据库（来源待追溯）,原始导入,未提供,2026-06-25,中,否,否,是,EXT0873,待来源追溯,原始数据保留；新增结构字段为规则化整理结果。,,313,
EXT0874,烤鸭（老唐牌）,北京烤鸭，烧鸭，片皮鸭,禽肉类及其制品-鸭,309.0,20.3,25.3,0.0,0.0,烤鸭（老唐牌）,烤鸭（老唐牌），北京烤鸭，烧鸭，片皮鸭,禽肉,鸭肉及制品,禽肉类及其制品-鸭,100g,100,g,,,,未明确,烤,,原始数据库（来源待追溯）,原始导入,未提供,2026-06-25,中,否,否,是,EXT0874,待来源追溯,原始数据保留；新增结构字段为规则化整理结果。,,309,生熟状态未明确
EXT0875,烤鸭（全聚德牌）,北京烤鸭，烧鸭，片皮鸭,禽肉类及其制品-鸭,530.0,18.1,50.8,0.0,0.0,烤鸭（全聚德牌）,烤鸭（全聚德牌），北京烤鸭，烧鸭，片皮鸭,禽肉,鸭肉及制品,禽肉类及其制品-鸭,100g,100,g,,,,未明确,烤,,原始数据库（来源待追溯）,原始导入,未提供,2026-06-25,中,否,否,是,EXT0875,待来源追溯,原始数据保留；新增结构字段为规则化整理结果。,,530,生熟状态未明确
EXT0876,鹅,鹅肉，白鹅，家鹅,禽肉类及其制品-鹅,251.0,17.9,19.9,0.0,0.0,鹅,鹅，鹅肉，白鹅，家鹅,禽肉,其他禽肉及制品,禽肉类及其制品-鹅,100g,100,g,,,,未明确,,,原始数据库（来源待追溯）,原始导入,未提供,2026-06-25,中,否,否,是,EXT0876,待来源追溯,原始数据保留；新增结构字段为规则化整理结果。,,251,生熟状态未明确
EXT0877,鹅肝,鹅肝脏，鹅润，肥肝,禽肉类及其制品-鹅,129.0,15.2,3.4,9.3,0.0,鹅肝,鹅肝，鹅肝脏，鹅润，肥肝,禽肉,其他禽肉及制品,禽肉类及其制品-鹅,100g,100,g,,,,未明确,,,原始数据库（来源待追溯）,原始导入,未提供,2026-06-25,中,否,否,是,EXT0877,待来源追溯,原始数据保留；新增结构字段为规则化整理结果。,,129,生熟状态未明确
EXT0878,鹅肫,,禽肉类及其制品-鹅,100.0,19.6,1.9,1.1,0.0,鹅肫,鹅肫,禽肉,其他禽肉及制品,禽肉类及其制品-鹅,100g,100,g,,,,未明确,,,原始数据库（来源待追溯）,原始导入,未提供,2026-06-25,中,否,否,是,EXT0878,待来源追溯,原始数据保留；新增结构字段为规则化整理结果。,,100,生熟状态未明确
EXT0879,鹅血,,禽肉类及其制品-鹅,74.0,18.6,0.0,0.0,0.0,鹅血,鹅血,禽肉,其他禽肉及制品,禽肉类及其制品-鹅,100g,100,g,,,,未明确,,,原始数据库（来源待追溯）,原始导入,未提供,2026-06-25,中,否,否,是,EXT0879,待来源追溯,原始数据保留；新增结构字段为规则化整理结果。,,74,生熟状态未明确
EXT0880,烧鹅,,禽肉类及其制品-鹅,289.0,19.7,21.5,4.2,0.0,烧鹅,烧鹅,禽肉,其他禽肉及制品,禽肉类及其制品-鹅,100g,100,g,,,,未明确,烧,,原始数据库（来源待追溯）,原始导入,未提供,2026-06-25,中,否,否,是,EXT0880,待来源追溯,原始数据保留；新增结构字段为规则化整理结果。,,289,生熟状态未明确
EXT0881,腊鹅,,禽肉类及其制品-鹅,410.0,24.6,21.5,29.6,0.0,腊鹅,腊鹅,禽肉,其他禽肉及制品,禽肉类及其制品-鹅,100g,100,g,,,,未明确,,,原始数据库（来源待追溯）,原始导入,未提供,2026-06-25,中,否,否,是,EXT0881,待来源追溯,原始数据保留；新增结构字段为规则化整理结果。,,410,生熟状态未明确
EXT0882,草菇 [大黑头细花草、稻菇],大黑头细花草、稻菇,菌藻类-菌类,27.0,2.7,0.2,4.3,1.6,草菇 [大黑头细花草、稻菇],草菇 [大黑头细花草、稻菇]，大黑头细花草，稻菇,菌藻类,藻类,菌藻类-菌类,100g,100,g,,,,未明确,,,原始数据库（来源待追溯）,原始导入,未提供,2026-06-25,低,否,否,否,EXT0882,同名冲突待核验,原始数据保留；新增结构字段为规则化整理结果。,,27,
EXT0883,大红菇（干）[草质红菇],草质红菇,菌藻类-菌类,263.0,24.4,2.8,50.9,31.6,大红菇（干）[草质红菇],大红菇（干）[草质红菇]，草质红菇,菌藻类,藻类,菌藻类-菌类,100g,100,g,,,,干制,,,原始数据库（来源待追溯）,原始导入,未提供,2026-06-25,中,否,否,是,EXT0883,待来源追溯,原始数据保留；新增结构字段为规则化整理结果。,,263,
EXT0884,地衣（水浸）,地木耳，地皮菜，雷公屎，地软,菌藻类-菌类,10.0,1.5,0.0,1.8,1.8,地衣（水浸）,地衣（水浸），地木耳，地皮菜，雷公屎，地软,菌藻类,藻类,菌藻类-菌类,100g,100,g,,,,未明确,,,原始数据库（来源待追溯）,原始导入,未提供,2026-06-25,中,否,否,是,EXT0884,待来源追溯,原始数据保留；新增结构字段为规则化整理结果。,,10,
EXT0885,冬菇（干）[毛柄金线菌],毛柄金线菌,菌藻类-菌类,277.0,17.8,1.3,64.6,32.3,冬菇（干）[毛柄金线菌],冬菇（干）[毛柄金线菌]，毛柄金线菌,菌藻类,藻类,菌藻类-菌类,100g,100,g,,,,干制,,,原始数据库（来源待追溯）,原始导入,未提供,2026-06-25,中,否,否,是,EXT0885,待来源追溯,原始数据保留；新增结构字段为规则化整理结果。,,277,
EXT0886,猴头菇（罐装）,猴头菌，猴头蘑，刺猬菌,菌藻类-菌类,21.0,2.0,0.2,4.9,4.2,猴头菇（罐装）,猴头菇（罐装），猴头菌，猴头蘑，刺猬菌,菌藻类,藻类,菌藻类-菌类,100g,100,g,,,,未明确,,,原始数据库（来源待追溯）,原始导入,未提供,2026-06-25,中,否,否,是,EXT0886,待来源追溯,原始数据保留；新增结构字段为规则化整理结果。,,21,
EXT0887,黄蘑（干）,榆黄蘑，金顶侧耳，元蘑（黄），冻蘑,菌藻类-菌类,203.0,16.4,1.5,40.1,18.3,黄蘑（干）,黄蘑（干），榆黄蘑，金顶侧耳，元蘑（黄），冻蘑,菌藻类,藻类,菌藻类-菌类,100g,100,g,,,,干制,,,原始数据库（来源待追溯）,原始导入,未提供,2026-06-25,低,否,否,否,EXT0887,同名冲突待核验,原始数据保留；新增结构字段为规则化整理结果。,,203,
EXT0888,黄蘑（水发）,,菌藻类-菌类,30.0,4.3,0.4,4.8,4.8,黄蘑（水发）,黄蘑（水发）,菌藻类,藻类,菌藻类-菌类,100g,100,g,,,,泡发,,,原始数据库（来源待追溯）,原始导入,未提供,2026-06-25,中,否,否,是,EXT0888,待来源追溯,原始数据保留；新增结构字段为规则化整理结果。,,30,
EXT0889,金针菇（鲜）[智力菇],智力菇,菌藻类-菌类,32.0,2.4,0.4,6.0,2.7,金针菇（鲜）[智力菇],金针菇（鲜）[智力菇]，智力菇,菌藻类,藻类,菌藻类-菌类,100g,100,g,,,,生/鲜,,,原始数据库（来源待追溯）,原始导入,未提供,2026-06-25,中,否,否,是,EXT0889,待来源追溯,原始数据保留；新增结构字段为规则化整理结果。,,32,
EXT0890,金针菇（罐装）,金菇，冬菇，毛柄金钱菌，智力菇,菌藻类-菌类,26.0,1.0,0.0,6.7,2.5,金针菇（罐装）,金针菇（罐装），金菇，冬菇，毛柄金钱菌，智力菇,菌藻类,藻类,菌藻类-菌类,100g,100,g,,,,未明确,,,原始数据库（来源待追溯）,原始导入,未提供,2026-06-25,中,否,否,是,EXT0890,待来源追溯,原始数据保留；新增结构字段为规则化整理结果。,,26,
EXT0891,口蘑（白蘑）,白蘑，蒙古口蘑，银盘蘑,菌藻类-菌类,277.0,38.7,3.3,31.6,17.2,口蘑（白蘑）,口蘑（白蘑），白蘑，蒙古口蘑，银盘蘑,菌藻类,藻类,菌藻类-菌类,100g,100,g,,,,未明确,,,原始数据库（来源待追溯）,原始导入,未提供,2026-06-25,中,否,否,是,EXT0891,待来源追溯,原始数据保留；新增结构字段为规则化整理结果。,,277,
EXT0892,蘑菇（鲜蘑）,,菌藻类-菌类,24.0,2.7,0.1,4.1,2.1,蘑菇（鲜蘑）,蘑菇（鲜蘑）,菌藻类,藻类,菌藻类-菌类,100g,100,g,,,,生/鲜,,,原始数据库（来源待追溯）,原始导入,未提供,2026-06-25,中,否,否,是,EXT0892,待来源追溯,原始数据保留；新增结构字段为规则化整理结果。,,24,
EXT0893,木耳（干）[黑木耳，云耳],黑木耳，云耳,菌藻类-菌类,265.0,12.1,1.5,65.6,29.9,木耳（干）[黑木耳，云耳],木耳（干）[黑木耳，云耳]，黑木耳，云耳,菌藻类,藻类,菌藻类-菌类,100g,100,g,,,,干制,,,原始数据库（来源待追溯）,原始导入,未提供,2026-06-25,中,否,否,是,EXT0893,待来源追溯,原始数据保留；新增结构字段为规则化整理结果。,,265,
EXT0894,木耳（水发）[黑木耳，云耳],黑木耳，云耳,菌藻类-菌类,27.0,1.5,0.2,6.0,2.6,木耳（水发）[黑木耳，云耳],木耳（水发）[黑木耳，云耳]，黑木耳，云耳,菌藻类,藻类,菌藻类-菌类,100g,100,g,,,,泡发,,,原始数据库（来源待追溯）,原始导入,未提供,2026-06-25,中,否,否,是,EXT0894,待来源追溯,原始数据保留；新增结构字段为规则化整理结果。,,27,
EXT0895,平菇[糙皮侧耳，青蘑],糙皮侧耳，青蘑,菌藻类-菌类,24.0,1.9,0.3,4.6,2.3,平菇[糙皮侧耳，青蘑],平菇[糙皮侧耳，青蘑]，糙皮侧耳，青蘑,菌藻类,藻类,菌藻类-菌类,100g,100,g,,,,未明确,,,原始数据库（来源待追溯）,原始导入,未提供,2026-06-25,低,否,否,否,EXT0895,同名冲突待核验,原始数据保留；新增结构字段为规则化整理结果。,,24,
EXT0896,普中红蘑（干）,,菌藻类-菌类,263.0,18.4,0.7,58.1,24.6,普中红蘑（干）,普中红蘑（干）,菌藻类,藻类,菌藻类-菌类,100g,100,g,,,,干制,,,原始数据库（来源待追溯）,原始导入,未提供,2026-06-25,中,否,否,是,EXT0896,待来源追溯,原始数据保留；新增结构字段为规则化整理结果。,,263,
EXT0897,双孢蘑菇[洋蘑菇],洋蘑菇,菌藻类-菌类,26.0,4.2,0.1,2.7,1.5,双孢蘑菇[洋蘑菇],双孢蘑菇[洋蘑菇]，洋蘑菇,菌藻类,藻类,菌藻类-菌类,100g,100,g,,,,未明确,,,原始数据库（来源待追溯）,原始导入,未提供,2026-06-25,中,否,否,是,EXT0897,待来源追溯,原始数据保留；新增结构字段为规则化整理结果。,,26,
EXT0898,松蘑（干）[松口蘑，松茸],松口蘑，松茸,菌藻类-菌类,207.0,20.3,3.2,48.2,47.8,松蘑（干）[松口蘑，松茸],松蘑（干）[松口蘑，松茸]，松口蘑，松茸,菌藻类,藻类,菌藻类-菌类,100g,100,g,,,,干制,,,原始数据库（来源待追溯）,原始导入,未提供,2026-06-25,中,否,否,是,EXT0898,待来源追溯,原始数据保留；新增结构字段为规则化整理结果。,,207,
EXT0899,香菇（鲜）[香蕈，冬菇],香蕈，冬菇,菌藻类-菌类,26.0,2.2,0.3,5.2,3.3,香菇（鲜）[香蕈，冬菇],香菇（鲜）[香蕈，冬菇]，香蕈，冬菇,菌藻类,藻类,菌藻类-菌类,100g,100,g,,,,生/鲜,,,原始数据库（来源待追溯）,原始导入,未提供,2026-06-25,中,否,否,是,EXT0899,待来源追溯,原始数据保留；新增结构字段为规则化整理结果。,,26,
EXT0900,香菇（干）[香蕈，冬菇],香蕈，冬菇,菌藻类-菌类,274.0,20.0,1.2,61.7,31.6,香菇（干）[香蕈，冬菇],香菇（干）[香蕈，冬菇]，香蕈，冬菇,菌藻类,藻类,菌藻类-菌类,100g,100,g,,,,干制,,,原始数据库（来源待追溯）,原始导入,未提供,2026-06-25,中,否,否,是,EXT0900,待来源追溯,原始数据保留；新增结构字段为规则化整理结果。,,274,
EXT0901,香杏丁蘑（干，大）,,菌藻类-菌类,257.0,22.4,0.2,53.9,24.9,香杏丁蘑（干，大）,香杏丁蘑（干，大）,菌藻类,藻类,菌藻类-菌类,100g,100,g,,,,干制,,,原始数据库（来源待追溯）,原始导入,未提供,2026-06-25,中,否,否,是,EXT0901,待来源追溯,原始数据保留；新增结构字段为规则化整理结果。,,257,
EXT0902,香杏片口蘑（干）,白蘑，蒙古口蘑，银盘蘑,菌藻类-菌类,252.0,33.4,1.5,37.6,22.6,香杏片口蘑（干）,香杏片口蘑（干），白蘑，蒙古口蘑，银盘蘑,菌藻类,藻类,菌藻类-菌类,100g,100,g,,,,干制,,,原始数据库（来源待追溯）,原始导入,未提供,2026-06-25,中,否,否,是,EXT0902,待来源追溯,原始数据保留；新增结构字段为规则化整理结果。,,252,
EXT0903,羊肚菌（干）[干羊肚],干羊肚,菌藻类-菌类,321.0,26.9,7.1,43.7,12.9,羊肚菌（干）[干羊肚],羊肚菌（干）[干羊肚]，干羊肚,菌藻类,藻类,菌藻类-菌类,100g,100,g,,,,干制,,,原始数据库（来源待追溯）,原始导入,未提供,2026-06-25,中,否,否,是,EXT0903,待来源追溯,原始数据保留；新增结构字段为规则化整理结果。,,321,
EXT0904,银耳（干）[白木耳],白木耳,菌藻类-菌类,261.0,10.0,1.4,67.3,30.4,银耳（干）[白木耳],银耳（干）[白木耳]，白木耳,菌藻类,藻类,菌藻类-菌类,100g,100,g,,,,干制,,,原始数据库（来源待追溯）,原始导入,未提供,2026-06-25,中,否,否,是,EXT0904,待来源追溯,原始数据保留；新增结构字段为规则化整理结果。,,261,
EXT0905,珍珠白蘑（干）,,菌藻类-菌类,258.0,18.3,0.7,56.3,23.3,珍珠白蘑（干）,珍珠白蘑（干）,菌藻类,藻类,菌藻类-菌类,100g,100,g,,,,干制,,,原始数据库（来源待追溯）,原始导入,未提供,2026-06-25,中,否,否,是,EXT0905,待来源追溯,原始数据保留；新增结构字段为规则化整理结果。,,258,
EXT0906,榛蘑（半干）[假蜜环菌],假蜜环菌,菌藻类-菌类,178.0,9.5,3.7,31.9,10.4,榛蘑（半干）[假蜜环菌],榛蘑（半干）[假蜜环菌]，假蜜环菌,菌藻类,藻类,菌藻类-菌类,100g,100,g,,,,未明确,,,原始数据库（来源待追溯）,原始导入,未提供,2026-06-25,中,否,否,是,EXT0906,待来源追溯,原始数据保留；新增结构字段为规则化整理结果。,,178,
EXT0907,榛蘑（水发）,,菌藻类-菌类,53.0,2.8,1.1,9.4,3.1,榛蘑（水发）,榛蘑（水发）,菌藻类,藻类,菌藻类-菌类,100g,100,g,,,,泡发,,,原始数据库（来源待追溯）,原始导入,未提供,2026-06-25,中,否,否,是,EXT0907,待来源追溯,原始数据保留；新增结构字段为规则化整理结果。,,53,
EXT0908,白蘑菇[双孢蘑菇、洋蘑菇],双孢蘑菇、洋蘑菇,菌藻类-菌类,29.0,3.5,0.4,3.8,0.0,白蘑菇[双孢蘑菇、洋蘑菇],白蘑菇[双孢蘑菇、洋蘑菇]，双孢蘑菇，洋蘑菇,菌藻类,藻类,菌藻类-菌类,100g,100,g,,,,未明确,,,原始数据库（来源待追溯）,原始导入,未提供,2026-06-25,中,否,否,是,EXT0908,待来源追溯,原始数据保留；新增结构字段为规则化整理结果。,,29,
EXT0909,北风菌[荷叶离褶伞、一窝羊],荷叶离褶伞、一窝羊,菌藻类-菌类,17.0,1.7,0.1,2.9,1.2,北风菌[荷叶离褶伞、一窝羊],北风菌[荷叶离褶伞、一窝羊]，荷叶离褶伞，一窝羊,菌藻类,藻类,菌藻类-菌类,100g,100,g,,,,未明确,,,原始数据库（来源待追溯）,原始导入,未提供,2026-06-25,中,否,否,是,EXT0909,待来源追溯,原始数据保留；新增结构字段为规则化整理结果。,,17,
EXT0910,草菇[大黑头细花草、稻菇],大黑头细花草、稻菇,菌藻类-菌类,18.0,1.1,0.4,3.1,0.0,草菇[大黑头细花草、稻菇],草菇[大黑头细花草、稻菇]，大黑头细花草，稻菇,菌藻类,藻类,菌藻类-菌类,100g,100,g,,,,未明确,,,原始数据库（来源待追溯）,原始导入,未提供,2026-06-25,低,否,否,否,EXT0910,同名冲突待核验,原始数据保留；新增结构字段为规则化整理结果。,,18,
EXT0911,茶树菇（干）[柱状田头菇、油茶菇],柱状田头菇、油茶菇,菌藻类-菌类,309.0,23.1,2.6,56.1,0.0,茶树菇（干）[柱状田头菇、油茶菇],茶树菇（干）[柱状田头菇、油茶菇]，柱状田头菇，油茶菇,菌藻类,藻类,菌藻类-菌类,100g,100,g,,,,干制,,,原始数据库（来源待追溯）,原始导入,未提供,2026-06-25,中,否,否,是,EXT0911,待来源追溯,原始数据保留；新增结构字段为规则化整理结果。,,309,
EXT0912,干巴菌,,菌藻类-菌类,38.0,3.8,0.4,8.0,6.3,干巴菌,干巴菌,菌藻类,藻类,菌藻类-菌类,100g,100,g,,,,未明确,,,原始数据库（来源待追溯）,原始导入,未提供,2026-06-25,中,否,否,是,EXT0912,待来源追溯,原始数据保留；新增结构字段为规则化整理结果。,,38,
EXT0913,红奶浆菌[多汁乳菇、谷熟菌],多汁乳菇、谷熟菌,菌藻类-菌类,18.0,1.5,0.4,3.3,2.4,红奶浆菌[多汁乳菇、谷熟菌],红奶浆菌[多汁乳菇、谷熟菌]，多汁乳菇，谷熟菌,菌藻类,藻类,菌藻类-菌类,100g,100,g,,,,熟,,,原始数据库（来源待追溯）,原始导入,未提供,2026-06-25,中,否,否,是,EXT0913,待来源追溯,原始数据保留；新增结构字段为规则化整理结果。,,18,
EXT0914,黄蘑（干）,榆黄蘑，金顶侧耳，元蘑（黄），冻蘑,菌藻类-菌类,284.0,24.6,6.4,46.9,0.0,黄蘑（干）,黄蘑（干），榆黄蘑，金顶侧耳，元蘑（黄），冻蘑,菌藻类,藻类,菌藻类-菌类,100g,100,g,,,,干制,,,原始数据库（来源待追溯）,原始导入,未提供,2026-06-25,低,否,否,否,EXT0914,同名冲突待核验,原始数据保留；新增结构字段为规则化整理结果。,,284,
EXT0915,黄伞菇（干）[多脂鳞伞、黄丝菌],多脂鳞伞、黄丝菌,菌藻类-菌类,294.0,22.8,3.2,57.5,0.0,黄伞菇（干）[多脂鳞伞、黄丝菌],黄伞菇（干）[多脂鳞伞、黄丝菌]，多脂鳞伞，黄丝菌,菌藻类,藻类,菌藻类-菌类,100g,100,g,,,,干制,,,原始数据库（来源待追溯）,原始导入,未提供,2026-06-25,中,否,否,是,EXT0915,待来源追溯,原始数据保留；新增结构字段为规则化整理结果。,,294,
EXT0916,鸡腿菇（干）[毛头鬼伞],毛头鬼伞,菌藻类-菌类,294.0,26.7,2.0,51.8,0.0,鸡腿菇（干）[毛头鬼伞],鸡腿菇（干）[毛头鬼伞]，毛头鬼伞,菌藻类,藻类,菌藻类-菌类,100g,100,g,,,,干制,,,原始数据库（来源待追溯）,原始导入,未提供,2026-06-25,中,否,否,是,EXT0916,待来源追溯,原始数据保留；新增结构字段为规则化整理结果。,,294,
EXT0917,鸡油菌[黄丝菌、杏菌],黄丝菌、杏菌,菌藻类-菌类,26.0,2.0,0.3,5.1,2.6,鸡油菌[黄丝菌、杏菌],鸡油菌[黄丝菌、杏菌]，黄丝菌，杏菌,菌藻类,藻类,菌藻类-菌类,100g,100,g,,,,未明确,,,原始数据库（来源待追溯）,原始导入,未提供,2026-06-25,中,否,否,是,EXT0917,待来源追溯,原始数据保留；新增结构字段为规则化整理结果。,,26,
EXT0918,鸡枞[蚁枞、伞把菇、鸡枞菌],蚁枞、伞把菇、鸡枞菌,菌藻类-菌类,19.0,2.5,0.2,2.5,1.3,鸡枞[蚁枞、伞把菇、鸡枞菌],鸡枞[蚁枞、伞把菇、鸡枞菌]，蚁枞，伞把菇，鸡枞菌,菌藻类,藻类,菌藻类-菌类,100g,100,g,,,,未明确,,,原始数据库（来源待追溯）,原始导入,未提供,2026-06-25,中,否,否,是,EXT0918,待来源追溯,原始数据保留；新增结构字段为规则化整理结果。,,19,
EXT0919,鸡枞（干）,鸡枞菌，鸡肉丝菇，白蚁菇，伞把菇,菌藻类-菌类,297.0,32.8,3.7,44.8,0.0,鸡枞（干）,鸡枞（干），鸡枞菌，鸡肉丝菇，白蚁菇，伞把菇,菌藻类,藻类,菌藻类-菌类,100g,100,g,,,,干制,,,原始数据库（来源待追溯）,原始导入,未提供,2026-06-25,中,否,否,是,EXT0919,待来源追溯,原始数据保留；新增结构字段为规则化整理结果。,,297,
EXT0920,鸡枞（油炸）[油鸡枞],油鸡枞,菌藻类-菌类,646.0,4.8,66.3,10.2,5.4,鸡枞（油炸）[油鸡枞],鸡枞（油炸）[油鸡枞]，油鸡枞,菌藻类,藻类,菌藻类-菌类,100g,100,g,,,,未明确,炸,,原始数据库（来源待追溯）,原始导入,未提供,2026-06-25,中,否,否,是,EXT0920,待来源追溯,原始数据保留；新增结构字段为规则化整理结果。,,646,
EXT0921,鸡枞花,鸡枞菌，鸡肉丝菇，白蚁菇，伞把菇,菌藻类-菌类,18.0,2.3,0.3,1.8,0.8,鸡枞花,鸡枞花，鸡枞菌，鸡肉丝菇，白蚁菇，伞把菇,菌藻类,藻类,菌藻类-菌类,100g,100,g,,,,未明确,,,原始数据库（来源待追溯）,原始导入,未提供,2026-06-25,中,否,否,是,EXT0921,待来源追溯,原始数据保留；新增结构字段为规则化整理结果。,,18,
EXT0922,牛肝菌（白）[美味牛肝菌],美味牛肝菌,菌藻类-菌类,35.0,4.0,0.4,4.5,1.5,牛肝菌（白）[美味牛肝菌],牛肝菌（白）[美味牛肝菌]，美味牛肝菌,菌藻类,藻类,菌藻类-菌类,100g,100,g,,,,未明确,,,原始数据库（来源待追溯）,原始导入,未提供,2026-06-25,中,否,否,是,EXT0922,待来源追溯,原始数据保留；新增结构字段为规则化整理结果。,,35,
EXT0923,牛肝菌（白、干）[美味牛肝菌],美味牛肝菌,菌藻类-菌类,296.0,27.8,1.6,53.3,0.0,牛肝菌（白、干）[美味牛肝菌],牛肝菌（白、干）[美味牛肝菌]，美味牛肝菌,菌藻类,藻类,菌藻类-菌类,100g,100,g,,,,干制,,,原始数据库（来源待追溯）,原始导入,未提供,2026-06-25,中,否,否,是,EXT0923,待来源追溯,原始数据保留；新增结构字段为规则化整理结果。,,296,
EXT0924,牛肝菌（黑）[铜色牛肝菌],铜色牛肝菌,菌藻类-菌类,32.0,3.6,0.2,4.8,1.6,牛肝菌（黑）[铜色牛肝菌],牛肝菌（黑）[铜色牛肝菌]，铜色牛肝菌,菌藻类,藻类,菌藻类-菌类,100g,100,g,,,,未明确,,,原始数据库（来源待追溯）,原始导入,未提供,2026-06-25,中,否,否,是,EXT0924,待来源追溯,原始数据保留；新增结构字段为规则化整理结果。,,32,
EXT0925,牛肝菌（鲜）[黄皮牛肝菌、黄皮疣柄牛肝菌、黄癞头],黄皮牛肝菌、黄皮疣柄牛肝菌、黄癞头,菌藻类-菌类,32.0,4.3,0.1,5.3,3.9,牛肝菌（鲜）[黄皮牛肝菌、黄皮疣柄牛肝菌、黄癞头],牛肝菌（鲜）[黄皮牛肝菌、黄皮疣柄牛肝菌、黄癞头]，黄皮牛肝菌，黄皮疣柄牛肝菌，黄癞头,菌藻类,藻类,菌藻类-菌类,100g,100,g,,,,生/鲜,,,原始数据库（来源待追溯）,原始导入,未提供,2026-06-25,中,否,否,是,EXT0925,待来源追溯,原始数据保留；新增结构字段为规则化整理结果。,,32,
EXT0926,乳牛肝菌（干）[粘盖牛肝菌、松树菌],粘盖牛肝菌、松树菌,菌藻类-菌类,264.0,15.3,2.8,66.0,0.0,乳牛肝菌（干）[粘盖牛肝菌、松树菌],乳牛肝菌（干）[粘盖牛肝菌、松树菌]，粘盖牛肝菌，松树菌,菌藻类,藻类,菌藻类-菌类,100g,100,g,,,,干制,,,原始数据库（来源待追溯）,原始导入,未提供,2026-06-25,中,否,否,是,EXT0926,待来源追溯,原始数据保留；新增结构字段为规则化整理结果。,,264,
EXT0927,牛眼睛菌（鲜）[马勃菌],马勃菌,菌藻类-菌类,41.0,5.1,0.3,6.6,4.4,牛眼睛菌（鲜）[马勃菌],牛眼睛菌（鲜）[马勃菌]，马勃菌,菌藻类,藻类,菌藻类-菌类,100g,100,g,,,,生/鲜,,,原始数据库（来源待追溯）,原始导入,未提供,2026-06-25,中,否,否,是,EXT0927,待来源追溯,原始数据保留；新增结构字段为规则化整理结果。,,41,
EXT0928,平菇[糙皮侧耳、青蘑],糙皮侧耳、青蘑,菌藻类-菌类,17.0,1.7,0.1,3.2,0.0,平菇[糙皮侧耳、青蘑],平菇[糙皮侧耳、青蘑]，糙皮侧耳，青蘑,菌藻类,藻类,菌藻类-菌类,100g,100,g,,,,未明确,,,原始数据库（来源待追溯）,原始导入,未提供,2026-06-25,低,否,否,否,EXT0928,同名冲突待核验,原始数据保留；新增结构字段为规则化整理结果。,,17,
EXT0929,青头菌[变绿红菇、绿菇],变绿红菇、绿菇,菌藻类-菌类,20.0,2.7,0.1,3.1,2.2,青头菌[变绿红菇、绿菇],青头菌[变绿红菇、绿菇]，变绿红菇，绿菇,菌藻类,藻类,菌藻类-菌类,100g,100,g,,,,未明确,,,原始数据库（来源待追溯）,原始导入,未提供,2026-06-25,中,否,否,是,EXT0929,待来源追溯,原始数据保留；新增结构字段为规则化整理结果。,,20,
EXT0930,松蘑（干）[松茸、松口蘑],松茸、松口蘑,菌藻类-菌类,273.0,12.5,3.0,66.5,0.0,松蘑（干）[松茸、松口蘑],松蘑（干）[松茸、松口蘑]，松茸，松口蘑,菌藻类,藻类,菌藻类-菌类,100g,100,g,,,,干制,,,原始数据库（来源待追溯）,原始导入,未提供,2026-06-25,中,否,否,是,EXT0930,待来源追溯,原始数据保留；新增结构字段为规则化整理结果。,,273,
EXT0931,杏鲍菇,刺芹侧耳，鸡腿菇（误称），杏鲍,菌藻类-菌类,35.0,1.3,0.1,8.3,2.1,杏鲍菇,杏鲍菇，刺芹侧耳，鸡腿菇（误称），杏鲍,菌藻类,藻类,菌藻类-菌类,100g,100,g,,,,未明确,,,原始数据库（来源待追溯）,原始导入,未提供,2026-06-25,中,否,否,是,EXT0931,待来源追溯,原始数据保留；新增结构字段为规则化整理结果。,,35,
EXT0932,血红菇（干）,,菌藻类-菌类,313.0,22.4,6.7,56.0,0.0,血红菇（干）,血红菇（干）,菌藻类,藻类,菌藻类-菌类,100g,100,g,,,,干制,,,原始数据库（来源待追溯）,原始导入,未提供,2026-06-25,中,否,否,是,EXT0932,待来源追溯,原始数据保留；新增结构字段为规则化整理结果。,,313,
EXT0933,元蘑（干）[亚侧耳、冬蘑、黄蘑],亚侧耳、冬蘑、黄蘑,菌藻类-菌类,245.0,12.3,1.5,70.3,0.0,元蘑（干）[亚侧耳、冬蘑、黄蘑],元蘑（干）[亚侧耳、冬蘑、黄蘑]，亚侧耳，冬蘑，黄蘑,菌藻类,藻类,菌藻类-菌类,100g,100,g,,,,干制,,,原始数据库（来源待追溯）,原始导入,未提供,2026-06-25,中,否,否,是,EXT0933,待来源追溯,原始数据保留；新增结构字段为规则化整理结果。,,245,
EXT0934,竹荪（干）[竹笙、竹参],竹笙、竹参,菌藻类-菌类,248.0,17.8,3.1,60.3,46.4,竹荪（干）[竹笙、竹参],竹荪（干）[竹笙、竹参]，竹笙，竹参,菌藻类,藻类,菌藻类-菌类,100g,100,g,,,,干制,,,原始数据库（来源待追溯）,原始导入,未提供,2026-06-25,中,否,否,是,EXT0934,待来源追溯,原始数据保留；新增结构字段为规则化整理结果。,,248,
EXT0935,榛蘑（干）[小蜜环菌],小蜜环菌,菌藻类-菌类,329.0,17.7,10.8,54.6,0.0,榛蘑（干）[小蜜环菌],榛蘑（干）[小蜜环菌]，小蜜环菌,菌藻类,藻类,菌藻类-菌类,100g,100,g,,,,干制,,,原始数据库（来源待追溯）,原始导入,未提供,2026-06-25,中,否,否,是,EXT0935,待来源追溯,原始数据保留；新增结构字段为规则化整理结果。,,329,
EXT0936,蛹虫草（干）,北虫草，虫草花，蛹草，北冬虫夏草,菌藻类-菌类,302.0,23.7,0.0,60.9,16.3,蛹虫草（干）,蛹虫草（干），北虫草，虫草花，蛹草，北冬虫夏草,菌藻类,藻类,菌藻类-菌类,100g,100,g,,,,干制,,,原始数据库（来源待追溯）,原始导入,未提供,2026-06-25,中,否,否,是,EXT0936,待来源追溯,原始数据保留；新增结构字段为规则化整理结果。,,302,
EXT0937,发菜（干）[仙菜],仙菜,菌藻类-藻类,259.0,20.2,0.5,60.8,35.0,发菜（干）[仙菜],发菜（干）[仙菜]，仙菜,菌藻类,藻类,菌藻类-藻类,100g,100,g,,,,干制,,,原始数据库（来源待追溯）,原始导入,未提供,2026-06-25,中,否,否,是,EXT0937,待来源追溯,原始数据保留；新增结构字段为规则化整理结果。,,259,
EXT0938,海带（鲜）[江白菜],江白菜,菌藻类-藻类,13.0,1.2,0.1,2.1,0.5,海带（鲜）[江白菜],海带（鲜）[江白菜]，江白菜,菌藻类,藻类,菌藻类-藻类,100g,100,g,,,,生/鲜,,,原始数据库（来源待追溯）,原始导入,未提供,2026-06-25,中,否,否,是,EXT0938,待来源追溯,原始数据保留；新增结构字段为规则化整理结果。,,13,
EXT0939,"海带[江白菜,昆布]",江白菜，昆布,菌藻类-藻类,90.0,1.8,0.1,23.4,6.1,"海带[江白菜,昆布]","海带[江白菜,昆布]，江白菜，昆布",菌藻类,藻类,菌藻类-藻类,100g,100,g,,,,未明确,,,原始数据库（来源待追溯）,原始导入,未提供,2026-06-25,中,否,否,是,EXT0939,待来源追溯,原始数据保留；新增结构字段为规则化整理结果。,,90,
EXT0940,"海带（浸）[江白菜,昆布]",江白菜，昆布,菌藻类-藻类,16.0,1.1,0.1,3.0,0.9,"海带（浸）[江白菜,昆布]","海带（浸）[江白菜,昆布]，江白菜，昆布",菌藻类,藻类,菌藻类-藻类,100g,100,g,,,,未明确,,,原始数据库（来源待追溯）,原始导入,未提供,2026-06-25,中,否,否,是,EXT0940,待来源追溯,原始数据保留；新增结构字段为规则化整理结果。,,16,
EXT0941,"海冻菜（干）[石花菜,冻菜]",石花菜，冻菜,菌藻类-藻类,0.0,5.4,0.1,72.9,0.0,"海冻菜（干）[石花菜,冻菜]","海冻菜（干）[石花菜,冻菜]，石花菜，冻菜",菌藻类,藻类,菌藻类-藻类,100g,100,g,,,,干制,,,原始数据库（来源待追溯）,原始导入,未提供,2026-06-25,低,否,否,否,EXT0941,待人工核验,零热量但营养素非零。未找到足够证据自动改值，暂停作为默认搜索主记录。,,0,零热量但营养素非零
EXT0942,琼脂[紫菜胶洋粉],紫菜胶洋粉,菌藻类-藻类,311.0,1.1,0.2,76.3,0.1,琼脂[紫菜胶洋粉],琼脂[紫菜胶洋粉]，紫菜胶洋粉,菌藻类,藻类,菌藻类-藻类,100g,100,g,,,,未明确,,,原始数据库（来源待追溯）,原始导入,未提供,2026-06-25,中,否,否,是,EXT0942,待来源追溯,原始数据保留；新增结构字段为规则化整理结果。,,311,
EXT0943,"苔菜（干）[苔条,条浒苔]",苔条，条浒苔,菌藻类-藻类,167.0,19.0,0.4,26.3,9.1,"苔菜（干）[苔条,条浒苔]","苔菜（干）[苔条,条浒苔]，苔条，条浒苔",菌藻类,藻类,菌藻类-藻类,100g,100,g,,,,干制,,,原始数据库（来源待追溯）,原始导入,未提供,2026-06-25,中,否,否,是,EXT0943,待来源追溯,原始数据保留；新增结构字段为规则化整理结果。,,167,
EXT0944,紫菜（干）,干紫菜，海苔干,菌藻类-藻类,250.0,26.7,1.1,44.1,21.6,紫菜（干）,紫菜（干），干紫菜，海苔干,菌藻类,藻类,菌藻类-藻类,100g,100,g,,,,干制,,,原始数据库（来源待追溯）,原始导入,未提供,2026-06-25,中,否,否,是,EXT0944,待来源追溯,原始数据保留；新增结构字段为规则化整理结果。,,250,
EXT0945,螺旋藻（干）,蓝藻，节旋藻,菌藻类-藻类,358.0,64.7,3.1,18.2,1.0,螺旋藻（干）,螺旋藻（干），蓝藻，节旋藻,菌藻类,藻类,菌藻类-藻类,100g,100,g,,,,干制,,,原始数据库（来源待追溯）,原始导入,未提供,2026-06-25,中,否,否,是,EXT0945,待来源追溯,原始数据保留；新增结构字段为规则化整理结果。,,358,
EXT0946,"裙带菜（干）[海芥菜,海木耳]",海芥菜，海木耳,菌藻类-藻类,219.0,25.0,1.7,41.5,31.1,"裙带菜（干）[海芥菜,海木耳]","裙带菜（干）[海芥菜,海木耳]，海芥菜，海木耳",菌藻类,藻类,菌藻类-藻类,100g,100,g,,,,干制,,,原始数据库（来源待追溯）,原始导入,未提供,2026-06-25,中,否,否,是,EXT0946,待来源追溯,原始数据保留；新增结构字段为规则化整理结果。,,219,
EXT0947,"海带菜（鲜,姑香牌）",昆布，江白菜，海白菜，海带菜,菌藻类-藻类,112.0,1.4,7.5,15.3,0.0,"海带菜（鲜,姑香牌）","海带菜（鲜,姑香牌），昆布，江白菜，海白菜，海带菜",菌藻类,藻类,菌藻类-藻类,100g,100,g,,,,生/鲜,,,原始数据库（来源待追溯）,原始导入,未提供,2026-06-25,中,否,否,是,EXT0947,待来源追溯,原始数据保留；新增结构字段为规则化整理结果。,,112,
EXT0948,大白菜（代表值）,白菜，黄芽白，结球白菜，绍菜,蔬菜类及其制品-嫩茎叶花菜类,20.0,1.6,0.2,3.4,0.9,大白菜（代表值）,大白菜（代表值），白菜，黄芽白，结球白菜，绍菜,蔬菜,鲜蔬菜及制品,蔬菜类及其制品-嫩茎叶花菜类,100g,100,g,,,,未明确,,,原始数据库（来源待追溯）,原始导入,未提供,2026-06-25,中,否,否,是,EXT0948,待来源追溯,原始数据保留；新增结构字段为规则化整理结果。,,20,生熟状态未明确
EXT0949,大白菜（白梗）[黄芽白],黄芽白,蔬菜类及其制品-嫩茎叶花菜类,22.0,1.7,0.2,3.7,0.6,大白菜（白梗）[黄芽白],大白菜（白梗）[黄芽白]，黄芽白,蔬菜,鲜蔬菜及制品,蔬菜类及其制品-嫩茎叶花菜类,100g,100,g,,,,未明确,,,原始数据库（来源待追溯）,原始导入,未提供,2026-06-25,中,否,否,是,EXT0949,待来源追溯,原始数据保留；新增结构字段为规则化整理结果。,,22,生熟状态未明确
EXT0950,大白菜（青白口）,白菜，黄芽白，结球白菜，绍菜,蔬菜类及其制品-嫩茎叶花菜类,17.0,1.4,0.1,3.0,0.9,大白菜（青白口）,大白菜（青白口），白菜，黄芽白，结球白菜，绍菜,蔬菜,鲜蔬菜及制品,蔬菜类及其制品-嫩茎叶花菜类,100g,100,g,,,,未明确,,,原始数据库（来源待追溯）,原始导入,未提供,2026-06-25,中,否,否,是,EXT0950,待来源追溯,原始数据保留；新增结构字段为规则化整理结果。,,17,生熟状态未明确
EXT0951,大白菜（小白口）,白菜，黄芽白，结球白菜，绍菜,蔬菜类及其制品-嫩茎叶花菜类,16.0,1.3,0.1,2.8,0.9,大白菜（小白口）,大白菜（小白口），白菜，黄芽白，结球白菜，绍菜,蔬菜,鲜蔬菜及制品,蔬菜类及其制品-嫩茎叶花菜类,100g,100,g,,,,未明确,,,原始数据库（来源待追溯）,原始导入,未提供,2026-06-25,中,否,否,是,EXT0951,待来源追溯,原始数据保留；新增结构字段为规则化整理结果。,,16,生熟状态未明确
EXT0952,白菜（脱水）,脱水白菜，干白菜，白菜干,蔬菜类及其制品-嫩茎叶花菜类,305.0,6.2,0.8,72.9,9.4,白菜（脱水）,白菜（脱水），脱水白菜，干白菜，白菜干,蔬菜,鲜蔬菜及制品,蔬菜类及其制品-嫩茎叶花菜类,100g,100,g,,,,干制,,,原始数据库（来源待追溯）,原始导入,未提供,2026-06-25,中,否,否,是,EXT0952,待来源追溯,原始数据保留；新增结构字段为规则化整理结果。,,305,
EXT0953,白菜薹[菜薹，菜心],菜薹，菜心,蔬菜类及其制品-嫩茎叶花菜类,28.0,2.8,0.5,4.0,1.7,白菜薹[菜薹，菜心],白菜薹[菜薹，菜心]，菜薹，菜心,蔬菜,鲜蔬菜及制品,蔬菜类及其制品-嫩茎叶花菜类,100g,100,g,,,,未明确,,,原始数据库（来源待追溯）,原始导入,未提供,2026-06-25,中,否,否,是,EXT0953,待来源追溯,原始数据保留；新增结构字段为规则化整理结果。,,28,生熟状态未明确
EXT0954,红菜薹[紫菜薹],紫菜薹,蔬菜类及其制品-嫩茎叶花菜类,43.0,2.9,2.5,2.7,0.9,红菜薹[紫菜薹],红菜薹[紫菜薹]，紫菜薹,菌藻类,藻类,蔬菜类及其制品-嫩茎叶花菜类,100g,100,g,,,,未明确,,,原始数据库（来源待追溯）,原始导入,未提供,2026-06-25,中,否,否,是,EXT0954,待来源追溯,原始数据保留；新增结构字段为规则化整理结果。,,43,
EXT0955,瓢儿白[瓢儿菜],瓢儿菜,蔬菜类及其制品-嫩茎叶花菜类,18.0,1.7,0.2,3.2,1.6,瓢儿白[瓢儿菜],瓢儿白[瓢儿菜]，瓢儿菜,蔬菜,鲜蔬菜及制品,蔬菜类及其制品-嫩茎叶花菜类,100g,100,g,,,,未明确,,,原始数据库（来源待追溯）,原始导入,未提供,2026-06-25,中,否,否,是,EXT0955,待来源追溯,原始数据保留；新增结构字段为规则化整理结果。,,18,生熟状态未明确
EXT0956,乌菜[乌塌菜，塌棵菜],乌塌菜，塌棵菜,蔬菜类及其制品-嫩茎叶花菜类,28.0,2.6,0.4,4.2,1.4,乌菜[乌塌菜，塌棵菜],乌菜[乌塌菜，塌棵菜]，乌塌菜，塌棵菜,蔬菜,鲜蔬菜及制品,蔬菜类及其制品-嫩茎叶花菜类,100g,100,g,,,,未明确,,,原始数据库（来源待追溯）,原始导入,未提供,2026-06-25,中,否,否,是,EXT0956,待来源追溯,原始数据保留；新增结构字段为规则化整理结果。,,28,生熟状态未明确
EXT0957,油菜（黑）,黑油菜，乌塌菜,蔬菜类及其制品-嫩茎叶花菜类,19.0,1.8,0.2,2.9,0.9,油菜（黑）,油菜（黑），黑油菜，乌塌菜,蔬菜,鲜蔬菜及制品,蔬菜类及其制品-嫩茎叶花菜类,100g,100,g,,,,未明确,,,原始数据库（来源待追溯）,原始导入,未提供,2026-06-25,中,否,否,是,EXT0957,待来源追溯,原始数据保留；新增结构字段为规则化整理结果。,,19,生熟状态未明确
EXT0958,油菜（脱水）,脱水油菜，干油菜，油菜干,蔬菜类及其制品-嫩茎叶花菜类,316.0,7.6,0.6,74.3,8.6,油菜（脱水）,油菜（脱水），脱水油菜，干油菜，油菜干,蔬菜,鲜蔬菜及制品,蔬菜类及其制品-嫩茎叶花菜类,100g,100,g,,,,干制,,,原始数据库（来源待追溯）,原始导入,未提供,2026-06-25,中,否,否,是,EXT0958,待来源追溯,原始数据保留；新增结构字段为规则化整理结果。,,316,
EXT0959,油菜（小）,上海青，小油菜，青菜，瓢儿白,蔬菜类及其制品-嫩茎叶花菜类,12.0,1.3,0.2,1.6,0.7,油菜（小）,油菜（小），上海青，小油菜，青菜，瓢儿白,蔬菜,鲜蔬菜及制品,蔬菜类及其制品-嫩茎叶花菜类,100g,100,g,,,,未明确,,,原始数据库（来源待追溯）,原始导入,未提供,2026-06-25,中,否,否,是,EXT0959,待来源追溯,原始数据保留；新增结构字段为规则化整理结果。,,12,生熟状态未明确
EXT0960,油菜薹[菜薹],菜薹,蔬菜类及其制品-嫩茎叶花菜类,24.0,3.2,0.4,3.0,2.0,油菜薹[菜薹],油菜薹[菜薹]，菜薹,蔬菜,鲜蔬菜及制品,蔬菜类及其制品-嫩茎叶花菜类,100g,100,g,,,,未明确,,,原始数据库（来源待追溯）,原始导入,未提供,2026-06-25,中,否,否,是,EXT0960,待来源追溯,原始数据保留；新增结构字段为规则化整理结果。,,24,生熟状态未明确
EXT0961,大白菜（白口）,白菜，黄芽白，结球白菜，绍菜,蔬菜类及其制品-嫩茎叶花菜类,14.0,1.0,0.1,2.9,0.0,大白菜（白口）,大白菜（白口），白菜，黄芽白，结球白菜，绍菜,蔬菜,鲜蔬菜及制品,蔬菜类及其制品-嫩茎叶花菜类,100g,100,g,,,,未明确,,,原始数据库（来源待追溯）,原始导入,未提供,2026-06-25,中,否,否,是,EXT0961,待来源追溯,原始数据保留；新增结构字段为规则化整理结果。,,14,生熟状态未明确
EXT0962,大白菜（青口）,白菜，黄芽白，结球白菜，绍菜,蔬菜类及其制品-嫩茎叶花菜类,12.0,1.1,0.1,2.6,0.0,大白菜（青口）,大白菜（青口），白菜，黄芽白，结球白菜，绍菜,蔬菜,鲜蔬菜及制品,蔬菜类及其制品-嫩茎叶花菜类,100g,100,g,,,,未明确,,,原始数据库（来源待追溯）,原始导入,未提供,2026-06-25,中,否,否,是,EXT0962,待来源追溯,原始数据保留；新增结构字段为规则化整理结果。,,12,生熟状态未明确
EXT0963,酸白菜[酸菜],酸菜,蔬菜类及其制品-嫩茎叶花菜类,10.0,0.7,0.2,2.6,0.0,酸白菜[酸菜],酸白菜[酸菜]，酸菜,蔬菜,鲜蔬菜及制品,蔬菜类及其制品-嫩茎叶花菜类,100g,100,g,,,,未明确,,,原始数据库（来源待追溯）,原始导入,未提供,2026-06-25,中,否,否,是,EXT0963,待来源追溯,原始数据保留；新增结构字段为规则化整理结果。,,10,生熟状态未明确
EXT0964,小白菜[青菜],青菜,蔬菜类及其制品-嫩茎叶花菜类,14.0,1.4,0.3,2.4,0.0,小白菜[青菜],小白菜[青菜]，青菜,蔬菜,鲜蔬菜及制品,蔬菜类及其制品-嫩茎叶花菜类,100g,100,g,,,,未明确,,,原始数据库（来源待追溯）,原始导入,未提供,2026-06-25,中,否,否,是,EXT0964,待来源追溯,原始数据保留；新增结构字段为规则化整理结果。,,14,生熟状态未明确
EXT0965,奶白菜,,蔬菜类及其制品-嫩茎叶花菜类,21.0,2.7,0.2,3.3,1.5,奶白菜,奶白菜,蔬菜,鲜蔬菜及制品,蔬菜类及其制品-嫩茎叶花菜类,100g,100,g,,,,未明确,,,原始数据库（来源待追溯）,原始导入,未提供,2026-06-25,中,否,否,是,EXT0965,待来源追溯,原始数据保留；新增结构字段为规则化整理结果。,,21,生熟状态未明确
EXT0966,鸡毛菜,,蔬菜类及其制品-嫩茎叶花菜类,19.0,2.7,0.2,2.6,0.0,鸡毛菜,鸡毛菜,蔬菜,鲜蔬菜及制品,蔬菜类及其制品-嫩茎叶花菜类,100g,100,g,,,,未明确,,,原始数据库（来源待追溯）,原始导入,未提供,2026-06-25,中,否,否,是,EXT0966,待来源追溯,原始数据保留；新增结构字段为规则化整理结果。,,19,生熟状态未明确
EXT0967,娃娃菜,微型大白菜，小大白菜,蔬菜类及其制品-嫩茎叶花菜类,13.0,1.9,0.2,2.4,0.0,娃娃菜,娃娃菜，微型大白菜，小大白菜,蔬菜,鲜蔬菜及制品,蔬菜类及其制品-嫩茎叶花菜类,100g,100,g,,,,未明确,,,原始数据库（来源待追溯）,原始导入,未提供,2026-06-25,中,否,否,是,EXT0967,待来源追溯,原始数据保留；新增结构字段为规则化整理结果。,,13,生熟状态未明确
EXT0968,乌塌菜 [塌菜、塌棵菜],塌菜、塌棵菜,蔬菜类及其制品-嫩茎叶花菜类,13.0,1.8,0.1,2.6,1.8,乌塌菜 [塌菜、塌棵菜],乌塌菜 [塌菜、塌棵菜]，塌菜，塌棵菜,蔬菜,鲜蔬菜及制品,蔬菜类及其制品-嫩茎叶花菜类,100g,100,g,,,,未明确,,,原始数据库（来源待追溯）,原始导入,未提供,2026-06-25,中,否,否,是,EXT0968,待来源追溯,原始数据保留；新增结构字段为规则化整理结果。,,13,生熟状态未明确
EXT0969,油菜,上海青，小油菜，青菜，瓢儿白,蔬菜类及其制品-嫩茎叶花菜类,14.0,1.3,0.5,2.0,0.0,油菜,油菜，上海青，小油菜，青菜，瓢儿白,蔬菜,鲜蔬菜及制品,蔬菜类及其制品-嫩茎叶花菜类,100g,100,g,,,,未明确,,,原始数据库（来源待追溯）,原始导入,未提供,2026-06-25,中,否,否,是,EXT0969,待来源追溯,原始数据保留；新增结构字段为规则化整理结果。,,14,生熟状态未明确
EXT0970,油菜心,上海青，小油菜，青菜，瓢儿白,蔬菜类及其制品-嫩茎叶花菜类,15.0,1.3,0.4,2.7,0.0,油菜心,油菜心，上海青，小油菜，青菜，瓢儿白,蔬菜,鲜蔬菜及制品,蔬菜类及其制品-嫩茎叶花菜类,100g,100,g,,,,未明确,,,原始数据库（来源待追溯）,原始导入,未提供,2026-06-25,中,否,否,是,EXT0970,待来源追溯,原始数据保留；新增结构字段为规则化整理结果。,,15,生熟状态未明确
EXT0971,圆白菜，卷心菜,,蔬菜类及其制品-嫩茎叶花菜类,24.0,1.5,0.2,4.6,1.0,圆白菜，卷心菜,圆白菜，卷心菜,蔬菜,鲜蔬菜及制品,蔬菜类及其制品-嫩茎叶花菜类,100g,100,g,,,,未明确,,,原始数据库（来源待追溯）,原始导入,未提供,2026-06-25,中,否,否,是,EXT0971,待来源追溯,原始数据保留；新增结构字段为规则化整理结果。,,24,生熟状态未明确
EXT0972,菜花（脱水）[脱水花椰菜],脱水花椰菜,蔬菜类及其制品-嫩茎叶花菜类,312.0,6.5,0.6,76.8,13.2,菜花（脱水）[脱水花椰菜],菜花（脱水）[脱水花椰菜]，脱水花椰菜,蔬菜,鲜蔬菜及制品,蔬菜类及其制品-嫩茎叶花菜类,100g,100,g,,,,干制,,,原始数据库（来源待追溯）,原始导入,未提供,2026-06-25,中,否,否,是,EXT0972,待来源追溯,原始数据保留；新增结构字段为规则化整理结果。,,312,
EXT0973,芥菜（鲜）[雪里红，雪菜],雪里红，雪菜,蔬菜类及其制品-嫩茎叶花菜类,27.0,2.0,0.4,4.7,1.6,芥菜（鲜）[雪里红，雪菜],芥菜（鲜）[雪里红，雪菜]，雪里红，雪菜,蔬菜,鲜蔬菜及制品,蔬菜类及其制品-嫩茎叶花菜类,100g,100,g,,,,生/鲜,,,原始数据库（来源待追溯）,原始导入,未提供,2026-06-25,中,否,否,是,EXT0973,待来源追溯,原始数据保留；新增结构字段为规则化整理结果。,,27,
EXT0974,芥菜（大叶，鲜）[盖菜],盖菜,蔬菜类及其制品-嫩茎叶花菜类,16.0,1.8,0.4,2.0,1.2,芥菜（大叶，鲜）[盖菜],芥菜（大叶，鲜）[盖菜]，盖菜,蔬菜,鲜蔬菜及制品,蔬菜类及其制品-嫩茎叶花菜类,100g,100,g,,,,生/鲜,,,原始数据库（来源待追溯）,原始导入,未提供,2026-06-25,中,否,否,是,EXT0974,待来源追溯,原始数据保留；新增结构字段为规则化整理结果。,,16,
EXT0975,芥菜（茎用，鲜）[青头菜],青头菜,蔬菜类及其制品-嫩茎叶花菜类,13.0,1.3,0.2,2.8,2.8,芥菜（茎用，鲜）[青头菜],芥菜（茎用，鲜）[青头菜]，青头菜,蔬菜,鲜蔬菜及制品,蔬菜类及其制品-嫩茎叶花菜类,100g,100,g,,,,生/鲜,,,原始数据库（来源待追溯）,原始导入,未提供,2026-06-25,中,否,否,是,EXT0975,待来源追溯,原始数据保留；新增结构字段为规则化整理结果。,,13,
EXT0976,芥菜（小叶，鲜）[小芥菜],小芥菜,蔬菜类及其制品-嫩茎叶花菜类,26.0,2.5,0.4,3.6,1.0,芥菜（小叶，鲜）[小芥菜],芥菜（小叶，鲜）[小芥菜]，小芥菜,蔬菜,鲜蔬菜及制品,蔬菜类及其制品-嫩茎叶花菜类,100g,100,g,,,,生/鲜,,,原始数据库（来源待追溯）,原始导入,未提供,2026-06-25,中,否,否,是,EXT0976,待来源追溯,原始数据保留；新增结构字段为规则化整理结果。,,26,
EXT0977,结球甘蓝（绿）[圆白菜],圆白菜,蔬菜类及其制品-嫩茎叶花菜类,17.0,0.9,0.2,4.0,0.0,结球甘蓝（绿）[圆白菜],结球甘蓝（绿）[圆白菜]，圆白菜,蔬菜,鲜蔬菜及制品,蔬菜类及其制品-嫩茎叶花菜类,100g,100,g,,,,未明确,,,原始数据库（来源待追溯）,原始导入,未提供,2026-06-25,中,否,否,是,EXT0977,待来源追溯,原始数据保留；新增结构字段为规则化整理结果。,,17,生熟状态未明确
EXT0978,结球甘蓝（紫）[圆白菜],圆白菜,蔬菜类及其制品-嫩茎叶花菜类,25.0,1.2,0.2,6.2,0.0,结球甘蓝（紫）[圆白菜],结球甘蓝（紫）[圆白菜]，圆白菜,蔬菜,鲜蔬菜及制品,蔬菜类及其制品-嫩茎叶花菜类,100g,100,g,,,,未明确,,,原始数据库（来源待追溯）,原始导入,未提供,2026-06-25,中,否,否,是,EXT0978,待来源追溯,原始数据保留；新增结构字段为规则化整理结果。,,25,生熟状态未明确
EXT0979,抱子甘蓝[小圆白菜],小圆白菜,蔬菜类及其制品-嫩茎叶花菜类,36.0,3.5,0.2,8.8,0.0,抱子甘蓝[小圆白菜],抱子甘蓝[小圆白菜]，小圆白菜,蔬菜,鲜蔬菜及制品,蔬菜类及其制品-嫩茎叶花菜类,100g,100,g,,,,未明确,,,原始数据库（来源待追溯）,原始导入,未提供,2026-06-25,中,否,否,是,EXT0979,待来源追溯,原始数据保留；新增结构字段为规则化整理结果。,,36,生熟状态未明确
EXT0980,羽衣甘蓝,无头甘蓝，叶牡丹，Kale,蔬菜类及其制品-嫩茎叶花菜类,69.0,5.0,0.4,5.7,3.2,羽衣甘蓝,羽衣甘蓝，无头甘蓝，叶牡丹，Kale,蔬菜,鲜蔬菜及制品,蔬菜类及其制品-嫩茎叶花菜类,100g,100,g,,,,未明确,,,原始数据库（来源待追溯）,原始导入,未提供,2026-06-25,低,否,否,否,EXT0980,同名冲突待核验,原始数据保留；新增结构字段为规则化整理结果。,,69,生熟状态未明确
EXT0981,盖菜,,蔬菜类及其制品-嫩茎叶花菜类,13.0,1.5,0.2,2.8,0.0,盖菜,盖菜,蔬菜,鲜蔬菜及制品,蔬菜类及其制品-嫩茎叶花菜类,100g,100,g,,,,未明确,,,原始数据库（来源待追溯）,原始导入,未提供,2026-06-25,中,否,否,是,EXT0981,待来源追溯,原始数据保留；新增结构字段为规则化整理结果。,,13,生熟状态未明确
EXT0982,芥蓝 [甘蓝菜、盖蓝菜],甘蓝菜、盖蓝菜,蔬菜类及其制品-嫩茎叶花菜类,24.0,3.1,0.3,4.1,0.0,芥蓝 [甘蓝菜、盖蓝菜],芥蓝 [甘蓝菜、盖蓝菜]，甘蓝菜，盖蓝菜,蔬菜,鲜蔬菜及制品,蔬菜类及其制品-嫩茎叶花菜类,100g,100,g,,,,未明确,,,原始数据库（来源待追溯）,原始导入,未提供,2026-06-25,中,否,否,是,EXT0982,待来源追溯,原始数据保留；新增结构字段为规则化整理结果。,,24,生熟状态未明确
EXT0983,菜花（白色）[花椰菜],花椰菜,蔬菜类及其制品-嫩茎叶花菜类,20.0,1.7,0.2,4.2,2.1,菜花（白色）[花椰菜],菜花（白色）[花椰菜]，花椰菜,蔬菜,鲜蔬菜及制品,蔬菜类及其制品-嫩茎叶花菜类,100g,100,g,,,,未明确,,,原始数据库（来源待追溯）,原始导入,未提供,2026-06-25,中,否,否,是,EXT0983,待来源追溯,原始数据保留；新增结构字段为规则化整理结果。,,20,生熟状态未明确
EXT0984,西兰花 [绿菜花],绿菜花,蔬菜类及其制品-嫩茎叶花菜类,27.0,3.5,0.6,3.7,0.0,西兰花 [绿菜花],西兰花 [绿菜花]，绿菜花,蔬菜,鲜蔬菜及制品,蔬菜类及其制品-嫩茎叶花菜类,100g,100,g,,,,未明确,,,原始数据库（来源待追溯）,原始导入,未提供,2026-06-25,中,否,否,是,EXT0984,待来源追溯,原始数据保留；新增结构字段为规则化整理结果。,,27,生熟状态未明确
EXT0985,菠菜（鲜）[赤根菜],赤根菜,蔬菜类及其制品-嫩茎叶花菜类,28.0,2.6,0.3,4.5,1.7,菠菜（鲜）[赤根菜],菠菜（鲜）[赤根菜]，赤根菜,蔬菜,鲜蔬菜及制品,蔬菜类及其制品-嫩茎叶花菜类,100g,100,g,,,,生/鲜,,,原始数据库（来源待追溯）,原始导入,未提供,2026-06-25,中,否,否,是,EXT0985,待来源追溯,原始数据保留；新增结构字段为规则化整理结果。,,28,
EXT0986,菠菜（脱水）,脱水菠菜，菠菜干，干菠菜,蔬菜类及其制品-嫩茎叶花菜类,308.0,6.4,0.6,75.7,12.7,菠菜（脱水）,菠菜（脱水），脱水菠菜，菠菜干，干菠菜,蔬菜,鲜蔬菜及制品,蔬菜类及其制品-嫩茎叶花菜类,100g,100,g,,,,干制,,,原始数据库（来源待追溯）,原始导入,未提供,2026-06-25,中,否,否,是,EXT0986,待来源追溯,原始数据保留；新增结构字段为规则化整理结果。,,308,
EXT0987,冬寒菜（鲜）[冬苋菜，冬葵],冬苋菜，冬葵,蔬菜类及其制品-嫩茎叶花菜类,34.0,3.9,0.4,4.9,2.2,冬寒菜（鲜）[冬苋菜，冬葵],冬寒菜（鲜）[冬苋菜，冬葵]，冬苋菜，冬葵,蔬菜,鲜蔬菜及制品,蔬菜类及其制品-嫩茎叶花菜类,100g,100,g,,,,生/鲜,,,原始数据库（来源待追溯）,原始导入,未提供,2026-06-25,中,否,否,是,EXT0987,待来源追溯,原始数据保留；新增结构字段为规则化整理结果。,,34,
EXT0988,胡萝卜缨（红，鲜）,红萝卜，甘荀，金笋，丁香萝卜,蔬菜类及其制品-嫩茎叶花菜类,48.0,1.7,0.4,11.3,4.0,胡萝卜缨（红，鲜）,胡萝卜缨（红，鲜），红萝卜，甘荀，金笋，丁香萝卜,蔬菜,鲜蔬菜及制品,蔬菜类及其制品-嫩茎叶花菜类,100g,100,g,,,,生/鲜,,,原始数据库（来源待追溯）,原始导入,未提供,2026-06-25,中,否,否,是,EXT0988,待来源追溯,原始数据保留；新增结构字段为规则化整理结果。,,48,
EXT0989,苦菜[节节花，拒马菜],节节花，拒马菜,蔬菜类及其制品-嫩茎叶花菜类,46.0,2.8,0.6,10.0,5.4,苦菜[节节花，拒马菜],苦菜[节节花，拒马菜]，节节花，拒马菜,蔬菜,鲜蔬菜及制品,蔬菜类及其制品-嫩茎叶花菜类,100g,100,g,,,,未明确,,,原始数据库（来源待追溯）,原始导入,未提供,2026-06-25,中,否,否,是,EXT0989,待来源追溯,原始数据保留；新增结构字段为规则化整理结果。,,46,生熟状态未明确
EXT0990,萝卜缨（白）,,蔬菜类及其制品-嫩茎叶花菜类,17.0,2.6,0.3,1.7,1.4,萝卜缨（白）,萝卜缨（白）,蔬菜,鲜蔬菜及制品,蔬菜类及其制品-嫩茎叶花菜类,100g,100,g,,,,未明确,,,原始数据库（来源待追溯）,原始导入,未提供,2026-06-25,中,否,否,是,EXT0990,待来源追溯,原始数据保留；新增结构字段为规则化整理结果。,,17,生熟状态未明确
EXT0991,萝卜缨（青）,,蔬菜类及其制品-嫩茎叶花菜类,38.0,3.1,0.1,7.6,2.9,萝卜缨（青）,萝卜缨（青）,蔬菜,鲜蔬菜及制品,蔬菜类及其制品-嫩茎叶花菜类,100g,100,g,,,,未明确,,,原始数据库（来源待追溯）,原始导入,未提供,2026-06-25,中,否,否,是,EXT0991,待来源追溯,原始数据保留；新增结构字段为规则化整理结果。,,38,生熟状态未明确
EXT0992,萝卜缨（小萝卜）,,蔬菜类及其制品-嫩茎叶花菜类,23.0,1.6,0.3,4.1,1.4,萝卜缨（小萝卜）,萝卜缨（小萝卜）,蔬菜,鲜蔬菜及制品,蔬菜类及其制品-嫩茎叶花菜类,100g,100,g,,,,未明确,,,原始数据库（来源待追溯）,原始导入,未提供,2026-06-25,中,否,否,是,EXT0992,待来源追溯,原始数据保留；新增结构字段为规则化整理结果。,,23,生熟状态未明确
EXT0993,落葵[木耳菜，软浆菜],木耳菜，软浆菜,蔬菜类及其制品-嫩茎叶花菜类,23.0,1.6,0.3,4.3,1.5,落葵[木耳菜，软浆菜],落葵[木耳菜，软浆菜]，木耳菜，软浆菜,菌藻类,菌类,蔬菜类及其制品-嫩茎叶花菜类,100g,100,g,,,,未明确,,,原始数据库（来源待追溯）,原始导入,未提供,2026-06-25,中,否,否,是,EXT0993,待来源追溯,原始数据保留；新增结构字段为规则化整理结果。,,23,
EXT0994,芹菜茎,旱芹，药芹，西芹,蔬菜类及其制品-嫩茎叶花菜类,22.0,1.2,0.2,4.5,1.2,芹菜茎,芹菜茎，旱芹，药芹，西芹,蔬菜,鲜蔬菜及制品,蔬菜类及其制品-嫩茎叶花菜类,100g,100,g,,,,未明确,,,原始数据库（来源待追溯）,原始导入,未提供,2026-06-25,中,否,否,是,EXT0994,待来源追溯,原始数据保留；新增结构字段为规则化整理结果。,,22,生熟状态未明确
EXT0995,芹菜叶（鲜）,芹菜叶，药芹叶,蔬菜类及其制品-嫩茎叶花菜类,35.0,2.6,0.6,5.9,2.2,芹菜叶（鲜）,芹菜叶（鲜），芹菜叶，药芹叶,蔬菜,鲜蔬菜及制品,蔬菜类及其制品-嫩茎叶花菜类,100g,100,g,,,,生/鲜,,,原始数据库（来源待追溯）,原始导入,未提供,2026-06-25,中,否,否,是,EXT0995,待来源追溯,原始数据保留；新增结构字段为规则化整理结果。,,35,
EXT0996,甜菜叶（鲜）,,蔬菜类及其制品-嫩茎叶花菜类,22.0,1.8,0.1,4.0,1.3,甜菜叶（鲜）,甜菜叶（鲜）,蔬菜,鲜蔬菜及制品,蔬菜类及其制品-嫩茎叶花菜类,100g,100,g,,,,生/鲜,,,原始数据库（来源待追溯）,原始导入,未提供,2026-06-25,中,否,否,是,EXT0996,待来源追溯,原始数据保留；新增结构字段为规则化整理结果。,,22,
EXT0997,香菜（鲜）[芫荽],芫荽,蔬菜类及其制品-嫩茎叶花菜类,33.0,1.8,0.4,6.2,1.2,香菜（鲜）[芫荽],香菜（鲜）[芫荽]，芫荽,蔬菜,鲜蔬菜及制品,蔬菜类及其制品-嫩茎叶花菜类,100g,100,g,,,,生/鲜,,,原始数据库（来源待追溯）,原始导入,未提供,2026-06-25,中,否,否,是,EXT0997,待来源追溯,原始数据保留；新增结构字段为规则化整理结果。,,33,
EXT0998,香菜（脱水）,芫荽，胡荽，香荽,蔬菜类及其制品-嫩茎叶花菜类,310.0,7.4,1.3,71.2,8.2,香菜（脱水）,香菜（脱水），芫荽，胡荽，香荽,蔬菜,鲜蔬菜及制品,蔬菜类及其制品-嫩茎叶花菜类,100g,100,g,,,,干制,,,原始数据库（来源待追溯）,原始导入,未提供,2026-06-25,中,否,否,是,EXT0998,待来源追溯,原始数据保留；新增结构字段为规则化整理结果。,,310,
EXT0999,苋菜（绿，鲜）,雁来红，红苋菜，米苋,蔬菜类及其制品-嫩茎叶花菜类,30.0,2.8,0.3,5.0,2.2,苋菜（绿，鲜）,苋菜（绿，鲜），雁来红，红苋菜，米苋,蔬菜,鲜蔬菜及制品,蔬菜类及其制品-嫩茎叶花菜类,100g,100,g,,,,生/鲜,,,原始数据库（来源待追溯）,原始导入,未提供,2026-06-25,中,否,否,是,EXT0999,待来源追溯,原始数据保留；新增结构字段为规则化整理结果。,,30,
EXT1000,苋菜（紫，鲜）[红苋],红苋,蔬菜类及其制品-嫩茎叶花菜类,35.0,2.8,0.4,5.9,1.8,苋菜（紫，鲜）[红苋],苋菜（紫，鲜）[红苋]，红苋,蔬菜,鲜蔬菜及制品,蔬菜类及其制品-嫩茎叶花菜类,100g,100,g,,,,生/鲜,,,原始数据库（来源待追溯）,原始导入,未提供,2026-06-25,中,否,否,是,EXT1000,待来源追溯,原始数据保留；新增结构字段为规则化整理结果。,,35,
EXT1001,茴蒿（鲜）[蓬蒿菜，艾菜],蓬蒿菜，艾菜,蔬菜类及其制品-嫩茎叶花菜类,24.0,1.9,0.3,3.9,1.2,茴蒿（鲜）[蓬蒿菜，艾菜],茴蒿（鲜）[蓬蒿菜，艾菜]，蓬蒿菜，艾菜,蔬菜,鲜蔬菜及制品,蔬菜类及其制品-嫩茎叶花菜类,100g,100,g,,,,生/鲜,,,原始数据库（来源待追溯）,原始导入,未提供,2026-06-25,中,否,否,是,EXT1001,待来源追溯,原始数据保留；新增结构字段为规则化整理结果。,,24,
EXT1002,茴香（鲜）[小茴香],小茴香,蔬菜类及其制品-嫩茎叶花菜类,27.0,2.5,0.4,4.2,1.6,茴香（鲜）[小茴香],茴香（鲜）[小茴香]，小茴香,蔬菜,鲜蔬菜及制品,蔬菜类及其制品-嫩茎叶花菜类,100g,100,g,,,,生/鲜,,,原始数据库（来源待追溯）,原始导入,未提供,2026-06-25,中,否,否,是,EXT1002,待来源追溯,原始数据保留；新增结构字段为规则化整理结果。,,27,
EXT1003,荠菜（鲜）[蓟菜，菱角菜],蓟菜，菱角菜,蔬菜类及其制品-嫩茎叶花菜类,31.0,2.9,0.4,4.7,1.7,荠菜（鲜）[蓟菜，菱角菜],荠菜（鲜）[蓟菜，菱角菜]，蓟菜，菱角菜,蔬菜,鲜蔬菜及制品,蔬菜类及其制品-嫩茎叶花菜类,100g,100,g,,,,生/鲜,,,原始数据库（来源待追溯）,原始导入,未提供,2026-06-25,中,否,否,是,EXT1003,待来源追溯,原始数据保留；新增结构字段为规则化整理结果。,,31,
EXT1004,莴笋（鲜）[莴苣],莴苣,蔬菜类及其制品-嫩茎叶花菜类,15.0,1.0,0.1,2.8,0.6,莴笋（鲜）[莴苣],莴笋（鲜）[莴苣]，莴苣,蔬菜,鲜蔬菜及制品,蔬菜类及其制品-嫩茎叶花菜类,100g,100,g,,,,生/鲜,,,原始数据库（来源待追溯）,原始导入,未提供,2026-06-25,中,否,否,是,EXT1004,待来源追溯,原始数据保留；新增结构字段为规则化整理结果。,,15,
EXT1005,番杏[新西兰菠菜、夏菠菜],新西兰菠菜、夏菠菜,蔬菜类及其制品-嫩茎叶花菜类,15.0,1.8,0.1,3.1,0.0,番杏[新西兰菠菜、夏菠菜],番杏[新西兰菠菜、夏菠菜]，新西兰菠菜，夏菠菜,蔬菜,鲜蔬菜及制品,蔬菜类及其制品-嫩茎叶花菜类,100g,100,g,,,,未明确,,,原始数据库（来源待追溯）,原始导入,未提供,2026-06-25,中,否,否,是,EXT1005,待来源追溯,原始数据保留；新增结构字段为规则化整理结果。,,15,生熟状态未明确
EXT1006,樱桃萝卜缨,车厘子，莺桃，含桃，荆桃,蔬菜类及其制品-嫩茎叶花菜类,14.0,2.0,0.1,2.7,2.3,樱桃萝卜缨,樱桃萝卜缨，车厘子，莺桃，含桃，荆桃,水果,鲜果,蔬菜类及其制品-嫩茎叶花菜类,100g,100,g,,,,未明确,,,原始数据库（来源待追溯）,原始导入,未提供,2026-06-25,中,否,否,是,EXT1006,待来源追溯,原始数据保留；新增结构字段为规则化整理结果。,,14,
EXT1007,白凤菜,,蔬菜类及其制品-嫩茎叶花菜类,16.0,1.6,0.2,4.0,0.0,白凤菜,白凤菜,蔬菜,鲜蔬菜及制品,蔬菜类及其制品-嫩茎叶花菜类,100g,100,g,,,,未明确,,,原始数据库（来源待追溯）,原始导入,未提供,2026-06-25,中,否,否,是,EXT1007,待来源追溯,原始数据保留；新增结构字段为规则化整理结果。,,16,生熟状态未明确
EXT1008,紫背天葵[红凤菜、血皮菜],红凤菜、血皮菜,蔬菜类及其制品-嫩茎叶花菜类,18.0,1.9,0.0,3.8,0.0,紫背天葵[红凤菜、血皮菜],紫背天葵[红凤菜、血皮菜]，红凤菜，血皮菜,蔬菜,鲜蔬菜及制品,蔬菜类及其制品-嫩茎叶花菜类,100g,100,g,,,,未明确,,,原始数据库（来源待追溯）,原始导入,未提供,2026-06-25,中,否,否,是,EXT1008,待来源追溯,原始数据保留；新增结构字段为规则化整理结果。,,18,生熟状态未明确
EXT1009,芹菜（茎）[旱芹，药芹],旱芹，药芹,蔬菜类及其制品-嫩茎叶花菜类,13.0,0.4,0.2,3.1,1.0,芹菜（茎）[旱芹，药芹],芹菜（茎）[旱芹，药芹]，旱芹，药芹,蔬菜,鲜蔬菜及制品,蔬菜类及其制品-嫩茎叶花菜类,100g,100,g,,,,未明确,,,原始数据库（来源待追溯）,原始导入,未提供,2026-06-25,中,否,否,是,EXT1009,待来源追溯,原始数据保留；新增结构字段为规则化整理结果。,,13,生熟状态未明确
EXT1010,西芹[西洋芹菜，美芹],西洋芹菜，美芹,蔬菜类及其制品-嫩茎叶花菜类,17.0,0.6,0.1,4.8,2.2,西芹[西洋芹菜，美芹],西芹[西洋芹菜，美芹]，西洋芹菜，美芹,蔬菜,鲜蔬菜及制品,蔬菜类及其制品-嫩茎叶花菜类,100g,100,g,,,,未明确,,,原始数据库（来源待追溯）,原始导入,未提供,2026-06-25,中,否,否,是,EXT1010,待来源追溯,原始数据保留；新增结构字段为规则化整理结果。,,17,生熟状态未明确
EXT1011,生菜 [叶用莴苣],叶用莴苣,蔬菜类及其制品-嫩茎叶花菜类,12.0,1.6,0.4,1.1,0.0,生菜 [叶用莴苣],生菜 [叶用莴苣]，叶用莴苣,蔬菜,鲜蔬菜及制品,蔬菜类及其制品-嫩茎叶花菜类,100g,100,g,,,,生/鲜,,,原始数据库（来源待追溯）,原始导入,未提供,2026-06-25,中,否,否,是,EXT1011,待来源追溯,原始数据保留；新增结构字段为规则化整理结果。,,12,
EXT1012,油麦菜,莜麦菜，苦菜，油荬菜,蔬菜类及其制品-嫩茎叶花菜类,12.0,1.1,0.4,2.1,0.0,油麦菜,油麦菜，莜麦菜，苦菜，油荬菜,蔬菜,鲜蔬菜及制品,蔬菜类及其制品-嫩茎叶花菜类,100g,100,g,,,,未明确,,,原始数据库（来源待追溯）,原始导入,未提供,2026-06-25,中,否,否,是,EXT1012,待来源追溯,原始数据保留；新增结构字段为规则化整理结果。,,12,生熟状态未明确
EXT1013,叶甜菜 (白梗),,蔬菜类及其制品-嫩茎叶花菜类,13.0,1.6,0.1,2.8,2.2,叶甜菜 (白梗),叶甜菜 (白梗),蔬菜,鲜蔬菜及制品,蔬菜类及其制品-嫩茎叶花菜类,100g,100,g,,,,未明确,,,原始数据库（来源待追溯）,原始导入,未提供,2026-06-25,中,否,否,是,EXT1013,待来源追溯,原始数据保留；新增结构字段为规则化整理结果。,,13,生熟状态未明确
EXT1014,莴笋叶 [莴苣菜],莴苣菜,蔬菜类及其制品-嫩茎叶花菜类,15.0,1.0,0.2,2.9,0.0,莴笋叶 [莴苣菜],莴笋叶 [莴苣菜]，莴苣菜,蔬菜,鲜蔬菜及制品,蔬菜类及其制品-嫩茎叶花菜类,100g,100,g,,,,未明确,,,原始数据库（来源待追溯）,原始导入,未提供,2026-06-25,中,否,否,是,EXT1014,待来源追溯,原始数据保留；新增结构字段为规则化整理结果。,,15,生熟状态未明确
EXT1015,萹菜 [空心菜、藤藤菜],空心菜、藤藤菜,蔬菜类及其制品-嫩茎叶花菜类,19.0,2.2,0.2,4.0,0.0,萹菜 [空心菜、藤藤菜],萹菜 [空心菜、藤藤菜]，空心菜，藤藤菜,蔬菜,鲜蔬菜及制品,蔬菜类及其制品-嫩茎叶花菜类,100g,100,g,,,,未明确,,,原始数据库（来源待追溯）,原始导入,未提供,2026-06-25,中,否,否,是,EXT1015,待来源追溯,原始数据保留；新增结构字段为规则化整理结果。,,19,生熟状态未明确
EXT1016,观达菜 [根达菜、牛皮菜],根达菜、牛皮菜,蔬菜类及其制品-嫩茎叶花菜类,23.0,1.9,0.3,4.5,2.8,观达菜 [根达菜、牛皮菜],观达菜 [根达菜、牛皮菜]，根达菜，牛皮菜,蔬菜,鲜蔬菜及制品,蔬菜类及其制品-嫩茎叶花菜类,100g,100,g,,,,未明确,,,原始数据库（来源待追溯）,原始导入,未提供,2026-06-25,中,否,否,是,EXT1016,待来源追溯,原始数据保留；新增结构字段为规则化整理结果。,,23,生熟状态未明确
EXT1017,球茎茴香 [甜茴香、意大利茴香],甜茴香、意大利茴香,蔬菜类及其制品-嫩茎叶花菜类,17.0,1.2,0.0,4.7,2.2,球茎茴香 [甜茴香、意大利茴香],球茎茴香 [甜茴香、意大利茴香]，甜茴香，意大利茴香,蔬菜,鲜蔬菜及制品,蔬菜类及其制品-嫩茎叶花菜类,100g,100,g,,,,未明确,,,原始数据库（来源待追溯）,原始导入,未提供,2026-06-25,中,否,否,是,EXT1017,待来源追溯,原始数据保留；新增结构字段为规则化整理结果。,,17,生熟状态未明确
EXT1018,竹笋 (鲜),笋，春笋，毛笋，冬笋,蔬菜类及其制品-嫩茎叶花菜类,23.0,2.6,0.2,3.6,1.8,竹笋 (鲜),竹笋 (鲜)，笋，春笋，毛笋，冬笋,蔬菜,鲜蔬菜及制品,蔬菜类及其制品-嫩茎叶花菜类,100g,100,g,,,,生/鲜,,,原始数据库（来源待追溯）,原始导入,未提供,2026-06-25,中,否,否,是,EXT1018,待来源追溯,原始数据保留；新增结构字段为规则化整理结果。,,23,
EXT1019,白笋 (干),,蔬菜类及其制品-嫩茎叶花菜类,282.0,26.0,4.0,57.1,43.2,白笋 (干),白笋 (干),蔬菜,鲜蔬菜及制品,蔬菜类及其制品-嫩茎叶花菜类,100g,100,g,,,,干制,,,原始数据库（来源待追溯）,原始导入,未提供,2026-06-25,中,否,否,是,EXT1019,待来源追溯,原始数据保留；新增结构字段为规则化整理结果。,,282,
EXT1020,鞭笋 (鲜) [马鞭笋],马鞭笋,蔬菜类及其制品-嫩茎叶花菜类,24.0,2.6,0.0,6.7,6.6,鞭笋 (鲜) [马鞭笋],鞭笋 (鲜) [马鞭笋]，马鞭笋,蔬菜,鲜蔬菜及制品,蔬菜类及其制品-嫩茎叶花菜类,100g,100,g,,,,生/鲜,,,原始数据库（来源待追溯）,原始导入,未提供,2026-06-25,中,否,否,是,EXT1020,待来源追溯,原始数据保留；新增结构字段为规则化整理结果。,,24,
EXT1021,春笋 (鲜),,蔬菜类及其制品-嫩茎叶花菜类,25.0,2.4,0.1,5.1,2.8,春笋 (鲜),春笋 (鲜),蔬菜,鲜蔬菜及制品,蔬菜类及其制品-嫩茎叶花菜类,100g,100,g,,,,生/鲜,,,原始数据库（来源待追溯）,原始导入,未提供,2026-06-25,中,否,否,是,EXT1021,待来源追溯,原始数据保留；新增结构字段为规则化整理结果。,,25,
EXT1022,冬笋 (鲜),,蔬菜类及其制品-嫩茎叶花菜类,42.0,4.1,0.1,6.5,0.8,冬笋 (鲜),冬笋 (鲜),蔬菜,鲜蔬菜及制品,蔬菜类及其制品-嫩茎叶花菜类,100g,100,g,,,,生/鲜,,,原始数据库（来源待追溯）,原始导入,未提供,2026-06-25,中,否,否,是,EXT1022,待来源追溯,原始数据保留；新增结构字段为规则化整理结果。,,42,
EXT1023,黑笋 (干),,蔬菜类及其制品-嫩茎叶花菜类,268.0,17.6,2.4,57.5,27.2,黑笋 (干),黑笋 (干),蔬菜,鲜蔬菜及制品,蔬菜类及其制品-嫩茎叶花菜类,100g,100,g,,,,干制,,,原始数据库（来源待追溯）,原始导入,未提供,2026-06-25,中,否,否,是,EXT1023,待来源追溯,原始数据保留；新增结构字段为规则化整理结果。,,268,
EXT1024,毛笋 (鲜) [毛竹笋],毛竹笋,蔬菜类及其制品-嫩茎叶花菜类,23.0,2.2,0.2,3.8,1.3,毛笋 (鲜) [毛竹笋],毛笋 (鲜) [毛竹笋]，毛竹笋,蔬菜,鲜蔬菜及制品,蔬菜类及其制品-嫩茎叶花菜类,100g,100,g,,,,生/鲜,,,原始数据库（来源待追溯）,原始导入,未提供,2026-06-25,中,否,否,是,EXT1024,待来源追溯,原始数据保留；新增结构字段为规则化整理结果。,,23,
EXT1025,玉兰片,,蔬菜类及其制品-嫩茎叶花菜类,66.0,2.6,0.4,18.6,11.3,玉兰片,玉兰片,蔬菜,鲜蔬菜及制品,蔬菜类及其制品-嫩茎叶花菜类,100g,100,g,,,,未明确,,,原始数据库（来源待追溯）,原始导入,未提供,2026-06-25,中,否,否,是,EXT1025,待来源追溯,原始数据保留；新增结构字段为规则化整理结果。,,66,生熟状态未明确
EXT1026,百合 (鲜),百合鳞茎，百合根，野百合,蔬菜类及其制品-嫩茎叶花菜类,166.0,3.2,0.1,38.8,1.7,百合 (鲜),百合 (鲜)，百合鳞茎，百合根，野百合,蔬菜,鲜蔬菜及制品,蔬菜类及其制品-嫩茎叶花菜类,100g,100,g,,,,生/鲜,,,原始数据库（来源待追溯）,原始导入,未提供,2026-06-25,中,否,否,是,EXT1026,待来源追溯,原始数据保留；新增结构字段为规则化整理结果。,,166,
EXT1027,百合 (脱水),百合鳞茎，百合根，野百合,蔬菜类及其制品-嫩茎叶花菜类,346.0,8.1,0.1,79.1,1.7,百合 (脱水),百合 (脱水)，百合鳞茎，百合根，野百合,蔬菜,鲜蔬菜及制品,蔬菜类及其制品-嫩茎叶花菜类,100g,100,g,,,,干制,,,原始数据库（来源待追溯）,原始导入,未提供,2026-06-25,中,否,否,是,EXT1027,待来源追溯,原始数据保留；新增结构字段为规则化整理结果。,,346,
EXT1028,金针菜 (鲜) [黄花菜],黄花菜,蔬菜类及其制品-嫩茎叶花菜类,214.0,19.4,1.4,34.9,7.7,金针菜 (鲜) [黄花菜],金针菜 (鲜) [黄花菜]，黄花菜,蔬菜,鲜蔬菜及制品,蔬菜类及其制品-嫩茎叶花菜类,100g,100,g,,,,生/鲜,,,原始数据库（来源待追溯）,原始导入,未提供,2026-06-25,中,否,否,是,EXT1028,待来源追溯,原始数据保留；新增结构字段为规则化整理结果。,,214,
EXT1029,菊苣,,蔬菜类及其制品-嫩茎叶花菜类,19.0,1.3,0.2,3.4,0.9,菊苣,菊苣,蔬菜,鲜蔬菜及制品,蔬菜类及其制品-嫩茎叶花菜类,100g,100,g,,,,未明确,,,原始数据库（来源待追溯）,原始导入,未提供,2026-06-25,中,否,否,是,EXT1029,待来源追溯,原始数据保留；新增结构字段为规则化整理结果。,,19,生熟状态未明确
EXT1030,芦笋 (绿) [石刁柏、龙须菜],石刁柏、龙须菜,蔬菜类及其制品-嫩茎叶花菜类,19.0,2.6,0.1,3.3,0.0,芦笋 (绿) [石刁柏、龙须菜],芦笋 (绿) [石刁柏、龙须菜]，石刁柏，龙须菜,蔬菜,鲜蔬菜及制品,蔬菜类及其制品-嫩茎叶花菜类,100g,100,g,,,,未明确,,,原始数据库（来源待追溯）,原始导入,未提供,2026-06-25,中,否,否,是,EXT1030,待来源追溯,原始数据保留；新增结构字段为规则化整理结果。,,19,生熟状态未明确
EXT1031,芦笋 (紫),石刁柏，龙须菜，露笋,蔬菜类及其制品-嫩茎叶花菜类,22.0,2.7,0.2,3.4,1.3,芦笋 (紫),芦笋 (紫)，石刁柏，龙须菜，露笋,蔬菜,鲜蔬菜及制品,蔬菜类及其制品-嫩茎叶花菜类,100g,100,g,,,,未明确,,,原始数据库（来源待追溯）,原始导入,未提供,2026-06-25,中,否,否,是,EXT1031,待来源追溯,原始数据保留；新增结构字段为规则化整理结果。,,22,生熟状态未明确
EXT1032,结球菊苣 (红),,蔬菜类及其制品-嫩茎叶花菜类,17.0,1.8,0.2,3.4,0.0,结球菊苣 (红),结球菊苣 (红),蔬菜,鲜蔬菜及制品,蔬菜类及其制品-嫩茎叶花菜类,100g,100,g,,,,未明确,,,原始数据库（来源待追溯）,原始导入,未提供,2026-06-25,中,否,否,是,EXT1032,待来源追溯,原始数据保留；新增结构字段为规则化整理结果。,,17,生熟状态未明确
EXT1033,软化白菊苣,,蔬菜类及其制品-嫩茎叶花菜类,17.0,1.5,0.2,3.1,0.0,软化白菊苣,软化白菊苣,蔬菜,鲜蔬菜及制品,蔬菜类及其制品-嫩茎叶花菜类,100g,100,g,,,,未明确,,,原始数据库（来源待追溯）,原始导入,未提供,2026-06-25,中,否,否,是,EXT1033,待来源追溯,原始数据保留；新增结构字段为规则化整理结果。,,17,生熟状态未明确
EXT1034,穿心莲,,蔬菜类及其制品-嫩茎叶花菜类,17.0,1.7,0.0,2.5,0.0,穿心莲,穿心莲,蔬菜,鲜蔬菜及制品,蔬菜类及其制品-嫩茎叶花菜类,100g,100,g,,,,未明确,,,原始数据库（来源待追溯）,原始导入,未提供,2026-06-25,中,否,否,是,EXT1034,待来源追溯,原始数据保留；新增结构字段为规则化整理结果。,,17,生熟状态未明确
EXT1035,红薯叶,,蔬菜类及其制品-嫩茎叶花菜类,27.0,3.1,0.0,5.1,2.8,红薯叶,红薯叶,蔬菜,鲜蔬菜及制品,蔬菜类及其制品-嫩茎叶花菜类,100g,100,g,,,,未明确,,,原始数据库（来源待追溯）,原始导入,未提供,2026-06-25,中,否,否,是,EXT1035,待来源追溯,原始数据保留；新增结构字段为规则化整理结果。,,27,生熟状态未明确
EXT1036,南瓜藤,倭瓜，番瓜，饭瓜，金瓜,蔬菜类及其制品-嫩茎叶花菜类,17.0,1.7,0.0,3.2,0.0,南瓜藤,南瓜藤，倭瓜，番瓜，饭瓜，金瓜,蔬菜,鲜蔬菜及制品,蔬菜类及其制品-嫩茎叶花菜类,100g,100,g,,,,未明确,,,原始数据库（来源待追溯）,原始导入,未提供,2026-06-25,中,否,否,是,EXT1036,待来源追溯,原始数据保留；新增结构字段为规则化整理结果。,,17,生熟状态未明确
EXT1037,三七尖,,蔬菜类及其制品-嫩茎叶花菜类,21.0,2.3,0.2,4.0,0.0,三七尖,三七尖,蔬菜,鲜蔬菜及制品,蔬菜类及其制品-嫩茎叶花菜类,100g,100,g,,,,未明确,,,原始数据库（来源待追溯）,原始导入,未提供,2026-06-25,中,否,否,是,EXT1037,待来源追溯,原始数据保留；新增结构字段为规则化整理结果。,,21,生熟状态未明确
EXT1038,棠梨花,,蔬菜类及其制品-嫩茎叶花菜类,58.0,3.5,0.8,9.1,0.0,棠梨花,棠梨花,水果,鲜果,蔬菜类及其制品-嫩茎叶花菜类,100g,100,g,,,,未明确,,,原始数据库（来源待追溯）,原始导入,未提供,2026-06-25,中,否,否,是,EXT1038,待来源追溯,原始数据保留；新增结构字段为规则化整理结果。,,58,
EXT1039,洋丝瓜苗,菜瓜，水瓜，天络丝,蔬菜类及其制品-嫩茎叶花菜类,29.0,4.4,0.3,2.2,0.0,洋丝瓜苗,洋丝瓜苗，菜瓜，水瓜，天络丝,蔬菜,鲜蔬菜及制品,蔬菜类及其制品-嫩茎叶花菜类,100g,100,g,,,,未明确,,,原始数据库（来源待追溯）,原始导入,未提供,2026-06-25,中,否,否,是,EXT1039,待来源追溯,原始数据保留；新增结构字段为规则化整理结果。,,29,生熟状态未明确
EXT1040,白萝卜（鲜）[莱菔],莱菔,蔬菜类及其制品-根菜类,16.0,0.7,0.1,4.0,0.0,白萝卜（鲜）[莱菔],白萝卜（鲜）[莱菔]，莱菔,蔬菜,鲜蔬菜及制品,蔬菜类及其制品-根菜类,100g,100,g,,,,生/鲜,,,原始数据库（来源待追溯）,原始导入,未提供,2026-06-25,中,否,否,是,EXT1040,待来源追溯,原始数据保留；新增结构字段为规则化整理结果。,,16,
EXT1041,卞萝卜[红皮萝卜],红皮萝卜,蔬菜类及其制品-根菜类,18.0,0.8,0.1,4.2,1.1,卞萝卜[红皮萝卜],卞萝卜[红皮萝卜]，红皮萝卜,蔬菜,鲜蔬菜及制品,蔬菜类及其制品-根菜类,100g,100,g,,,,未明确,,,原始数据库（来源待追溯）,原始导入,未提供,2026-06-25,中,否,否,是,EXT1041,待来源追溯,原始数据保留；新增结构字段为规则化整理结果。,,18,生熟状态未明确
EXT1042,"红旦旦萝卜[樱桃萝卜,小水萝卜]",樱桃萝卜，小水萝卜,蔬菜类及其制品-根菜类,19.0,0.8,0.0,4.3,0.8,"红旦旦萝卜[樱桃萝卜,小水萝卜]","红旦旦萝卜[樱桃萝卜,小水萝卜]，樱桃萝卜，小水萝卜",水果,鲜果,蔬菜类及其制品-根菜类,100g,100,g,,,,未明确,,,原始数据库（来源待追溯）,原始导入,未提供,2026-06-25,中,否,否,是,EXT1042,待来源追溯,原始数据保留；新增结构字段为规则化整理结果。,,19,
EXT1043,红萝卜[卞萝卜],卞萝卜,蔬菜类及其制品-根菜类,22.0,1.0,0.1,4.6,0.8,红萝卜[卞萝卜],红萝卜[卞萝卜]，卞萝卜,蔬菜,鲜蔬菜及制品,蔬菜类及其制品-根菜类,100g,100,g,,,,未明确,,,原始数据库（来源待追溯）,原始导入,未提供,2026-06-25,中,否,否,是,EXT1043,待来源追溯,原始数据保留；新增结构字段为规则化整理结果。,,22,生熟状态未明确
EXT1044,红心萝卜[心里美],心里美,蔬菜类及其制品-根菜类,41.0,1.2,0.0,9.8,1.4,红心萝卜[心里美],红心萝卜[心里美]，心里美,蔬菜,鲜蔬菜及制品,蔬菜类及其制品-根菜类,100g,100,g,,,,未明确,,,原始数据库（来源待追溯）,原始导入,未提供,2026-06-25,低,否,否,否,EXT1044,同名冲突待核验,原始数据保留；新增结构字段为规则化整理结果。,,41,生熟状态未明确
EXT1045,花叶萝卜,,蔬菜类及其制品-根菜类,48.0,1.2,0.1,11.5,2.1,花叶萝卜,花叶萝卜,蔬菜,鲜蔬菜及制品,蔬菜类及其制品-根菜类,100g,100,g,,,,未明确,,,原始数据库（来源待追溯）,原始导入,未提供,2026-06-25,中,否,否,是,EXT1045,待来源追溯,原始数据保留；新增结构字段为规则化整理结果。,,48,生熟状态未明确
EXT1046,水萝卜[脆萝卜],脆萝卜,蔬菜类及其制品-根菜类,22.0,0.8,0.0,5.5,1.4,水萝卜[脆萝卜],水萝卜[脆萝卜]，脆萝卜,蔬菜,鲜蔬菜及制品,蔬菜类及其制品-根菜类,100g,100,g,,,,未明确,,,原始数据库（来源待追溯）,原始导入,未提供,2026-06-25,中,否,否,是,EXT1046,待来源追溯,原始数据保留；新增结构字段为规则化整理结果。,,22,生熟状态未明确
EXT1047,"小水萝卜[算盘子,红皮萝卜]",算盘子，红皮萝卜,蔬菜类及其制品-根菜类,21.0,1.1,0.2,4.2,1.0,"小水萝卜[算盘子,红皮萝卜]","小水萝卜[算盘子,红皮萝卜]，算盘子，红皮萝卜",蔬菜,鲜蔬菜及制品,蔬菜类及其制品-根菜类,100g,100,g,,,,未明确,,,原始数据库（来源待追溯）,原始导入,未提供,2026-06-25,中,否,否,是,EXT1047,待来源追溯,原始数据保留；新增结构字段为规则化整理结果。,,21,生熟状态未明确
EXT1048,红心萝卜[心里美],心里美,蔬菜类及其制品-根菜类,23.0,0.8,0.2,4.9,0.8,红心萝卜[心里美],红心萝卜[心里美]，心里美,蔬菜,鲜蔬菜及制品,蔬菜类及其制品-根菜类,100g,100,g,,,,未明确,,,原始数据库（来源待追溯）,原始导入,未提供,2026-06-25,低,否,否,否,EXT1048,同名冲突待核验,原始数据保留；新增结构字段为规则化整理结果。,,23,生熟状态未明确
EXT1049,白萝卜（圆）,萝卜，菜头，莱菔,蔬菜类及其制品-根菜类,16.0,0.7,0.2,3.6,1.0,白萝卜（圆）,白萝卜（圆），萝卜，菜头，莱菔,蔬菜,鲜蔬菜及制品,蔬菜类及其制品-根菜类,100g,100,g,,,,未明确,,,原始数据库（来源待追溯）,原始导入,未提供,2026-06-25,中,否,否,是,EXT1049,待来源追溯,原始数据保留；新增结构字段为规则化整理结果。,,16,生熟状态未明确
EXT1050,青萝卜,绿萝卜，心里美,蔬菜类及其制品-根菜类,29.0,1.2,0.2,6.9,0.0,青萝卜,青萝卜，绿萝卜，心里美,蔬菜,鲜蔬菜及制品,蔬菜类及其制品-根菜类,100g,100,g,,,,未明确,,,原始数据库（来源待追溯）,原始导入,未提供,2026-06-25,中,否,否,是,EXT1050,待来源追溯,原始数据保留；新增结构字段为规则化整理结果。,,29,生熟状态未明确
EXT1051,樱桃萝卜,车厘子，莺桃，含桃，荆桃,蔬菜类及其制品-根菜类,12.0,0.9,0.1,3.0,0.0,樱桃萝卜,樱桃萝卜，车厘子，莺桃，含桃，荆桃,水果,鲜果,蔬菜类及其制品-根菜类,100g,100,g,,,,未明确,,,原始数据库（来源待追溯）,原始导入,未提供,2026-06-25,中,否,否,是,EXT1051,待来源追溯,原始数据保留；新增结构字段为规则化整理结果。,,12,
EXT1052,"胡萝卜（红）[金笋,丁香萝卜]",金笋，丁香萝卜,蔬菜类及其制品-根菜类,39.0,1.0,0.2,8.8,1.1,"胡萝卜（红）[金笋,丁香萝卜]","胡萝卜（红）[金笋,丁香萝卜]，金笋，丁香萝卜",蔬菜,鲜蔬菜及制品,蔬菜类及其制品-根菜类,100g,100,g,,,,未明确,,,原始数据库（来源待追溯）,原始导入,未提供,2026-06-25,中,否,否,是,EXT1052,待来源追溯,原始数据保留；新增结构字段为规则化整理结果。,,39,生熟状态未明确
EXT1053,胡萝卜（黄）,黄萝卜，黄甘荀,蔬菜类及其制品-根菜类,46.0,1.4,0.2,10.2,1.3,胡萝卜（黄）,胡萝卜（黄），黄萝卜，黄甘荀,蔬菜,鲜蔬菜及制品,蔬菜类及其制品-根菜类,100g,100,g,,,,未明确,,,原始数据库（来源待追溯）,原始导入,未提供,2026-06-25,中,否,否,是,EXT1053,待来源追溯,原始数据保留；新增结构字段为规则化整理结果。,,46,生熟状态未明确
EXT1054,胡萝卜（脱水）,脱水胡萝卜，胡萝卜干，干甘荀,蔬菜类及其制品-根菜类,333.0,4.2,1.9,77.9,6.4,胡萝卜（脱水）,胡萝卜（脱水），脱水胡萝卜，胡萝卜干，干甘荀,蔬菜,鲜蔬菜及制品,蔬菜类及其制品-根菜类,100g,100,g,,,,干制,,,原始数据库（来源待追溯）,原始导入,未提供,2026-06-25,中,否,否,是,EXT1054,待来源追溯,原始数据保留；新增结构字段为规则化整理结果。,,333,
EXT1055,胡萝卜,红萝卜，甘荀，金笋，丁香萝卜,蔬菜类及其制品-根菜类,32.0,1.0,0.2,8.1,0.0,胡萝卜,胡萝卜，红萝卜，甘荀，金笋，丁香萝卜,蔬菜,鲜蔬菜及制品,蔬菜类及其制品-根菜类,100g,100,g,,,,未明确,,,原始数据库（来源待追溯）,原始导入,未提供,2026-06-25,中,否,否,是,EXT1055,待来源追溯,原始数据保留；新增结构字段为规则化整理结果。,,32,生熟状态未明确
EXT1056,"芥菜头[大头菜,水芥]",大头菜，水芥,蔬菜类及其制品-根菜类,36.0,1.9,0.2,7.4,1.4,"芥菜头[大头菜,水芥]","芥菜头[大头菜,水芥]，大头菜，水芥",蔬菜,鲜蔬菜及制品,蔬菜类及其制品-根菜类,100g,100,g,,,,未明确,,,原始数据库（来源待追溯）,原始导入,未提供,2026-06-25,中,否,否,是,EXT1056,待来源追溯,原始数据保留；新增结构字段为规则化整理结果。,,36,生熟状态未明确
EXT1057,"茼蓝[玉蔓菁,球茎甘蓝,大头菜]",玉蔓菁，球茎甘蓝，大头菜,蔬菜类及其制品-根菜类,32.0,1.3,0.2,7.0,1.3,"茼蓝[玉蔓菁,球茎甘蓝,大头菜]","茼蓝[玉蔓菁,球茎甘蓝,大头菜]，玉蔓菁，球茎甘蓝，大头菜",蔬菜,鲜蔬菜及制品,蔬菜类及其制品-根菜类,100g,100,g,,,,未明确,,,原始数据库（来源待追溯）,原始导入,未提供,2026-06-25,中,否,否,是,EXT1057,待来源追溯,原始数据保留；新增结构字段为规则化整理结果。,,32,生熟状态未明确
EXT1058,"甜菜根（鲜）[甜菜头,糖萝卜]",甜菜头，糖萝卜,蔬菜类及其制品-根菜类,87.0,1.0,0.1,23.5,5.9,"甜菜根（鲜）[甜菜头,糖萝卜]","甜菜根（鲜）[甜菜头,糖萝卜]，甜菜头，糖萝卜",蔬菜,鲜蔬菜及制品,蔬菜类及其制品-根菜类,100g,100,g,,,,生/鲜,,,原始数据库（来源待追溯）,原始导入,未提供,2026-06-25,中,否,否,是,EXT1058,待来源追溯,原始数据保留；新增结构字段为规则化整理结果。,,87,
EXT1059,根芹[根洋芹、球根塘蒿],根洋芹、球根塘蒿,蔬菜类及其制品-根菜类,38.0,2.2,0.1,10.0,4.6,根芹[根洋芹、球根塘蒿],根芹[根洋芹、球根塘蒿]，根洋芹，球根塘蒿,蔬菜,鲜蔬菜及制品,蔬菜类及其制品-根菜类,100g,100,g,,,,未明确,,,原始数据库（来源待追溯）,原始导入,未提供,2026-06-25,中,否,否,是,EXT1059,待来源追溯,原始数据保留；新增结构字段为规则化整理结果。,,38,生熟状态未明确
EXT1060,紫菜头,海苔，索菜，子菜，紫英,蔬菜类及其制品-根菜类,42.0,1.8,0.2,10.6,4.2,紫菜头,紫菜头，海苔，索菜，子菜，紫英,菌藻类,藻类,蔬菜类及其制品-根菜类,100g,100,g,,,,未明确,,,原始数据库（来源待追溯）,原始导入,未提供,2026-06-25,中,否,否,是,EXT1060,待来源追溯,原始数据保留；新增结构字段为规则化整理结果。,,42,
EXT1061,慈姑（鲜）[乌芋，白地果],乌芋，白地果,蔬菜类及其制品-水生蔬菜类,97.0,4.6,0.2,19.9,1.4,慈姑（鲜）[乌芋，白地果],慈姑（鲜）[乌芋，白地果]，乌芋，白地果,蔬菜,鲜蔬菜及制品,蔬菜类及其制品-水生蔬菜类,100g,100,g,,,,生/鲜,,,原始数据库（来源待追溯）,原始导入,未提供,2026-06-25,中,否,否,是,EXT1061,待来源追溯,原始数据保留；新增结构字段为规则化整理结果。,,97,
EXT1062,豆瓣菜（鲜）[西洋菜，水田芥],西洋菜，水田芥,蔬菜类及其制品-水生蔬菜类,20.0,2.9,0.5,1.5,1.2,豆瓣菜（鲜）[西洋菜，水田芥],豆瓣菜（鲜）[西洋菜，水田芥]，西洋菜，水田芥,蔬菜,鲜蔬菜及制品,蔬菜类及其制品-水生蔬菜类,100g,100,g,,,,生/鲜,,,原始数据库（来源待追溯）,原始导入,未提供,2026-06-25,中,否,否,是,EXT1062,待来源追溯,原始数据保留；新增结构字段为规则化整理结果。,,20,
EXT1063,菱角（老，鲜）[龙角],龙角,蔬菜类及其制品-水生蔬菜类,101.0,4.5,0.1,21.4,1.7,菱角（老，鲜）[龙角],菱角（老，鲜）[龙角]，龙角,蔬菜,鲜蔬菜及制品,蔬菜类及其制品-水生蔬菜类,100g,100,g,,,,生/鲜,,,原始数据库（来源待追溯）,原始导入,未提供,2026-06-25,中,否,否,是,EXT1063,待来源追溯,原始数据保留；新增结构字段为规则化整理结果。,,101,
EXT1064,蒲菜（鲜）[香蒲，甘蒲，野茭白],香蒲，甘蒲，野茭白,蔬菜类及其制品-水生蔬菜类,14.0,1.2,0.1,2.4,0.9,蒲菜（鲜）[香蒲，甘蒲，野茭白],蒲菜（鲜）[香蒲，甘蒲，野茭白]，香蒲，甘蒲，野茭白,蔬菜,鲜蔬菜及制品,蔬菜类及其制品-水生蔬菜类,100g,100,g,,,,生/鲜,,,原始数据库（来源待追溯）,原始导入,未提供,2026-06-25,中,否,否,是,EXT1064,待来源追溯,原始数据保留；新增结构字段为规则化整理结果。,,14,
EXT1065,水芹菜,水芹，野芹菜，河芹,蔬菜类及其制品-水生蔬菜类,13.0,1.4,0.2,1.8,0.9,水芹菜,水芹菜，水芹，野芹菜，河芹,蔬菜,鲜蔬菜及制品,蔬菜类及其制品-水生蔬菜类,100g,100,g,,,,未明确,,,原始数据库（来源待追溯）,原始导入,未提供,2026-06-25,中,否,否,是,EXT1065,待来源追溯,原始数据保留；新增结构字段为规则化整理结果。,,13,生熟状态未明确
EXT1066,茭白（鲜）[茭笋，茭粑],茭笋，茭粑,蔬菜类及其制品-水生蔬菜类,26.0,1.2,0.2,5.9,1.9,茭白（鲜）[茭笋，茭粑],茭白（鲜）[茭笋，茭粑]，茭笋，茭粑,蔬菜,鲜蔬菜及制品,蔬菜类及其制品-水生蔬菜类,100g,100,g,,,,生/鲜,,,原始数据库（来源待追溯）,原始导入,未提供,2026-06-25,中,否,否,是,EXT1066,待来源追溯,原始数据保留；新增结构字段为规则化整理结果。,,26,
EXT1067,荸荠（鲜）[马蹄，地栗],马蹄，地栗,蔬菜类及其制品-水生蔬菜类,61.0,1.2,0.2,14.2,1.1,荸荠（鲜）[马蹄，地栗],荸荠（鲜）[马蹄，地栗]，马蹄，地栗,蔬菜,鲜蔬菜及制品,蔬菜类及其制品-水生蔬菜类,100g,100,g,,,,生/鲜,,,原始数据库（来源待追溯）,原始导入,未提供,2026-06-25,中,否,否,是,EXT1067,待来源追溯,原始数据保留；新增结构字段为规则化整理结果。,,61,
EXT1068,莼菜（瓶装）[花案菜],花案菜,蔬菜类及其制品-水生蔬菜类,21.0,1.4,0.1,3.8,0.5,莼菜（瓶装）[花案菜],莼菜（瓶装）[花案菜]，花案菜,蔬菜,鲜蔬菜及制品,蔬菜类及其制品-水生蔬菜类,100g,100,g,,,,未明确,,,原始数据库（来源待追溯）,原始导入,未提供,2026-06-25,中,否,否,是,EXT1068,待来源追溯,原始数据保留；新增结构字段为规则化整理结果。,,21,生熟状态未明确
EXT1069,藕[莲藕],莲藕,蔬菜类及其制品-水生蔬菜类,47.0,1.2,0.2,11.5,2.2,藕[莲藕],藕[莲藕]，莲藕,蔬菜,鲜蔬菜及制品,蔬菜类及其制品-水生蔬菜类,100g,100,g,,,,未明确,,,原始数据库（来源待追溯）,原始导入,未提供,2026-06-25,中,否,否,是,EXT1069,待来源追溯,原始数据保留；新增结构字段为规则化整理结果。,,47,生熟状态未明确
EXT1070,红菱,,蔬菜类及其制品-水生蔬菜类,165.0,5.7,0.3,40.9,0.0,红菱,红菱,蔬菜,鲜蔬菜及制品,蔬菜类及其制品-水生蔬菜类,100g,100,g,,,,未明确,,,原始数据库（来源待追溯）,原始导入,未提供,2026-06-25,中,否,否,是,EXT1070,待来源追溯,原始数据保留；新增结构字段为规则化整理结果。,,165,生熟状态未明确
EXT1071,茄子（代表值）,矮瓜，落苏，昆仑瓜,蔬菜类及其制品-茄果瓜菜类,23.0,1.1,0.2,4.9,1.3,茄子（代表值）,茄子（代表值），矮瓜，落苏，昆仑瓜,蔬菜,鲜蔬菜及制品,蔬菜类及其制品-茄果瓜菜类,100g,100,g,,,,未明确,,,原始数据库（来源待追溯）,原始导入,未提供,2026-06-25,中,否,否,是,EXT1071,待来源追溯,原始数据保留；新增结构字段为规则化整理结果。,,23,生熟状态未明确
EXT1072,茄子（绿皮）,绿茄子，青茄,蔬菜类及其制品-茄果瓜菜类,28.0,1.0,0.6,5.2,1.2,茄子（绿皮）,茄子（绿皮），绿茄子，青茄,蔬菜,鲜蔬菜及制品,蔬菜类及其制品-茄果瓜菜类,100g,100,g,,,,未明确,,,原始数据库（来源待追溯）,原始导入,未提供,2026-06-25,中,否,否,是,EXT1072,待来源追溯,原始数据保留；新增结构字段为规则化整理结果。,,28,生熟状态未明确
EXT1073,茄子（圆）,矮瓜，落苏，昆仑瓜,蔬菜类及其制品-茄果瓜菜类,32.0,1.6,0.2,6.7,1.7,茄子（圆）,茄子（圆），矮瓜，落苏，昆仑瓜,蔬菜,鲜蔬菜及制品,蔬菜类及其制品-茄果瓜菜类,100g,100,g,,,,未明确,,,原始数据库（来源待追溯）,原始导入,未提供,2026-06-25,中,否,否,是,EXT1073,待来源追溯,原始数据保留；新增结构字段为规则化整理结果。,,32,生熟状态未明确
EXT1074,番茄（整个，罐头）,西红柿，洋柿子，番茄，狼桃,蔬菜类及其制品-茄果瓜菜类,22.0,2.0,0.6,2.6,0.8,番茄（整个，罐头）,番茄（整个，罐头），西红柿，洋柿子，番茄，狼桃,蔬菜,鲜蔬菜及制品,蔬菜类及其制品-茄果瓜菜类,100g,100,g,,,,未明确,,,原始数据库（来源待追溯）,原始导入,未提供,2026-06-25,中,否,否,是,EXT1074,待来源追溯,原始数据保留；新增结构字段为规则化整理结果。,,22,生熟状态未明确
EXT1075,奶柿子 [西红柿],西红柿,蔬菜类及其制品-茄果瓜菜类,14.0,0.6,0.1,3.2,0.8,奶柿子 [西红柿],奶柿子 [西红柿]，西红柿,蔬菜,鲜蔬菜及制品,蔬菜类及其制品-茄果瓜菜类,100g,100,g,,,,未明确,,,原始数据库（来源待追溯）,原始导入,未提供,2026-06-25,中,否,否,是,EXT1075,待来源追溯,原始数据保留；新增结构字段为规则化整理结果。,,14,生熟状态未明确
EXT1076,辣椒（红，尖，干）,干辣椒，干红椒,蔬菜类及其制品-茄果瓜菜类,295.0,15.0,12.0,52.7,41.7,辣椒（红，尖，干）,辣椒（红，尖，干），干辣椒，干红椒,蔬菜,鲜蔬菜及制品,蔬菜类及其制品-茄果瓜菜类,100g,100,g,,,,干制,,,原始数据库（来源待追溯）,原始导入,未提供,2026-06-25,中,否,否,是,EXT1076,待来源追溯,原始数据保留；新增结构字段为规则化整理结果。,,295,
EXT1077,辣椒（红，小）,红辣椒，朝天椒，小米辣,蔬菜类及其制品-茄果瓜菜类,38.0,1.3,0.4,8.9,3.2,辣椒（红，小）,辣椒（红，小），红辣椒，朝天椒，小米辣,蔬菜,鲜蔬菜及制品,蔬菜类及其制品-茄果瓜菜类,100g,100,g,,,,未明确,,,原始数据库（来源待追溯）,原始导入,未提供,2026-06-25,中,否,否,是,EXT1077,待来源追溯,原始数据保留；新增结构字段为规则化整理结果。,,38,生熟状态未明确
EXT1078,甜椒（脱水）,柿子椒，灯笼椒，彩椒，圆椒,蔬菜类及其制品-茄果瓜菜类,324.0,7.6,0.4,76.6,8.3,甜椒（脱水）,甜椒（脱水），柿子椒，灯笼椒，彩椒，圆椒,蔬菜,鲜蔬菜及制品,蔬菜类及其制品-茄果瓜菜类,100g,100,g,,,,干制,,,原始数据库（来源待追溯）,原始导入,未提供,2026-06-25,中,否,否,是,EXT1078,待来源追溯,原始数据保留；新增结构字段为规则化整理结果。,,324,
EXT1079,葫子,瓠瓜，夜开花，蒲瓜，扁蒲,蔬菜类及其制品-茄果瓜菜类,29.0,0.7,0.1,6.8,0.9,葫子,葫子，瓠瓜，夜开花，蒲瓜，扁蒲,蔬菜,鲜蔬菜及制品,蔬菜类及其制品-茄果瓜菜类,100g,100,g,,,,未明确,,,原始数据库（来源待追溯）,原始导入,未提供,2026-06-25,中,否,否,是,EXT1079,待来源追溯,原始数据保留；新增结构字段为规则化整理结果。,,29,生熟状态未明确
EXT1080,茄子（白皮、长）,矮瓜，落苏，昆仑瓜,蔬菜类及其制品-茄果瓜菜类,21.0,1.3,0.1,5.5,0.0,茄子（白皮、长）,茄子（白皮、长），矮瓜，落苏，昆仑瓜,蔬菜,鲜蔬菜及制品,蔬菜类及其制品-茄果瓜菜类,100g,100,g,,,,未明确,,,原始数据库（来源待追溯）,原始导入,未提供,2026-06-25,中,否,否,是,EXT1080,待来源追溯,原始数据保留；新增结构字段为规则化整理结果。,,21,生熟状态未明确
EXT1081,茄子（紫皮、长）,矮瓜，落苏，昆仑瓜,蔬菜类及其制品-茄果瓜菜类,18.0,1.1,0.1,4.8,0.0,茄子（紫皮、长）,茄子（紫皮、长），矮瓜，落苏，昆仑瓜,蔬菜,鲜蔬菜及制品,蔬菜类及其制品-茄果瓜菜类,100g,100,g,,,,未明确,,,原始数据库（来源待追溯）,原始导入,未提供,2026-06-25,中,否,否,是,EXT1081,待来源追溯,原始数据保留；新增结构字段为规则化整理结果。,,18,生熟状态未明确
EXT1082,茄子（紫皮、圆）,矮瓜，落苏，昆仑瓜,蔬菜类及其制品-茄果瓜菜类,23.0,0.8,0.2,5.3,0.0,茄子（紫皮、圆）,茄子（紫皮、圆），矮瓜，落苏，昆仑瓜,蔬菜,鲜蔬菜及制品,蔬菜类及其制品-茄果瓜菜类,100g,100,g,,,,未明确,,,原始数据库（来源待追溯）,原始导入,未提供,2026-06-25,中,否,否,是,EXT1082,待来源追溯,原始数据保留；新增结构字段为规则化整理结果。,,23,生熟状态未明确
EXT1083,香瓜茄,甜瓜，甘瓜，果瓜,蔬菜类及其制品-茄果瓜菜类,21.0,0.6,0.0,5.5,0.6,香瓜茄,香瓜茄，甜瓜，甘瓜，果瓜,蔬菜,鲜蔬菜及制品,蔬菜类及其制品-茄果瓜菜类,100g,100,g,,,,未明确,,,原始数据库（来源待追溯）,原始导入,未提供,2026-06-25,中,否,否,是,EXT1083,待来源追溯,原始数据保留；新增结构字段为规则化整理结果。,,21,生熟状态未明确
EXT1084,番茄 [西红柿],西红柿,蔬菜类及其制品-茄果瓜菜类,15.0,0.9,0.2,3.3,0.0,番茄 [西红柿],番茄 [西红柿]，西红柿,蔬菜,鲜蔬菜及制品,蔬菜类及其制品-茄果瓜菜类,100g,100,g,,,,未明确,,,原始数据库（来源待追溯）,原始导入,未提供,2026-06-25,中,否,否,是,EXT1084,待来源追溯,原始数据保留；新增结构字段为规则化整理结果。,,15,生熟状态未明确
EXT1085,樱桃番茄 [小西红柿],小西红柿,蔬菜类及其制品-茄果瓜菜类,25.0,1.0,0.2,5.8,0.0,樱桃番茄 [小西红柿],樱桃番茄 [小西红柿]，小西红柿,水果,鲜果,蔬菜类及其制品-茄果瓜菜类,100g,100,g,,,,未明确,,,原始数据库（来源待追溯）,原始导入,未提供,2026-06-25,中,否,否,是,EXT1085,待来源追溯,原始数据保留；新增结构字段为规则化整理结果。,,25,
EXT1086,辣椒（小红尖辣椒）,,蔬菜类及其制品-茄果瓜菜类,62.0,4.1,0.4,17.7,11.8,辣椒（小红尖辣椒）,辣椒（小红尖辣椒）,蔬菜,鲜蔬菜及制品,蔬菜类及其制品-茄果瓜菜类,100g,100,g,,,,未明确,,,原始数据库（来源待追溯）,原始导入,未提供,2026-06-25,中,否,否,是,EXT1086,待来源追溯,原始数据保留；新增结构字段为规则化整理结果。,,62,生熟状态未明确
EXT1087,辣椒（小红尖辣椒、干）,,蔬菜类及其制品-茄果瓜菜类,298.0,15.4,12.0,57.4,0.0,辣椒（小红尖辣椒、干）,辣椒（小红尖辣椒、干）,蔬菜,鲜蔬菜及制品,蔬菜类及其制品-茄果瓜菜类,100g,100,g,,,,干制,,,原始数据库（来源待追溯）,原始导入,未提供,2026-06-25,中,否,否,是,EXT1087,待来源追溯,原始数据保留；新增结构字段为规则化整理结果。,,298,
EXT1088,辣椒（青、尖）,,蔬菜类及其制品-茄果瓜菜类,22.0,0.8,0.3,5.2,0.0,辣椒（青、尖）,辣椒（青、尖）,蔬菜,鲜蔬菜及制品,蔬菜类及其制品-茄果瓜菜类,100g,100,g,,,,未明确,,,原始数据库（来源待追溯）,原始导入,未提供,2026-06-25,中,否,否,是,EXT1088,待来源追溯,原始数据保留；新增结构字段为规则化整理结果。,,22,生熟状态未明确
EXT1089,甜椒 [灯笼椒、柿子椒],灯笼椒、柿子椒,蔬菜类及其制品-茄果瓜菜类,18.0,1.0,0.2,3.8,0.0,甜椒 [灯笼椒、柿子椒],甜椒 [灯笼椒、柿子椒]，灯笼椒，柿子椒,蔬菜,鲜蔬菜及制品,蔬菜类及其制品-茄果瓜菜类,100g,100,g,,,,未明确,,,原始数据库（来源待追溯）,原始导入,未提供,2026-06-25,中,否,否,是,EXT1089,待来源追溯,原始数据保留；新增结构字段为规则化整理结果。,,18,生熟状态未明确
EXT1090,彩椒,,蔬菜类及其制品-茄果瓜菜类,26.0,1.3,0.2,6.4,0.0,彩椒,彩椒,蔬菜,鲜蔬菜及制品,蔬菜类及其制品-茄果瓜菜类,100g,100,g,,,,未明确,,,原始数据库（来源待追溯）,原始导入,未提供,2026-06-25,中,否,否,是,EXT1090,待来源追溯,原始数据保留；新增结构字段为规则化整理结果。,,26,生熟状态未明确
EXT1091,秋葵 [黄秋葵、羊角豆],黄秋葵、羊角豆,蔬菜类及其制品-茄果瓜菜类,25.0,1.8,0.2,6.2,1.8,秋葵 [黄秋葵、羊角豆],秋葵 [黄秋葵、羊角豆]，黄秋葵，羊角豆,蔬菜,鲜蔬菜及制品,蔬菜类及其制品-茄果瓜菜类,100g,100,g,,,,未明确,,,原始数据库（来源待追溯）,原始导入,未提供,2026-06-25,中,否,否,是,EXT1091,待来源追溯,原始数据保留；新增结构字段为规则化整理结果。,,25,生熟状态未明确
EXT1092,白瓜,,蔬菜类及其制品-茄果瓜菜类,12.0,0.9,0.0,2.6,0.9,白瓜,白瓜,蔬菜,鲜蔬菜及制品,蔬菜类及其制品-茄果瓜菜类,100g,100,g,,,,未明确,,,原始数据库（来源待追溯）,原始导入,未提供,2026-06-25,中,否,否,是,EXT1092,待来源追溯,原始数据保留；新增结构字段为规则化整理结果。,,12,生熟状态未明确
EXT1093,菜瓜 [生瓜，白瓜],生瓜，白瓜,蔬菜类及其制品-茄果瓜菜类,19.0,0.6,0.2,3.9,0.4,菜瓜 [生瓜，白瓜],菜瓜 [生瓜，白瓜]，生瓜，白瓜,蔬菜,鲜蔬菜及制品,蔬菜类及其制品-茄果瓜菜类,100g,100,g,,,,生/鲜,,,原始数据库（来源待追溯）,原始导入,未提供,2026-06-25,中,否,否,是,EXT1093,待来源追溯,原始数据保留；新增结构字段为规则化整理结果。,,19,
EXT1094,方瓜,,蔬菜类及其制品-茄果瓜菜类,14.0,0.8,0.0,3.1,0.6,方瓜,方瓜,蔬菜,鲜蔬菜及制品,蔬菜类及其制品-茄果瓜菜类,100g,100,g,,,,未明确,,,原始数据库（来源待追溯）,原始导入,未提供,2026-06-25,中,否,否,是,EXT1094,待来源追溯,原始数据保留；新增结构字段为规则化整理结果。,,14,生熟状态未明确
EXT1095,佛手瓜 [棒瓜，菜香梨],棒瓜，菜香梨,蔬菜类及其制品-茄果瓜菜类,18.0,1.2,0.1,3.8,1.2,佛手瓜 [棒瓜，菜香梨],佛手瓜 [棒瓜，菜香梨]，棒瓜，菜香梨,水果,鲜果,蔬菜类及其制品-茄果瓜菜类,100g,100,g,,,,未明确,,,原始数据库（来源待追溯）,原始导入,未提供,2026-06-25,中,否,否,是,EXT1095,待来源追溯,原始数据保留；新增结构字段为规则化整理结果。,,18,
EXT1096,葫芦 [长瓜，蒲瓜，瓠瓜],长瓜，蒲瓜，瓠瓜,蔬菜类及其制品-茄果瓜菜类,16.0,0.7,0.1,3.5,0.8,葫芦 [长瓜，蒲瓜，瓠瓜],葫芦 [长瓜，蒲瓜，瓠瓜]，长瓜，蒲瓜，瓠瓜,蔬菜,鲜蔬菜及制品,蔬菜类及其制品-茄果瓜菜类,100g,100,g,,,,未明确,,,原始数据库（来源待追溯）,原始导入,未提供,2026-06-25,中,否,否,是,EXT1096,待来源追溯,原始数据保留；新增结构字段为规则化整理结果。,,16,生熟状态未明确
EXT1097,葫芦条（干）,,蔬菜类及其制品-茄果瓜菜类,256.0,4.3,1.8,64.6,18.1,葫芦条（干）,葫芦条（干）,蔬菜,鲜蔬菜及制品,蔬菜类及其制品-茄果瓜菜类,100g,100,g,,,,干制,,,原始数据库（来源待追溯）,原始导入,未提供,2026-06-25,中,否,否,是,EXT1097,待来源追溯,原始数据保留；新增结构字段为规则化整理结果。,,256,
EXT1098,黄瓜（鲜）[胡瓜],胡瓜,蔬菜类及其制品-茄果瓜菜类,16.0,0.8,0.2,2.9,0.5,黄瓜（鲜）[胡瓜],黄瓜（鲜）[胡瓜]，胡瓜,蔬菜,鲜蔬菜及制品,蔬菜类及其制品-茄果瓜菜类,100g,100,g,,,,生/鲜,,,原始数据库（来源待追溯）,原始导入,未提供,2026-06-25,中,否,否,是,EXT1098,待来源追溯,原始数据保留；新增结构字段为规则化整理结果。,,16,
EXT1099,节瓜 [毛瓜],毛瓜,蔬菜类及其制品-茄果瓜菜类,14.0,0.6,0.1,3.4,1.2,节瓜 [毛瓜],节瓜 [毛瓜]，毛瓜,蔬菜,鲜蔬菜及制品,蔬菜类及其制品-茄果瓜菜类,100g,100,g,,,,未明确,,,原始数据库（来源待追溯）,原始导入,未提供,2026-06-25,中,否,否,是,EXT1099,待来源追溯,原始数据保留；新增结构字段为规则化整理结果。,,14,生熟状态未明确
EXT1100,金瓜,,蔬菜类及其制品-茄果瓜菜类,15.0,0.5,0.1,3.4,0.7,金瓜,金瓜,蔬菜,鲜蔬菜及制品,蔬菜类及其制品-茄果瓜菜类,100g,100,g,,,,未明确,,,原始数据库（来源待追溯）,原始导入,未提供,2026-06-25,中,否,否,是,EXT1100,待来源追溯,原始数据保留；新增结构字段为规则化整理结果。,,15,生熟状态未明确
EXT1101,金丝瓜 [裸瓣瓜],裸瓣瓜,蔬菜类及其制品-茄果瓜菜类,38.0,3.3,2.0,2.2,0.8,金丝瓜 [裸瓣瓜],金丝瓜 [裸瓣瓜]，裸瓣瓜,蔬菜,鲜蔬菜及制品,蔬菜类及其制品-茄果瓜菜类,100g,100,g,,,,未明确,,,原始数据库（来源待追溯）,原始导入,未提供,2026-06-25,中,否,否,是,EXT1101,待来源追溯,原始数据保留；新增结构字段为规则化整理结果。,,38,生熟状态未明确
EXT1102,苦瓜（鲜）[凉瓜，癞瓜],凉瓜，癞瓜,蔬菜类及其制品-茄果瓜菜类,22.0,1.0,0.1,4.9,1.4,苦瓜（鲜）[凉瓜，癞瓜],苦瓜（鲜）[凉瓜，癞瓜]，凉瓜，癞瓜,蔬菜,鲜蔬菜及制品,蔬菜类及其制品-茄果瓜菜类,100g,100,g,,,,生/鲜,,,原始数据库（来源待追溯）,原始导入,未提供,2026-06-25,中,否,否,是,EXT1102,待来源追溯,原始数据保留；新增结构字段为规则化整理结果。,,22,
EXT1103,南瓜（鲜）[倭瓜，番瓜],倭瓜，番瓜,蔬菜类及其制品-茄果瓜菜类,23.0,0.7,0.1,5.3,0.8,南瓜（鲜）[倭瓜，番瓜],南瓜（鲜）[倭瓜，番瓜]，倭瓜，番瓜,蔬菜,鲜蔬菜及制品,蔬菜类及其制品-茄果瓜菜类,100g,100,g,,,,生/鲜,,,原始数据库（来源待追溯）,原始导入,未提供,2026-06-25,中,否,否,是,EXT1103,待来源追溯,原始数据保留；新增结构字段为规则化整理结果。,,23,
EXT1104,南瓜粉,倭瓜，番瓜，饭瓜，金瓜,蔬菜类及其制品-茄果瓜菜类,343.0,7.1,2.1,79.6,11.5,南瓜粉,南瓜粉，倭瓜，番瓜，饭瓜，金瓜,蔬菜,鲜蔬菜及制品,蔬菜类及其制品-茄果瓜菜类,100g,100,g,,,,未明确,,,原始数据库（来源待追溯）,原始导入,未提供,2026-06-25,中,否,否,是,EXT1104,待来源追溯,原始数据保留；新增结构字段为规则化整理结果。,,343,生熟状态未明确
EXT1105,蛇瓜 [蛇豆，大豆角],蛇豆，大豆角,蔬菜类及其制品-茄果瓜菜类,18.0,1.5,0.1,3.9,2.0,蛇瓜 [蛇豆，大豆角],蛇瓜 [蛇豆，大豆角]，蛇豆，大豆角,蔬菜,鲜蔬菜及制品,蔬菜类及其制品-茄果瓜菜类,100g,100,g,,,,未明确,,,原始数据库（来源待追溯）,原始导入,未提供,2026-06-25,中,否,否,是,EXT1105,待来源追溯,原始数据保留；新增结构字段为规则化整理结果。,,18,生熟状态未明确
EXT1106,笋瓜 [生瓜],生瓜,蔬菜类及其制品-茄果瓜菜类,13.0,0.5,0.0,3.1,0.7,笋瓜 [生瓜],笋瓜 [生瓜]，生瓜,蔬菜,鲜蔬菜及制品,蔬菜类及其制品-茄果瓜菜类,100g,100,g,,,,生/鲜,,,原始数据库（来源待追溯）,原始导入,未提供,2026-06-25,中,否,否,是,EXT1106,待来源追溯,原始数据保留；新增结构字段为规则化整理结果。,,13,
EXT1107,西葫芦,角瓜，白瓜，美洲南瓜，夏南瓜,蔬菜类及其制品-茄果瓜菜类,19.0,0.8,0.2,3.8,0.6,西葫芦,西葫芦，角瓜，白瓜，美洲南瓜，夏南瓜,蔬菜,鲜蔬菜及制品,蔬菜类及其制品-茄果瓜菜类,100g,100,g,,,,未明确,,,原始数据库（来源待追溯）,原始导入,未提供,2026-06-25,中,否,否,是,EXT1107,待来源追溯,原始数据保留；新增结构字段为规则化整理结果。,,19,生熟状态未明确
EXT1108,面西胡瓜,,蔬菜类及其制品-茄果瓜菜类,10.0,0.8,0.0,1.8,0.0,面西胡瓜,面西胡瓜,蔬菜,鲜蔬菜及制品,蔬菜类及其制品-茄果瓜菜类,100g,100,g,,,,未明确,,,原始数据库（来源待追溯）,原始导入,未提供,2026-06-25,中,否,否,是,EXT1108,待来源追溯,原始数据保留；新增结构字段为规则化整理结果。,,10,生熟状态未明确
EXT1109,小西胡瓜,,蔬菜类及其制品-茄果瓜菜类,22.0,0.7,0.1,4.8,0.0,小西胡瓜,小西胡瓜,蔬菜,鲜蔬菜及制品,蔬菜类及其制品-茄果瓜菜类,100g,100,g,,,,未明确,,,原始数据库（来源待追溯）,原始导入,未提供,2026-06-25,中,否,否,是,EXT1109,待来源追溯,原始数据保留；新增结构字段为规则化整理结果。,,22,生熟状态未明确
EXT1110,冬瓜,白瓜，枕瓜，水芝,蔬菜类及其制品-茄果瓜菜类,10.0,0.3,0.2,2.4,0.0,冬瓜,冬瓜，白瓜，枕瓜，水芝,蔬菜,鲜蔬菜及制品,蔬菜类及其制品-茄果瓜菜类,100g,100,g,,,,未明确,,,原始数据库（来源待追溯）,原始导入,未提供,2026-06-25,中,否,否,是,EXT1110,待来源追溯,原始数据保留；新增结构字段为规则化整理结果。,,10,生熟状态未明确
EXT1111,飞碟瓜,,蔬菜类及其制品-茄果瓜菜类,18.0,1.0,0.1,4.4,1.6,飞碟瓜,飞碟瓜,蔬菜,鲜蔬菜及制品,蔬菜类及其制品-茄果瓜菜类,100g,100,g,,,,未明确,,,原始数据库（来源待追溯）,原始导入,未提供,2026-06-25,中,否,否,是,EXT1111,待来源追溯,原始数据保留；新增结构字段为规则化整理结果。,,18,生熟状态未明确
EXT1112,黄金西葫芦,角瓜，白瓜，美洲南瓜，夏南瓜,蔬菜类及其制品-茄果瓜菜类,17.0,1.8,0.1,3.6,0.0,黄金西葫芦,黄金西葫芦，角瓜，白瓜，美洲南瓜，夏南瓜,蔬菜,鲜蔬菜及制品,蔬菜类及其制品-茄果瓜菜类,100g,100,g,,,,未明确,,,原始数据库（来源待追溯）,原始导入,未提供,2026-06-25,中,否,否,是,EXT1112,待来源追溯,原始数据保留；新增结构字段为规则化整理结果。,,17,生熟状态未明确
EXT1113,黄茎瓜 [小南瓜],小南瓜,蔬菜类及其制品-茄果瓜菜类,19.0,1.2,0.9,2.0,0.7,黄茎瓜 [小南瓜],黄茎瓜 [小南瓜]，小南瓜,蔬菜,鲜蔬菜及制品,蔬菜类及其制品-茄果瓜菜类,100g,100,g,,,,未明确,,,原始数据库（来源待追溯）,原始导入,未提供,2026-06-25,中,否,否,是,EXT1113,待来源追溯,原始数据保留；新增结构字段为规则化整理结果。,,19,生熟状态未明确
EXT1114,迷你黄瓜 [荷兰乳黄瓜],荷兰乳黄瓜,蔬菜类及其制品-茄果瓜菜类,14.0,1.0,0.2,2.5,0.0,迷你黄瓜 [荷兰乳黄瓜],迷你黄瓜 [荷兰乳黄瓜]，荷兰乳黄瓜,蔬菜,鲜蔬菜及制品,蔬菜类及其制品-茄果瓜菜类,100g,100,g,,,,未明确,,,原始数据库（来源待追溯）,原始导入,未提供,2026-06-25,中,否,否,是,EXT1114,待来源追溯,原始数据保留；新增结构字段为规则化整理结果。,,14,生熟状态未明确
EXT1115,秋黄瓜 [旱黄瓜],旱黄瓜,蔬菜类及其制品-茄果瓜菜类,14.0,0.9,0.2,2.5,0.0,秋黄瓜 [旱黄瓜],秋黄瓜 [旱黄瓜]，旱黄瓜,蔬菜,鲜蔬菜及制品,蔬菜类及其制品-茄果瓜菜类,100g,100,g,,,,未明确,,,原始数据库（来源待追溯）,原始导入,未提供,2026-06-25,中,否,否,是,EXT1115,待来源追溯,原始数据保留；新增结构字段为规则化整理结果。,,14,生熟状态未明确
EXT1116,南瓜 (栗面),倭瓜，番瓜，饭瓜，金瓜,蔬菜类及其制品-茄果瓜菜类,36.0,1.4,0.1,8.8,2.6,南瓜 (栗面),南瓜 (栗面)，倭瓜，番瓜，饭瓜，金瓜,蔬菜,鲜蔬菜及制品,蔬菜类及其制品-茄果瓜菜类,100g,100,g,,,,未明确,,,原始数据库（来源待追溯）,原始导入,未提供,2026-06-25,中,否,否,是,EXT1116,待来源追溯,原始数据保留；新增结构字段为规则化整理结果。,,36,生熟状态未明确
EXT1117,丝瓜,菜瓜，水瓜，天络丝,蔬菜类及其制品-茄果瓜菜类,20.0,1.3,0.2,4.0,0.0,丝瓜,丝瓜，菜瓜，水瓜，天络丝,蔬菜,鲜蔬菜及制品,蔬菜类及其制品-茄果瓜菜类,100g,100,g,,,,未明确,,,原始数据库（来源待追溯）,原始导入,未提供,2026-06-25,中,否,否,是,EXT1117,待来源追溯,原始数据保留；新增结构字段为规则化整理结果。,,20,生熟状态未明确
EXT1118,大蒜（白皮，鲜）[蒜头],蒜头,蔬菜类及其制品-葱蒜类,128.0,4.5,0.2,27.6,1.1,大蒜（白皮，鲜）[蒜头],大蒜（白皮，鲜）[蒜头]，蒜头,蔬菜,鲜蔬菜及制品,蔬菜类及其制品-葱蒜类,100g,100,g,,,,生/鲜,,,原始数据库（来源待追溯）,原始导入,未提供,2026-06-25,中,否,否,是,EXT1118,待来源追溯,原始数据保留；新增结构字段为规则化整理结果。,,128,
EXT1119,大蒜（脱水）,脱水大蒜，蒜干，干蒜片,蔬菜类及其制品-葱蒜类,348.0,13.2,0.3,75.4,4.5,大蒜（脱水）,大蒜（脱水），脱水大蒜，蒜干，干蒜片,蔬菜,鲜蔬菜及制品,蔬菜类及其制品-葱蒜类,100g,100,g,,,,干制,,,原始数据库（来源待追溯）,原始导入,未提供,2026-06-25,中,否,否,是,EXT1119,待来源追溯,原始数据保留；新增结构字段为规则化整理结果。,,348,
EXT1120,大蒜（紫皮，鲜）[蒜头],蒜头,蔬菜类及其制品-葱蒜类,139.0,5.2,0.2,29.6,1.2,大蒜（紫皮，鲜）[蒜头],大蒜（紫皮，鲜）[蒜头]，蒜头,蔬菜,鲜蔬菜及制品,蔬菜类及其制品-葱蒜类,100g,100,g,,,,生/鲜,,,原始数据库（来源待追溯）,原始导入,未提供,2026-06-25,中,否,否,是,EXT1120,待来源追溯,原始数据保留；新增结构字段为规则化整理结果。,,139,
EXT1121,青蒜（青葱）,,蔬菜类及其制品-葱蒜类,34.0,2.4,0.3,6.2,1.7,青蒜（青葱）,青蒜（青葱）,蔬菜,鲜蔬菜及制品,蔬菜类及其制品-葱蒜类,100g,100,g,,,,未明确,,,原始数据库（来源待追溯）,原始导入,未提供,2026-06-25,中,否,否,是,EXT1121,待来源追溯,原始数据保留；新增结构字段为规则化整理结果。,,34,生熟状态未明确
EXT1122,蒜黄（黄色）,软化大蒜，黄蒜,蔬菜类及其制品-葱蒜类,24.0,2.5,0.2,3.8,1.4,蒜黄（黄色）,蒜黄（黄色），软化大蒜，黄蒜,蔬菜,鲜蔬菜及制品,蔬菜类及其制品-葱蒜类,100g,100,g,,,,未明确,,,原始数据库（来源待追溯）,原始导入,未提供,2026-06-25,中,否,否,是,EXT1122,待来源追溯,原始数据保留；新增结构字段为规则化整理结果。,,24,生熟状态未明确
EXT1123,蒜苗（绿色，青蒜）,青蒜，蒜薹,蔬菜类及其制品-葱蒜类,40.0,2.1,0.4,8.0,1.8,蒜苗（绿色，青蒜）,蒜苗（绿色，青蒜），青蒜，蒜薹,蔬菜,鲜蔬菜及制品,蔬菜类及其制品-葱蒜类,100g,100,g,,,,未明确,,,原始数据库（来源待追溯）,原始导入,未提供,2026-06-25,中,否,否,是,EXT1123,待来源追溯,原始数据保留；新增结构字段为规则化整理结果。,,40,生熟状态未明确
EXT1124,蒜薹（圆）,蒜毫，蒜苗,蔬菜类及其制品-葱蒜类,66.0,2.0,0.1,15.4,2.5,蒜薹（圆）,蒜薹（圆），蒜毫，蒜苗,蔬菜,鲜蔬菜及制品,蔬菜类及其制品-葱蒜类,100g,100,g,,,,未明确,,,原始数据库（来源待追溯）,原始导入,未提供,2026-06-25,中,否,否,是,EXT1124,待来源追溯,原始数据保留；新增结构字段为规则化整理结果。,,66,生熟状态未明确
EXT1125,大葱（红皮）,葱，青葱，京葱,蔬菜类及其制品-葱蒜类,49.0,2.4,0.1,10.2,1.3,大葱（红皮）,大葱（红皮），葱，青葱，京葱,蔬菜,鲜蔬菜及制品,蔬菜类及其制品-葱蒜类,100g,100,g,,,,未明确,,,原始数据库（来源待追溯）,原始导入,未提供,2026-06-25,中,否,否,是,EXT1125,待来源追溯,原始数据保留；新增结构字段为规则化整理结果。,,49,生熟状态未明确
EXT1126,分葱[四季葱，菜葱],四季葱，菜葱,蔬菜类及其制品-葱蒜类,34.0,2.2,0.7,5.1,0.7,分葱[四季葱，菜葱],分葱[四季葱，菜葱]，四季葱，菜葱,蔬菜,鲜蔬菜及制品,蔬菜类及其制品-葱蒜类,100g,100,g,,,,未明确,,,原始数据库（来源待追溯）,原始导入,未提供,2026-06-25,中,否,否,是,EXT1126,待来源追溯,原始数据保留；新增结构字段为规则化整理结果。,,34,生熟状态未明确
EXT1127,葱（小葱，鲜）,大葱，青葱，香葱,蔬菜类及其制品-葱蒜类,27.0,1.6,0.4,4.9,1.4,葱（小葱，鲜）,葱（小葱，鲜），大葱，青葱，香葱,蔬菜,鲜蔬菜及制品,蔬菜类及其制品-葱蒜类,100g,100,g,,,,生/鲜,,,原始数据库（来源待追溯）,原始导入,未提供,2026-06-25,中,否,否,是,EXT1127,待来源追溯,原始数据保留；新增结构字段为规则化整理结果。,,27,
EXT1128,大葱,葱，青葱，京葱,蔬菜类及其制品-葱蒜类,28.0,1.6,0.3,5.8,2.2,大葱,大葱，葱，青葱，京葱,蔬菜,鲜蔬菜及制品,蔬菜类及其制品-葱蒜类,100g,100,g,,,,未明确,,,原始数据库（来源待追溯）,原始导入,未提供,2026-06-25,中,否,否,是,EXT1128,待来源追溯,原始数据保留；新增结构字段为规则化整理结果。,,28,生熟状态未明确
EXT1129,细香葱[香葱，四季葱],香葱，四季葱,蔬菜类及其制品-葱蒜类,28.0,1.4,0.3,6.6,0.0,细香葱[香葱，四季葱],细香葱[香葱，四季葱]，香葱，四季葱,蔬菜,鲜蔬菜及制品,蔬菜类及其制品-葱蒜类,100g,100,g,,,,未明确,,,原始数据库（来源待追溯）,原始导入,未提供,2026-06-25,中,否,否,是,EXT1129,待来源追溯,原始数据保留；新增结构字段为规则化整理结果。,,28,生熟状态未明确
EXT1130,洋葱（鲜）[葱头],葱头,蔬菜类及其制品-葱蒜类,40.0,1.1,0.2,9.0,0.9,洋葱（鲜）[葱头],洋葱（鲜）[葱头]，葱头,蔬菜,鲜蔬菜及制品,蔬菜类及其制品-葱蒜类,100g,100,g,,,,生/鲜,,,原始数据库（来源待追溯）,原始导入,未提供,2026-06-25,中,否,否,是,EXT1130,待来源追溯,原始数据保留；新增结构字段为规则化整理结果。,,40,
EXT1131,洋葱（白皮，脱水）,圆葱，葱头，洋葱头，皮牙子,蔬菜类及其制品-葱蒜类,342.0,5.5,0.4,81.9,5.7,洋葱（白皮，脱水）,洋葱（白皮，脱水），圆葱，葱头，洋葱头，皮牙子,蔬菜,鲜蔬菜及制品,蔬菜类及其制品-葱蒜类,100g,100,g,,,,干制,,,原始数据库（来源待追溯）,原始导入,未提供,2026-06-25,中,否,否,是,EXT1131,待来源追溯,原始数据保留；新增结构字段为规则化整理结果。,,342,
EXT1132,洋葱（紫皮，脱水）,圆葱，葱头，洋葱头，皮牙子,蔬菜类及其制品-葱蒜类,339.0,6.9,0.4,80.6,7.5,洋葱（紫皮，脱水）,洋葱（紫皮，脱水），圆葱，葱头，洋葱头，皮牙子,蔬菜,鲜蔬菜及制品,蔬菜类及其制品-葱蒜类,100g,100,g,,,,干制,,,原始数据库（来源待追溯）,原始导入,未提供,2026-06-25,中,否,否,是,EXT1132,待来源追溯,原始数据保留；新增结构字段为规则化整理结果。,,339,
EXT1133,韭黄（韭芽，黄色）,韭菜芽，韭芽，黄韭,蔬菜类及其制品-葱蒜类,24.0,2.3,0.2,3.9,1.2,韭黄（韭芽，黄色）,韭黄（韭芽，黄色），韭菜芽，韭芽，黄韭,蔬菜,鲜蔬菜及制品,蔬菜类及其制品-葱蒜类,100g,100,g,,,,未明确,,,原始数据库（来源待追溯）,原始导入,未提供,2026-06-25,中,否,否,是,EXT1133,待来源追溯,原始数据保留；新增结构字段为规则化整理结果。,,24,生熟状态未明确
EXT1134,韭薹,,蔬菜类及其制品-葱蒜类,37.0,2.2,0.1,7.8,1.9,韭薹,韭薹,蔬菜,鲜蔬菜及制品,蔬菜类及其制品-葱蒜类,100g,100,g,,,,未明确,,,原始数据库（来源待追溯）,原始导入,未提供,2026-06-25,中,否,否,是,EXT1134,待来源追溯,原始数据保留；新增结构字段为规则化整理结果。,,37,生熟状态未明确
EXT1135,韭菜,扁菜，起阳草，壮阳草，懒人菜,蔬菜类及其制品-葱蒜类,25.0,2.4,0.4,4.5,0.0,韭菜,韭菜，扁菜，起阳草，壮阳草，懒人菜,蔬菜,鲜蔬菜及制品,蔬菜类及其制品-葱蒜类,100g,100,g,,,,未明确,,,原始数据库（来源待追溯）,原始导入,未提供,2026-06-25,中,否,否,是,EXT1135,待来源追溯,原始数据保留；新增结构字段为规则化整理结果。,,25,生熟状态未明确
EXT1136,薤 [咬头],咬头,蔬菜类及其制品-葱蒜类,1.0,0.0,0.0,0.0,0.3,薤 [咬头],薤 [咬头]，咬头,蔬菜,鲜蔬菜及制品,蔬菜类及其制品-葱蒜类,100g,100,g,,,,未明确,,,原始数据库（来源待追溯）,原始导入,未提供,2026-06-25,低,否,否,否,EXT1136,待人工核验,有能量值但蛋白质、脂肪和碳水均为0，现有来源不能确认是否仅由纤维/有机酸贡献或字段缺失；暂停默认启用并待核验。,,1,生熟状态未明确；有能量但三大营养素全零
EXT1137,"薤白(鲜)[小根蒜,山蒜,团蒜]",小根蒜，山蒜，团蒜,蔬菜类及其制品-葱蒜类,124.0,3.4,0.4,27.1,0.9,"薤白(鲜)[小根蒜,山蒜,团蒜]","薤白(鲜)[小根蒜,山蒜,团蒜]，小根蒜，山蒜，团蒜",蔬菜,鲜蔬菜及制品,蔬菜类及其制品-葱蒜类,100g,100,g,,,,生/鲜,,,原始数据库（来源待追溯）,原始导入,未提供,2026-06-25,中,否,否,是,EXT1137,待来源追溯,原始数据保留；新增结构字段为规则化整理结果。,,124,
EXT1138,大薯（鲜）[参薯],参薯,蔬菜类及其制品-薯芋类,108.0,2.1,0.2,24.9,1.1,大薯（鲜）[参薯],大薯（鲜）[参薯]，参薯,蔬菜,鲜蔬菜及制品,蔬菜类及其制品-薯芋类,100g,100,g,,,,生/鲜,,,原始数据库（来源待追溯）,原始导入,未提供,2026-06-25,中,否,否,是,EXT1138,待来源追溯,原始数据保留；新增结构字段为规则化整理结果。,,108,
EXT1139,豆薯（鲜）[凉薯，地瓜，沙葛],凉薯，地瓜，沙葛,蔬菜类及其制品-薯芋类,56.0,0.9,0.1,13.4,0.8,豆薯（鲜）[凉薯，地瓜，沙葛],豆薯（鲜）[凉薯，地瓜，沙葛]，凉薯，地瓜，沙葛,蔬菜,鲜蔬菜及制品,蔬菜类及其制品-薯芋类,100g,100,g,,,,生/鲜,,,原始数据库（来源待追溯）,原始导入,未提供,2026-06-25,中,否,否,是,EXT1139,待来源追溯,原始数据保留；新增结构字段为规则化整理结果。,,56,
EXT1140,葛（鲜）[葛署，粉葛],葛署，粉葛,蔬菜类及其制品-薯芋类,150.0,2.2,0.2,36.1,2.4,葛（鲜）[葛署，粉葛],葛（鲜）[葛署，粉葛]，葛署，粉葛,蔬菜,鲜蔬菜及制品,蔬菜类及其制品-薯芋类,100g,100,g,,,,生/鲜,,,原始数据库（来源待追溯）,原始导入,未提供,2026-06-25,中,否,否,是,EXT1140,待来源追溯,原始数据保留；新增结构字段为规则化整理结果。,,150,
EXT1141,山药（鲜）[薯蓣，大薯],薯蓣，大薯,蔬菜类及其制品-薯芋类,57.0,1.9,0.2,12.4,0.8,山药（鲜）[薯蓣，大薯],山药（鲜）[薯蓣，大薯]，薯蓣，大薯,蔬菜,鲜蔬菜及制品,蔬菜类及其制品-薯芋类,100g,100,g,,,,生/鲜,,,原始数据库（来源待追溯）,原始导入,未提供,2026-06-25,中,否,否,是,EXT1141,待来源追溯,原始数据保留；新增结构字段为规则化整理结果。,,57,
EXT1142,山药（干）,淮山干，薯蓣干，山药干,蔬菜类及其制品-薯芋类,327.0,9.4,1.0,70.8,1.4,山药（干）,山药（干），淮山干，薯蓣干，山药干,蔬菜,鲜蔬菜及制品,蔬菜类及其制品-薯芋类,100g,100,g,,,,干制,,,原始数据库（来源待追溯）,原始导入,未提供,2026-06-25,中,否,否,是,EXT1142,待来源追溯,原始数据保留；新增结构字段为规则化整理结果。,,327,
EXT1143,槟榔芋（鲜）,,蔬菜类及其制品-薯芋类,90.0,3.0,0.1,19.7,1.1,槟榔芋（鲜）,槟榔芋（鲜）,蔬菜,鲜蔬菜及制品,蔬菜类及其制品-薯芋类,100g,100,g,,,,生/鲜,,,原始数据库（来源待追溯）,原始导入,未提供,2026-06-25,中,否,否,是,EXT1143,待来源追溯,原始数据保留；新增结构字段为规则化整理结果。,,90,
EXT1144,芋头 [芋艿、毛芋],芋艿、毛芋,蔬菜类及其制品-薯芋类,56.0,1.3,0.2,12.7,1.0,芋头 [芋艿、毛芋],芋头 [芋艿、毛芋]，芋艿，毛芋,蔬菜,鲜蔬菜及制品,蔬菜类及其制品-薯芋类,100g,100,g,,,,未明确,,,原始数据库（来源待追溯）,原始导入,未提供,2026-06-25,中,否,否,是,EXT1144,待来源追溯,原始数据保留；新增结构字段为规则化整理结果。,,56,生熟状态未明确
EXT1145,芋头（煮）,芋艿，毛芋，芋仔,蔬菜类及其制品-薯芋类,60.0,2.9,0.1,13.0,0.3,芋头（煮）,芋头（煮），芋艿，毛芋，芋仔,蔬菜,鲜蔬菜及制品,蔬菜类及其制品-薯芋类,100g,100,g,,,,未明确,煮,,原始数据库（来源待追溯）,原始导入,未提供,2026-06-25,中,否,否,是,EXT1145,待来源追溯,原始数据保留；新增结构字段为规则化整理结果。,,60,生熟状态未明确
EXT1146,姜（鲜）[黄姜],黄姜,蔬菜类及其制品-薯芋类,46.0,1.3,0.6,10.3,2.7,姜（鲜）[黄姜],姜（鲜）[黄姜]，黄姜,蔬菜,鲜蔬菜及制品,蔬菜类及其制品-薯芋类,100g,100,g,,,,生/鲜,,,原始数据库（来源待追溯）,原始导入,未提供,2026-06-25,中,否,否,是,EXT1146,待来源追溯,原始数据保留；新增结构字段为规则化整理结果。,,46,
EXT1147,姜（干）,生姜，老姜，鲜姜,蔬菜类及其制品-薯芋类,308.0,9.1,5.7,64.0,17.7,姜（干）,姜（干），生姜，老姜，鲜姜,蔬菜,鲜蔬菜及制品,蔬菜类及其制品-薯芋类,100g,100,g,,,,干制,,,原始数据库（来源待追溯）,原始导入,未提供,2026-06-25,中,否,否,是,EXT1147,待来源追溯,原始数据保留；新增结构字段为规则化整理结果。,,308,
EXT1148,姜（子姜，鲜）[嫩姜],嫩姜,蔬菜类及其制品-薯芋类,21.0,0.7,0.6,3.7,0.9,姜（子姜，鲜）[嫩姜],姜（子姜，鲜）[嫩姜]，嫩姜,蔬菜,鲜蔬菜及制品,蔬菜类及其制品-薯芋类,100g,100,g,,,,生/鲜,,,原始数据库（来源待追溯）,原始导入,未提供,2026-06-25,中,否,否,是,EXT1148,待来源追溯,原始数据保留；新增结构字段为规则化整理结果。,,21,
EXT1149,洋姜（鲜）[菊芋，鬼子姜],菊芋，鬼子姜,蔬菜类及其制品-薯芋类,64.0,2.4,0.0,15.8,4.3,洋姜（鲜）[菊芋，鬼子姜],洋姜（鲜）[菊芋，鬼子姜]，菊芋，鬼子姜,蔬菜,鲜蔬菜及制品,蔬菜类及其制品-薯芋类,100g,100,g,,,,生/鲜,,,原始数据库（来源待追溯）,原始导入,未提供,2026-06-25,中,否,否,是,EXT1149,待来源追溯,原始数据保留；新增结构字段为规则化整理结果。,,64,
EXT1150,艾蒿,艾草，艾叶，灸草，医草,蔬菜类及其制品-野生蔬菜类,0.0,0.0,0.0,3.6,3.6,艾蒿,艾蒿，艾草，艾叶，灸草，医草,蔬菜,野生蔬菜,蔬菜类及其制品-野生蔬菜类,100g,100,g,,,,未明确,,,原始数据库（来源待追溯）,原始导入,未提供,2026-06-25,低,否,否,否,EXT1150,待人工核验,零热量但营养素非零。未找到足够证据自动改值，暂停作为默认搜索主记录。,,0,零热量但营养素非零；生熟状态未明确
EXT1151,白花菜,,蔬菜类及其制品-野生蔬菜类,0.0,0.0,0.0,0.0,0.0,白花菜,白花菜,蔬菜,野生蔬菜,蔬菜类及其制品-野生蔬菜类,100g,100,g,,,,未明确,,,原始数据库（来源待追溯）,原始导入,未提供,2026-06-25,中,否,否,是,EXT1151,待来源追溯,原始数据保留；新增结构字段为规则化整理结果。,,0,生熟状态未明确
EXT1152,白花桔梗,,蔬菜类及其制品-野生蔬菜类,0.0,0.0,0.0,0.0,2.9,白花桔梗,白花桔梗,蔬菜,野生蔬菜,蔬菜类及其制品-野生蔬菜类,100g,100,g,,,,未明确,,,原始数据库（来源待追溯）,原始导入,未提供,2026-06-25,低,否,否,否,EXT1152,待人工核验,零热量但营养素非零。未找到足够证据自动改值，暂停作为默认搜索主记录。,,0,零热量但营养素非零；生熟状态未明确
EXT1153,白沙蒿（鲜）[沙蒿],沙蒿,蔬菜类及其制品-野生蔬菜类,55.4,4.3,0.9,8.5,1.9,白沙蒿（鲜）[沙蒿],白沙蒿（鲜）[沙蒿]，沙蒿,蔬菜,野生蔬菜,蔬菜类及其制品-野生蔬菜类,100g,100,g,,,,生/鲜,,,原始数据库（来源待追溯）,原始导入,未提供,2026-06-25,中,否,否,是,EXT1153,已自动修复，待来源复核,根据同批次能量单位特征完成kJ→kcal换算；原始食品成分来源及宏量营养素仍待进一步核验。,原始能量值 ÷ 4.184（同批次kJ→kcal）,232,kJ换算完成｜来源待追溯
EXT1154,白沙蒿子（干）[沙蒿子],沙蒿子,蔬菜类及其制品-野生蔬菜类,411.6,27.9,15.1,41.0,0.0,白沙蒿子（干）[沙蒿子],白沙蒿子（干）[沙蒿子]，沙蒿子,蔬菜,野生蔬菜,蔬菜类及其制品-野生蔬菜类,100g,100,g,,,,干制,,,国家卫生健康委员会 GB 28050-2025 问答：https://www.nhc.gov.cn/sps/c100087/202509/470fa4ff5de14dd38619223cce9da4e7.shtml；WHO/FAO Atwater factors：https://iris.who.int/bitstream/handle/10665/39527/WHO_TRS_724_%28chp7-chp13%29.pdf?sequence=2,单位纠错（kJ→kcal）,未提供,2026-06-25,高,否,否,是,EXT1154,自动修复,原值与宏量营养素理论能量比为4.18，且除以4.184后与理论能量接近，判定为kJ误填kcal。,originalEnergyKCal ÷ 4.184,1722,
EXT1155,白薯叶（鲜）[甘薯叶],甘薯叶,蔬菜类及其制品-野生蔬菜类,59.5,4.8,0.7,9.0,1.0,白薯叶（鲜）[甘薯叶],白薯叶（鲜）[甘薯叶]，甘薯叶,蔬菜,野生蔬菜,蔬菜类及其制品-野生蔬菜类,100g,100,g,,,,生/鲜,,,原始数据库（来源待追溯）,原始导入,未提供,2026-06-25,中,否,否,是,EXT1155,已自动修复，待来源复核,根据同批次能量单位特征完成kJ→kcal换算；原始食品成分来源及宏量营养素仍待进一步核验。,原始能量值 ÷ 4.184（同批次kJ→kcal）,249,kJ换算完成｜来源待追溯
EXT1156,百里香（鲜）,,蔬菜类及其制品-野生蔬菜类,0.0,0.0,0.0,0.0,0.2,百里香（鲜）,百里香（鲜）,蔬菜,野生蔬菜,蔬菜类及其制品-野生蔬菜类,100g,100,g,,,,生/鲜,,,原始数据库（来源待追溯）,原始导入,未提供,2026-06-25,低,否,否,否,EXT1156,待人工核验,能量为0但至少一项营养素大于0，现有来源不足以判断是取整、缺失还是录入错误；暂停默认启用，待核验原始成分表或正式标签。,,0,零热量但营养素非零
EXT1157,败酱（鲜）[胭脂麻],胭脂麻,蔬菜类及其制品-野生蔬菜类,69.3,1.5,1.0,17.3,7.5,败酱（鲜）[胭脂麻],败酱（鲜）[胭脂麻]，胭脂麻,蔬菜,野生蔬菜,蔬菜类及其制品-野生蔬菜类,100g,100,g,,,,生/鲜,,,原始数据库（来源待追溯）,原始导入,未提供,2026-06-25,中,否,否,是,EXT1157,已自动修复，待来源复核,根据同批次能量单位特征完成kJ→kcal换算；原始食品成分来源及宏量营养素仍待进一步核验。,原始能量值 ÷ 4.184（同批次kJ→kcal）,290,kJ换算完成｜来源待追溯
EXT1158,扁蓄菜（鲜）[竹节草],竹节草,蔬菜类及其制品-野生蔬菜类,74.8,6.0,0.6,12.4,2.1,扁蓄菜（鲜）[竹节草],扁蓄菜（鲜）[竹节草]，竹节草,蔬菜,野生蔬菜,蔬菜类及其制品-野生蔬菜类,100g,100,g,,,,生/鲜,,,原始数据库（来源待追溯）,原始导入,未提供,2026-06-25,中,否,否,是,EXT1158,已自动修复，待来源复核,根据同批次能量单位特征完成kJ→kcal换算；原始食品成分来源及宏量营养素仍待进一步核验。,原始能量值 ÷ 4.184（同批次kJ→kcal）,313,kJ换算完成｜来源待追溯
EXT1159,朝鲜蓟（鲜）,,蔬菜类及其制品-野生蔬菜类,54.0,2.7,0.2,10.9,1.1,朝鲜蓟（鲜）,朝鲜蓟（鲜）,蔬菜,野生蔬菜,蔬菜类及其制品-野生蔬菜类,100g,100,g,,,,生/鲜,,,原始数据库（来源待追溯）,原始导入,未提供,2026-06-25,中,否,否,是,EXT1159,已自动修复，待来源复核,根据同批次能量单位特征完成kJ→kcal换算；原始食品成分来源及宏量营养素仍待进一步核验。,原始能量值 ÷ 4.184（同批次kJ→kcal）,226,kJ换算完成｜来源待追溯
EXT1160,刺儿菜（鲜）[小蓟，蓟蓟菜],小蓟，蓟蓟菜,蔬菜类及其制品-野生蔬菜类,41.6,4.5,0.4,5.9,1.8,刺儿菜（鲜）[小蓟，蓟蓟菜],刺儿菜（鲜）[小蓟，蓟蓟菜]，小蓟，蓟蓟菜,蔬菜,野生蔬菜,蔬菜类及其制品-野生蔬菜类,100g,100,g,,,,生/鲜,,,原始数据库（来源待追溯）,原始导入,未提供,2026-06-25,中,否,否,是,EXT1160,已自动修复，待来源复核,根据同批次能量单位特征完成kJ→kcal换算；原始食品成分来源及宏量营养素仍待进一步核验。,原始能量值 ÷ 4.184（同批次kJ→kcal）,174,kJ换算完成｜来源待追溯
EXT1161,刺楸（鲜）,,蔬菜类及其制品-野生蔬菜类,0.0,0.0,0.0,0.0,8.1,刺楸（鲜）,刺楸（鲜）,蔬菜,野生蔬菜,蔬菜类及其制品-野生蔬菜类,100g,100,g,,,,生/鲜,,,原始数据库（来源待追溯）,原始导入,未提供,2026-06-25,低,否,否,否,EXT1161,待人工核验,零热量但营养素非零。未找到足够证据自动改值，暂停作为默认搜索主记录。,,0,零热量但营养素非零
EXT1162,达乌里胡枝子（鲜）[牛枝子，豆豆苗],牛枝子，豆豆苗,蔬菜类及其制品-野生蔬菜类,117.4,7.0,1.0,23.1,6.0,达乌里胡枝子（鲜）[牛枝子，豆豆苗],达乌里胡枝子（鲜）[牛枝子，豆豆苗]，牛枝子，豆豆苗,蔬菜,野生蔬菜,蔬菜类及其制品-野生蔬菜类,100g,100,g,,,,生/鲜,,,原始数据库（来源待追溯）,原始导入,未提供,2026-06-25,中,否,否,是,EXT1162,已自动修复，待来源复核,根据同批次能量单位特征完成kJ→kcal换算；原始食品成分来源及宏量营养素仍待进一步核验。,原始能量值 ÷ 4.184（同批次kJ→kcal）,491,kJ换算完成｜来源待追溯
EXT1163,达乌里胡枝子子（鲜）[牛枝子子，豆豆苗子],牛枝子子，豆豆苗子,蔬菜类及其制品-野生蔬菜类,366.9,36.8,8.3,41.7,10.9,达乌里胡枝子子（鲜）[牛枝子子，豆豆苗子],达乌里胡枝子子（鲜）[牛枝子子，豆豆苗子]，牛枝子子，豆豆苗子,蔬菜,野生蔬菜,蔬菜类及其制品-野生蔬菜类,100g,100,g,,,,生/鲜,,,国家卫生健康委员会 GB 28050-2025 问答：https://www.nhc.gov.cn/sps/c100087/202509/470fa4ff5de14dd38619223cce9da4e7.shtml；WHO/FAO Atwater factors：https://iris.who.int/bitstream/handle/10665/39527/WHO_TRS_724_%28chp7-chp13%29.pdf?sequence=2,单位纠错（kJ→kcal）,未提供,2026-06-25,高,否,否,是,EXT1163,自动修复,原值与宏量营养素理论能量比为3.95，且除以4.184后与理论能量接近，判定为kJ误填kcal。,originalEnergyKCal ÷ 4.184,1535,
EXT1164,大玻璃草叶（鲜）[大车前],大车前,蔬菜类及其制品-野生蔬菜类,49.2,4.4,0.3,8.8,3.1,大玻璃草叶（鲜）[大车前],大玻璃草叶（鲜）[大车前]，大车前,蔬菜,野生蔬菜,蔬菜类及其制品-野生蔬菜类,100g,100,g,,,,生/鲜,,,原始数据库（来源待追溯）,原始导入,未提供,2026-06-25,中,否,否,是,EXT1164,已自动修复，待来源复核,根据同批次能量单位特征完成kJ→kcal换算；原始食品成分来源及宏量营养素仍待进一步核验。,原始能量值 ÷ 4.184（同批次kJ→kcal）,206,kJ换算完成｜来源待追溯
EXT1165,大巢菜（鲜）[野苕子，野豌豆],野苕子，野豌豆,蔬菜类及其制品-野生蔬菜类,63.1,3.8,0.5,13.6,5.5,大巢菜（鲜）[野苕子，野豌豆],大巢菜（鲜）[野苕子，野豌豆]，野苕子，野豌豆,蔬菜,野生蔬菜,蔬菜类及其制品-野生蔬菜类,100g,100,g,,,,生/鲜,,,原始数据库（来源待追溯）,原始导入,未提供,2026-06-25,中,否,否,是,EXT1165,已自动修复，待来源复核,根据同批次能量单位特征完成kJ→kcal换算；原始食品成分来源及宏量营养素仍待进一步核验。,原始能量值 ÷ 4.184（同批次kJ→kcal）,264,kJ换算完成｜来源待追溯
EXT1166,大蓟叶（鲜）[飞廉叶],飞廉叶,蔬菜类及其制品-野生蔬菜类,37.8,1.5,1.4,5.5,1.4,大蓟叶（鲜）[飞廉叶],大蓟叶（鲜）[飞廉叶]，飞廉叶,蔬菜,野生蔬菜,蔬菜类及其制品-野生蔬菜类,100g,100,g,,,,生/鲜,,,原始数据库（来源待追溯）,原始导入,未提供,2026-06-25,中,否,否,是,EXT1166,已自动修复，待来源复核,根据同批次能量单位特征完成kJ→kcal换算；原始食品成分来源及宏量营养素仍待进一步核验。,原始能量值 ÷ 4.184（同批次kJ→kcal）,158,kJ换算完成｜来源待追溯
EXT1167,地肤（鲜）[益明，扫帚苗],益明，扫帚苗,蔬菜类及其制品-野生蔬菜类,65.2,5.2,0.8,10.4,2.2,地肤（鲜）[益明，扫帚苗],地肤（鲜）[益明，扫帚苗]，益明，扫帚苗,蔬菜,野生蔬菜,蔬菜类及其制品-野生蔬菜类,100g,100,g,,,,生/鲜,,,原始数据库（来源待追溯）,原始导入,未提供,2026-06-25,中,否,否,是,EXT1167,已自动修复，待来源复核,根据同批次能量单位特征完成kJ→kcal换算；原始食品成分来源及宏量营养素仍待进一步核验。,原始能量值 ÷ 4.184（同批次kJ→kcal）,273,kJ换算完成｜来源待追溯
EXT1168,地笋（鲜）[地古牛，地瓜儿苗叶],地古牛，地瓜儿苗叶,蔬菜类及其制品-野生蔬菜类,68.8,4.3,0.7,13.7,4.7,地笋（鲜）[地古牛，地瓜儿苗叶],地笋（鲜）[地古牛，地瓜儿苗叶]，地古牛，地瓜儿苗叶,蔬菜,野生蔬菜,蔬菜类及其制品-野生蔬菜类,100g,100,g,,,,生/鲜,,,原始数据库（来源待追溯）,原始导入,未提供,2026-06-25,中,否,否,是,EXT1168,已自动修复，待来源复核,根据同批次能量单位特征完成kJ→kcal换算；原始食品成分来源及宏量营养素仍待进一步核验。,原始能量值 ÷ 4.184（同批次kJ→kcal）,288,kJ换算完成｜来源待追溯
EXT1169,豆腐柴（鲜）,,蔬菜类及其制品-野生蔬菜类,0.0,0.0,0.0,7.8,0.0,豆腐柴（鲜）,豆腐柴（鲜）,豆类及豆制品,豆制品,蔬菜类及其制品-野生蔬菜类,100g,100,g,,,,生/鲜,,,原始数据库（来源待追溯）,原始导入,未提供,2026-06-25,低,否,否,否,EXT1169,待人工核验,零热量但营养素非零。未找到足够证据自动改值，暂停作为默认搜索主记录。,,0,零热量但营养素非零
EXT1170,独行菜（鲜）,,蔬菜类及其制品-野生蔬菜类,17.9,2.0,0.0,0.0,1.6,独行菜（鲜）,独行菜（鲜）,蔬菜,野生蔬菜,蔬菜类及其制品-野生蔬菜类,100g,100,g,,,,生/鲜,,,原始数据库（来源待追溯）,原始导入,未提供,2026-06-25,中,否,否,是,EXT1170,已自动修复，待来源复核,根据同批次能量单位特征完成kJ→kcal换算；原始食品成分来源及宏量营养素仍待进一步核验。,原始能量值 ÷ 4.184（同批次kJ→kcal）,75,kJ换算完成｜来源待追溯
EXT1171,独行菜（宽，鲜）,,蔬菜类及其制品-野生蔬菜类,0.0,0.0,0.0,0.0,1.7,独行菜（宽，鲜）,独行菜（宽，鲜）,蔬菜,野生蔬菜,蔬菜类及其制品-野生蔬菜类,100g,100,g,,,,生/鲜,,,原始数据库（来源待追溯）,原始导入,未提供,2026-06-25,低,否,否,否,EXT1171,待人工核验,零热量但营养素非零。未找到足够证据自动改值，暂停作为默认搜索主记录。,,0,零热量但营养素非零
EXT1172,胡枝子（鲜）[山豆子],山豆子,蔬菜类及其制品-野生蔬菜类,138.4,5.3,2.2,29.6,10.5,胡枝子（鲜）[山豆子],胡枝子（鲜）[山豆子]，山豆子,蔬菜,野生蔬菜,蔬菜类及其制品-野生蔬菜类,100g,100,g,,,,生/鲜,,,原始数据库（来源待追溯）,原始导入,未提供,2026-06-25,中,否,否,是,EXT1172,已自动修复，待来源复核,根据同批次能量单位特征完成kJ→kcal换算；原始食品成分来源及宏量营养素仍待进一步核验。,原始能量值 ÷ 4.184（同批次kJ→kcal）,579,kJ换算完成｜来源待追溯
EXT1173,槐花（鲜）[洋槐花，豆槐花],洋槐花，豆槐花,蔬菜类及其制品-野生蔬菜类,82.2,3.1,0.7,17.0,2.2,槐花（鲜）[洋槐花，豆槐花],槐花（鲜）[洋槐花，豆槐花]，洋槐花，豆槐花,蔬菜,野生蔬菜,蔬菜类及其制品-野生蔬菜类,100g,100,g,,,,生/鲜,,,原始数据库（来源待追溯）,原始导入,未提供,2026-06-25,中,否,否,是,EXT1173,已自动修复，待来源复核,根据同批次能量单位特征完成kJ→kcal换算；原始食品成分来源及宏量营养素仍待进一步核验。,原始能量值 ÷ 4.184（同批次kJ→kcal）,344,kJ换算完成｜来源待追溯
EXT1174,黄麻叶（鲜）,,蔬菜类及其制品-野生蔬菜类,42.3,4.7,0.3,5.8,1.2,黄麻叶（鲜）,黄麻叶（鲜）,蔬菜,野生蔬菜,蔬菜类及其制品-野生蔬菜类,100g,100,g,,,,生/鲜,,,原始数据库（来源待追溯）,原始导入,未提供,2026-06-25,中,否,否,是,EXT1174,已自动修复，待来源复核,根据同批次能量单位特征完成kJ→kcal换算；原始食品成分来源及宏量营养素仍待进一步核验。,原始能量值 ÷ 4.184（同批次kJ→kcal）,177,kJ换算完成｜来源待追溯
EXT1175,碱蓬（鲜）[棉蓬，猪毛菜],棉蓬，猪毛菜,蔬菜类及其制品-野生蔬菜类,33.0,2.8,0.3,5.2,0.9,碱蓬（鲜）[棉蓬，猪毛菜],碱蓬（鲜）[棉蓬，猪毛菜]，棉蓬，猪毛菜,蔬菜,野生蔬菜,蔬菜类及其制品-野生蔬菜类,100g,100,g,,,,生/鲜,,,原始数据库（来源待追溯）,原始导入,未提供,2026-06-25,中,否,否,是,EXT1175,已自动修复，待来源复核,根据同批次能量单位特征完成kJ→kcal换算；原始食品成分来源及宏量营养素仍待进一步核验。,原始能量值 ÷ 4.184（同批次kJ→kcal）,138,kJ换算完成｜来源待追溯
EXT1176,苦苦菜（鲜）,苦苣菜，滇苦菜，苦荬菜，荼草,蔬菜类及其制品-野生蔬菜类,41.6,2.5,0.9,6.8,1.8,苦苦菜（鲜）,苦苦菜（鲜），苦苣菜，滇苦菜，苦荬菜，荼草,蔬菜,野生蔬菜,蔬菜类及其制品-野生蔬菜类,100g,100,g,,,,生/鲜,,,原始数据库（来源待追溯）,原始导入,未提供,2026-06-25,中,否,否,是,EXT1176,已自动修复，待来源复核,根据同批次能量单位特征完成kJ→kcal换算；原始食品成分来源及宏量营养素仍待进一步核验。,原始能量值 ÷ 4.184（同批次kJ→kcal）,174,kJ换算完成｜来源待追溯
EXT1177,轮叶党参,,蔬菜类及其制品-野生蔬菜类,0.0,0.0,0.0,0.0,4.0,轮叶党参,轮叶党参,蔬菜,野生蔬菜,蔬菜类及其制品-野生蔬菜类,100g,100,g,,,,未明确,,,原始数据库（来源待追溯）,原始导入,未提供,2026-06-25,低,否,否,否,EXT1177,待人工核验,零热量但营养素非零。未找到足够证据自动改值，暂停作为默认搜索主记录。,,0,零热量但营养素非零；生熟状态未明确
EXT1178,罗勒[兰香],兰香,蔬菜类及其制品-野生蔬菜类,25.8,3.8,4.6,3.9,0.0,罗勒[兰香],罗勒[兰香]，兰香,蔬菜,野生蔬菜,蔬菜类及其制品-野生蔬菜类,100g,100,g,,,,未明确,,,原始数据库（来源待追溯）,原始导入,未提供,2026-06-25,中,否,否,是,EXT1178,已自动修复，待来源复核,根据同批次能量单位特征完成kJ→kcal换算；原始食品成分来源及宏量营养素仍待进一步核验。,原始能量值 ÷ 4.184（同批次kJ→kcal）,108,kJ换算完成｜来源待追溯
EXT1179,马齿苋（鲜）[长寿菜，瓜子菜],长寿菜，瓜子菜,蔬菜类及其制品-野生蔬菜类,28.0,2.3,0.5,3.9,0.7,马齿苋（鲜）[长寿菜，瓜子菜],马齿苋（鲜）[长寿菜，瓜子菜]，长寿菜，瓜子菜,蔬菜,野生蔬菜,蔬菜类及其制品-野生蔬菜类,100g,100,g,,,,生/鲜,,,原始数据库（来源待追溯）,原始导入,未提供,2026-06-25,中,否,否,是,EXT1179,已自动修复，待来源复核,根据同批次能量单位特征完成kJ→kcal换算；原始食品成分来源及宏量营养素仍待进一步核验。,原始能量值 ÷ 4.184（同批次kJ→kcal）,117,kJ换算完成｜来源待追溯
EXT1180,马兰头（鲜）[马兰，鸡儿肠，路边菊],马兰，鸡儿肠，路边菊,蔬菜类及其制品-野生蔬菜类,28.4,2.4,0.4,4.6,1.6,马兰头（鲜）[马兰，鸡儿肠，路边菊],马兰头（鲜）[马兰，鸡儿肠，路边菊]，马兰，鸡儿肠，路边菊,蔬菜,野生蔬菜,蔬菜类及其制品-野生蔬菜类,100g,100,g,,,,生/鲜,,,原始数据库（来源待追溯）,原始导入,未提供,2026-06-25,中,否,否,是,EXT1180,已自动修复，待来源复核,根据同批次能量单位特征完成kJ→kcal换算；原始食品成分来源及宏量营养素仍待进一步核验。,原始能量值 ÷ 4.184（同批次kJ→kcal）,119,kJ换算完成｜来源待追溯
EXT1181,麦瓶草（鲜）[米瓦罐],米瓦罐,蔬菜类及其制品-野生蔬菜类,38.0,4.5,0.5,4.4,1.0,麦瓶草（鲜）[米瓦罐],麦瓶草（鲜）[米瓦罐]，米瓦罐,蔬菜,野生蔬菜,蔬菜类及其制品-野生蔬菜类,100g,100,g,,,,生/鲜,,,原始数据库（来源待追溯）,原始导入,未提供,2026-06-25,中,否,否,是,EXT1181,已自动修复，待来源复核,根据同批次能量单位特征完成kJ→kcal换算；原始食品成分来源及宏量营养素仍待进一步核验。,原始能量值 ÷ 4.184（同批次kJ→kcal）,159,kJ换算完成｜来源待追溯
EXT1182,牛至,,蔬菜类及其制品-野生蔬菜类,0.0,0.4,0.0,0.0,0.0,牛至,牛至,蔬菜,野生蔬菜,蔬菜类及其制品-野生蔬菜类,100g,100,g,,,,未明确,,,原始数据库（来源待追溯）,原始导入,未提供,2026-06-25,低,否,否,否,EXT1182,待人工核验,能量为0但至少一项营养素大于0，现有来源不足以判断是取整、缺失还是录入错误；暂停默认启用，待核验原始成分表或正式标签。,,0,生熟状态未明确；零热量但营养素非零
EXT1183,牛蒡叶（鲜）,,蔬菜类及其制品-野生蔬菜类,41.6,4.7,0.8,5.1,2.4,牛蒡叶（鲜）,牛蒡叶（鲜）,蔬菜,野生蔬菜,蔬菜类及其制品-野生蔬菜类,100g,100,g,,,,生/鲜,,,原始数据库（来源待追溯）,原始导入,未提供,2026-06-25,中,否,否,是,EXT1183,已自动修复，待来源复核,根据同批次能量单位特征完成kJ→kcal换算；原始食品成分来源及宏量营养素仍待进一步核验。,原始能量值 ÷ 4.184（同批次kJ→kcal）,174,kJ换算完成｜来源待追溯
EXT1184,爬景天（鲜）[石头菜],石头菜,蔬菜类及其制品-野生蔬菜类,20.8,0.6,0.7,3.5,0.9,爬景天（鲜）[石头菜],爬景天（鲜）[石头菜]，石头菜,蔬菜,野生蔬菜,蔬菜类及其制品-野生蔬菜类,100g,100,g,,,,生/鲜,,,原始数据库（来源待追溯）,原始导入,未提供,2026-06-25,中,否,否,是,EXT1184,已自动修复，待来源复核,根据同批次能量单位特征完成kJ→kcal换算；原始食品成分来源及宏量营养素仍待进一步核验。,原始能量值 ÷ 4.184（同批次kJ→kcal）,87,kJ换算完成｜来源待追溯
EXT1185,喷瓜,,蔬菜类及其制品-野生蔬菜类,0.0,0.0,0.0,0.0,0.3,喷瓜,喷瓜,蔬菜,野生蔬菜,蔬菜类及其制品-野生蔬菜类,100g,100,g,,,,未明确,,,原始数据库（来源待追溯）,原始导入,未提供,2026-06-25,低,否,否,否,EXT1185,待人工核验,能量为0但至少一项营养素大于0，现有来源不足以判断是取整、缺失还是录入错误；暂停默认启用，待核验原始成分表或正式标签。,,0,生熟状态未明确；零热量但营养素非零
EXT1186,婆罗门参（白，鲜）,,蔬菜类及其制品-野生蔬菜类,0.0,0.0,0.0,0.0,0.3,婆罗门参（白，鲜）,婆罗门参（白，鲜）,蔬菜,野生蔬菜,蔬菜类及其制品-野生蔬菜类,100g,100,g,,,,生/鲜,,,原始数据库（来源待追溯）,原始导入,未提供,2026-06-25,低,否,否,否,EXT1186,待人工核验,能量为0但至少一项营养素大于0，现有来源不足以判断是取整、缺失还是录入错误；暂停默认启用，待核验原始成分表或正式标签。,,0,零热量但营养素非零
EXT1187,婆罗门参（黑，鲜）[鸦葱],鸦葱,蔬菜类及其制品-野生蔬菜类,0.0,0.1,0.0,0.3,0.0,婆罗门参（黑，鲜）[鸦葱],婆罗门参（黑，鲜）[鸦葱]，鸦葱,蔬菜,野生蔬菜,蔬菜类及其制品-野生蔬菜类,100g,100,g,,,,生/鲜,,,原始数据库（来源待追溯）,原始导入,未提供,2026-06-25,低,否,否,否,EXT1187,待人工核验,能量为0但至少一项营养素大于0，现有来源不足以判断是取整、缺失还是录入错误；暂停默认启用，待核验原始成分表或正式标签。,,0,零热量但营养素非零
EXT1188,蒲公英叶（鲜）[黄花苗叶，孛孛丁叶],黄花苗叶，孛孛丁叶,蔬菜类及其制品-野生蔬菜类,52.8,4.8,1.1,7.0,2.1,蒲公英叶（鲜）[黄花苗叶，孛孛丁叶],蒲公英叶（鲜）[黄花苗叶，孛孛丁叶]，黄花苗叶，孛孛丁叶,蔬菜,野生蔬菜,蔬菜类及其制品-野生蔬菜类,100g,100,g,,,,生/鲜,,,原始数据库（来源待追溯）,原始导入,未提供,2026-06-25,中,否,否,是,EXT1188,已自动修复，待来源复核,根据同批次能量单位特征完成kJ→kcal换算；原始食品成分来源及宏量营养素仍待进一步核验。,原始能量值 ÷ 4.184（同批次kJ→kcal）,221,kJ换算完成｜来源待追溯
EXT1189,掐不齐（鲜）[鸡眼草，牛黄草],鸡眼草，牛黄草,蔬菜类及其制品-野生蔬菜类,110.4,6.1,1.4,23.6,10.5,掐不齐（鲜）[鸡眼草，牛黄草],掐不齐（鲜）[鸡眼草，牛黄草]，鸡眼草，牛黄草,蔬菜,野生蔬菜,蔬菜类及其制品-野生蔬菜类,100g,100,g,,,,生/鲜,,,原始数据库（来源待追溯）,原始导入,未提供,2026-06-25,中,否,否,是,EXT1189,已自动修复，待来源复核,根据同批次能量单位特征完成kJ→kcal换算；原始食品成分来源及宏量营养素仍待进一步核验。,原始能量值 ÷ 4.184（同批次kJ→kcal）,462,kJ换算完成｜来源待追溯
EXT1190,清明菜（鲜）[鼠曲菜],鼠曲菜,蔬菜类及其制品-野生蔬菜类,49.2,3.1,0.6,8.9,2.1,清明菜（鲜）[鼠曲菜],清明菜（鲜）[鼠曲菜]，鼠曲菜,蔬菜,野生蔬菜,蔬菜类及其制品-野生蔬菜类,100g,100,g,,,,生/鲜,,,原始数据库（来源待追溯）,原始导入,未提供,2026-06-25,中,否,否,是,EXT1190,已自动修复，待来源复核,根据同批次能量单位特征完成kJ→kcal换算；原始食品成分来源及宏量营养素仍待进一步核验。,原始能量值 ÷ 4.184（同批次kJ→kcal）,206,kJ换算完成｜来源待追溯
EXT1191,沙参叶（鲜）[白参],白参,蔬菜类及其制品-野生蔬菜类,93.2,0.8,1.6,21.6,5.4,沙参叶（鲜）[白参],沙参叶（鲜）[白参]，白参,蔬菜,野生蔬菜,蔬菜类及其制品-野生蔬菜类,100g,100,g,,,,生/鲜,,,原始数据库（来源待追溯）,原始导入,未提供,2026-06-25,中,否,否,是,EXT1191,已自动修复，待来源复核,根据同批次能量单位特征完成kJ→kcal换算；原始食品成分来源及宏量营养素仍待进一步核验。,原始能量值 ÷ 4.184（同批次kJ→kcal）,390,kJ换算完成｜来源待追溯
EXT1192,沙蓬子（鲜）[沙米],沙米,蔬菜类及其制品-野生蔬菜类,348.7,21.5,8.1,50.6,6.3,沙蓬子（鲜）[沙米],沙蓬子（鲜）[沙米]，沙米,蔬菜,野生蔬菜,蔬菜类及其制品-野生蔬菜类,100g,100,g,,,,生/鲜,,,国家卫生健康委员会 GB 28050-2025 问答：https://www.nhc.gov.cn/sps/c100087/202509/470fa4ff5de14dd38619223cce9da4e7.shtml；WHO/FAO Atwater factors：https://iris.who.int/bitstream/handle/10665/39527/WHO_TRS_724_%28chp7-chp13%29.pdf?sequence=2,单位纠错（kJ→kcal）,未提供,2026-06-25,高,否,否,是,EXT1192,自动修复,原值与宏量营养素理论能量比为4.04，且除以4.184后与理论能量接近，判定为kJ误填kcal。,originalEnergyKCal ÷ 4.184,1459,
EXT1193,山苦荬叶（鲜）[启明菜叶],启明菜叶,蔬菜类及其制品-野生蔬菜类,33.2,2.2,0.4,5.6,0.8,山苦荬叶（鲜）[启明菜叶],山苦荬叶（鲜）[启明菜叶]，启明菜叶,蔬菜,野生蔬菜,蔬菜类及其制品-野生蔬菜类,100g,100,g,,,,生/鲜,,,原始数据库（来源待追溯）,原始导入,未提供,2026-06-25,中,否,否,是,EXT1193,已自动修复，待来源复核,根据同批次能量单位特征完成kJ→kcal换算；原始食品成分来源及宏量营养素仍待进一步核验。,原始能量值 ÷ 4.184（同批次kJ→kcal）,139,kJ换算完成｜来源待追溯
EXT1194,食用大黄（鲜）,,蔬菜类及其制品-野生蔬菜类,9.3,1.6,1.5,1.5,1.5,食用大黄（鲜）,食用大黄（鲜）,蔬菜,野生蔬菜,蔬菜类及其制品-野生蔬菜类,100g,100,g,,,,生/鲜,,,原始数据库（来源待追溯）,原始导入,未提供,2026-06-25,中,否,否,是,EXT1194,已自动修复，待来源复核,根据同批次能量单位特征完成kJ→kcal换算；原始食品成分来源及宏量营养素仍待进一步核验。,原始能量值 ÷ 4.184（同批次kJ→kcal）,39,kJ换算完成｜来源待追溯
EXT1195,食用黄麻,,蔬菜类及其制品-野生蔬菜类,22.5,0.9,0.1,0.0,0.3,食用黄麻,食用黄麻,蔬菜,野生蔬菜,蔬菜类及其制品-野生蔬菜类,100g,100,g,,,,未明确,,,原始数据库（来源待追溯）,原始导入,未提供,2026-06-25,中,否,否,是,EXT1195,已自动修复，待来源复核,根据同批次能量单位特征完成kJ→kcal换算；原始食品成分来源及宏量营养素仍待进一步核验。,原始能量值 ÷ 4.184（同批次kJ→kcal）,94,kJ换算完成｜来源待追溯
EXT1196,酸模（鲜）,,蔬菜类及其制品-野生蔬菜类,17.2,1.7,0.2,0.0,1.0,酸模（鲜）,酸模（鲜）,蔬菜,野生蔬菜,蔬菜类及其制品-野生蔬菜类,100g,100,g,,,,生/鲜,,,原始数据库（来源待追溯）,原始导入,未提供,2026-06-25,中,否,否,是,EXT1196,已自动修复，待来源复核,根据同批次能量单位特征完成kJ→kcal换算；原始食品成分来源及宏量营养素仍待进一步核验。,原始能量值 ÷ 4.184（同批次kJ→kcal）,72,kJ换算完成｜来源待追溯
EXT1197,汤菜（鲜）,,蔬菜类及其制品-野生蔬菜类,23.7,1.8,0.5,3.4,0.8,汤菜（鲜）,汤菜（鲜）,蔬菜,野生蔬菜,蔬菜类及其制品-野生蔬菜类,100g,100,g,,,,生/鲜,,,原始数据库（来源待追溯）,原始导入,未提供,2026-06-25,中,是,是,是,EXT1197,已自动修复，待来源复核,根据同批次能量单位特征完成kJ→kcal换算；原始食品成分来源及宏量营养素仍待进一步核验。,原始能量值 ÷ 4.184（同批次kJ→kcal）,99,kJ换算完成｜来源待追溯
EXT1198,土三七（鲜）[景天三七],景天三七,蔬菜类及其制品-野生蔬菜类,47.8,2.1,0.7,9.0,1.5,土三七（鲜）[景天三七],土三七（鲜）[景天三七]，景天三七,蔬菜,野生蔬菜,蔬菜类及其制品-野生蔬菜类,100g,100,g,,,,生/鲜,,,原始数据库（来源待追溯）,原始导入,未提供,2026-06-25,中,否,否,是,EXT1198,已自动修复，待来源复核,根据同批次能量单位特征完成kJ→kcal换算；原始食品成分来源及宏量营养素仍待进一步核验。,原始能量值 ÷ 4.184（同批次kJ→kcal）,200,kJ换算完成｜来源待追溯
EXT1199,歪头菜（鲜）[草豆，二叶萩],草豆，二叶萩,蔬菜类及其制品-野生蔬菜类,73.6,2.5,0.3,17.9,5.4,歪头菜（鲜）[草豆，二叶萩],歪头菜（鲜）[草豆，二叶萩]，草豆，二叶萩,蔬菜,野生蔬菜,蔬菜类及其制品-野生蔬菜类,100g,100,g,,,,生/鲜,,,原始数据库（来源待追溯）,原始导入,未提供,2026-06-25,中,否,否,是,EXT1199,已自动修复，待来源复核,根据同批次能量单位特征完成kJ→kcal换算；原始食品成分来源及宏量营养素仍待进一步核验。,原始能量值 ÷ 4.184（同批次kJ→kcal）,308,kJ换算完成｜来源待追溯
EXT1200,梧桐子（鲜）[瓢儿果],瓢儿果,蔬菜类及其制品-野生蔬菜类,559.5,23.6,38.8,30.1,2.2,梧桐子（鲜）[瓢儿果],梧桐子（鲜）[瓢儿果]，瓢儿果,蔬菜,野生蔬菜,蔬菜类及其制品-野生蔬菜类,100g,100,g,,,,生/鲜,,,国家卫生健康委员会 GB 28050-2025 问答：https://www.nhc.gov.cn/sps/c100087/202509/470fa4ff5de14dd38619223cce9da4e7.shtml；WHO/FAO Atwater factors：https://iris.who.int/bitstream/handle/10665/39527/WHO_TRS_724_%28chp7-chp13%29.pdf?sequence=2,单位纠错（kJ→kcal）,未提供,2026-06-25,高,否,否,是,EXT1200,自动修复,原值与宏量营养素理论能量比为4.15，且除以4.184后与理论能量接近，判定为kJ误填kcal。,originalEnergyKCal ÷ 4.184,2341,
EXT1201,夏枯草（鲜）[铁色草],铁色草,蔬菜类及其制品-野生蔬菜类,63.3,2.5,0.7,12.7,1.9,夏枯草（鲜）[铁色草],夏枯草（鲜）[铁色草]，铁色草,蔬菜,野生蔬菜,蔬菜类及其制品-野生蔬菜类,100g,100,g,,,,生/鲜,,,原始数据库（来源待追溯）,原始导入,未提供,2026-06-25,中,否,否,是,EXT1201,已自动修复，待来源复核,根据同批次能量单位特征完成kJ→kcal换算；原始食品成分来源及宏量营养素仍待进一步核验。,原始能量值 ÷ 4.184（同批次kJ→kcal）,265,kJ换算完成｜来源待追溯
EXT1202,香椿（鲜）[香椿芽],香椿芽,蔬菜类及其制品-野生蔬菜类,50.4,1.7,0.4,10.9,1.8,香椿（鲜）[香椿芽],香椿（鲜）[香椿芽]，香椿芽,蔬菜,野生蔬菜,蔬菜类及其制品-野生蔬菜类,100g,100,g,,,,生/鲜,,,原始数据库（来源待追溯）,原始导入,未提供,2026-06-25,中,否,否,是,EXT1202,已自动修复，待来源复核,根据同批次能量单位特征完成kJ→kcal换算；原始食品成分来源及宏量营养素仍待进一步核验。,原始能量值 ÷ 4.184（同批次kJ→kcal）,211,kJ换算完成｜来源待追溯
EXT1203,香茅,,蔬菜类及其制品-野生蔬菜类,17.2,1.7,0.2,0.0,0.4,香茅,香茅,蔬菜,野生蔬菜,蔬菜类及其制品-野生蔬菜类,100g,100,g,,,,未明确,,,原始数据库（来源待追溯）,原始导入,未提供,2026-06-25,中,否,否,是,EXT1203,已自动修复，待来源复核,根据同批次能量单位特征完成kJ→kcal换算；原始食品成分来源及宏量营养素仍待进一步核验。,原始能量值 ÷ 4.184（同批次kJ→kcal）,72,kJ换算完成｜来源待追溯
EXT1204,小旋花（鲜）[狗儿蔓],狗儿蔓,蔬菜类及其制品-野生蔬菜类,60.0,0.5,15.4,3.1,0.0,小旋花（鲜）[狗儿蔓],小旋花（鲜）[狗儿蔓]，狗儿蔓,蔬菜,野生蔬菜,蔬菜类及其制品-野生蔬菜类,100g,100,g,,,,生/鲜,,,原始数据库（来源待追溯）,原始导入,未提供,2026-06-25,中,否,否,是,EXT1204,已自动修复，待来源复核,根据同批次能量单位特征完成kJ→kcal换算；原始食品成分来源及宏量营养素仍待进一步核验。,原始能量值 ÷ 4.184（同批次kJ→kcal）,251,kJ换算完成｜来源待追溯
EXT1205,鸭跖草（鲜）[竹叶菜，淡竹叶],竹叶菜，淡竹叶,蔬菜类及其制品-野生蔬菜类,34.4,2.8,0.3,5.7,1.2,鸭跖草（鲜）[竹叶菜，淡竹叶],鸭跖草（鲜）[竹叶菜，淡竹叶]，竹叶菜，淡竹叶,蔬菜,野生蔬菜,蔬菜类及其制品-野生蔬菜类,100g,100,g,,,,生/鲜,,,原始数据库（来源待追溯）,原始导入,未提供,2026-06-25,中,否,否,是,EXT1205,已自动修复，待来源复核,根据同批次能量单位特征完成kJ→kcal换算；原始食品成分来源及宏量营养素仍待进一步核验。,原始能量值 ÷ 4.184（同批次kJ→kcal）,144,kJ换算完成｜来源待追溯
EXT1206,野葱（鲜）[沙葱，麦葱],沙葱，麦葱,蔬菜类及其制品-野生蔬菜类,36.3,2.7,0.2,6.7,1.5,野葱（鲜）[沙葱，麦葱],野葱（鲜）[沙葱，麦葱]，沙葱，麦葱,蔬菜,野生蔬菜,蔬菜类及其制品-野生蔬菜类,100g,100,g,,,,生/鲜,,,原始数据库（来源待追溯）,原始导入,未提供,2026-06-25,中,否,否,是,EXT1206,已自动修复，待来源复核,根据同批次能量单位特征完成kJ→kcal换算；原始食品成分来源及宏量营养素仍待进一步核验。,原始能量值 ÷ 4.184（同批次kJ→kcal）,152,kJ换算完成｜来源待追溯
EXT1207,野韭菜（鲜）[山韭],山韭,蔬菜类及其制品-野生蔬菜类,43.5,3.7,0.9,7.2,4.1,野韭菜（鲜）[山韭],野韭菜（鲜）[山韭]，山韭,蔬菜,野生蔬菜,蔬菜类及其制品-野生蔬菜类,100g,100,g,,,,生/鲜,,,原始数据库（来源待追溯）,原始导入,未提供,2026-06-25,中,否,否,是,EXT1207,已自动修复，待来源复核,根据同批次能量单位特征完成kJ→kcal换算；原始食品成分来源及宏量营养素仍待进一步核验。,原始能量值 ÷ 4.184（同批次kJ→kcal）,182,kJ换算完成｜来源待追溯
EXT1208,野菊（鲜）,,蔬菜类及其制品-野生蔬菜类,46.6,3.2,0.5,9.0,3.4,野菊（鲜）,野菊（鲜）,蔬菜,野生蔬菜,蔬菜类及其制品-野生蔬菜类,100g,100,g,,,,生/鲜,,,原始数据库（来源待追溯）,原始导入,未提供,2026-06-25,中,否,否,是,EXT1208,已自动修复，待来源复核,根据同批次能量单位特征完成kJ→kcal换算；原始食品成分来源及宏量营养素仍待进一步核验。,原始能量值 ÷ 4.184（同批次kJ→kcal）,195,kJ换算完成｜来源待追溯
EXT1209,野蒜（鲜）[小蒜，野葱],小蒜，野葱,蔬菜类及其制品-野生蔬菜类,34.4,1.0,0.4,7.7,2.0,野蒜（鲜）[小蒜，野葱],野蒜（鲜）[小蒜，野葱]，小蒜，野葱,蔬菜,野生蔬菜,蔬菜类及其制品-野生蔬菜类,100g,100,g,,,,生/鲜,,,原始数据库（来源待追溯）,原始导入,未提供,2026-06-25,中,否,否,是,EXT1209,已自动修复，待来源复核,根据同批次能量单位特征完成kJ→kcal换算；原始食品成分来源及宏量营养素仍待进一步核验。,原始能量值 ÷ 4.184（同批次kJ→kcal）,144,kJ换算完成｜来源待追溯
EXT1210,野苋菜（鲜）[假苋菜],假苋菜,蔬菜类及其制品-野生蔬菜类,62.1,5.5,0.6,9.5,1.6,野苋菜（鲜）[假苋菜],野苋菜（鲜）[假苋菜]，假苋菜,蔬菜,野生蔬菜,蔬菜类及其制品-野生蔬菜类,100g,100,g,,,,生/鲜,,,原始数据库（来源待追溯）,原始导入,未提供,2026-06-25,中,否,否,是,EXT1210,已自动修复，待来源复核,根据同批次能量单位特征完成kJ→kcal换算；原始食品成分来源及宏量营养素仍待进一步核验。,原始能量值 ÷ 4.184（同批次kJ→kcal）,260,kJ换算完成｜来源待追溯
EXT1211,茵陈蒿（鲜）[茵陈],茵陈,蔬菜类及其制品-野生蔬菜类,65.2,5.6,0.4,12.0,4.4,茵陈蒿（鲜）[茵陈],茵陈蒿（鲜）[茵陈]，茵陈,蔬菜,野生蔬菜,蔬菜类及其制品-野生蔬菜类,100g,100,g,,,,生/鲜,,,原始数据库（来源待追溯）,原始导入,未提供,2026-06-25,中,否,否,是,EXT1211,已自动修复，待来源复核,根据同批次能量单位特征完成kJ→kcal换算；原始食品成分来源及宏量营养素仍待进一步核验。,原始能量值 ÷ 4.184（同批次kJ→kcal）,273,kJ换算完成｜来源待追溯
EXT1212,榆钱（鲜）,,蔬菜类及其制品-野生蔬菜类,44.7,4.8,0.4,7.6,4.3,榆钱（鲜）,榆钱（鲜）,蔬菜,野生蔬菜,蔬菜类及其制品-野生蔬菜类,100g,100,g,,,,生/鲜,,,原始数据库（来源待追溯）,原始导入,未提供,2026-06-25,中,否,否,是,EXT1212,已自动修复，待来源复核,根据同批次能量单位特征完成kJ→kcal换算；原始食品成分来源及宏量营养素仍待进一步核验。,原始能量值 ÷ 4.184（同批次kJ→kcal）,187,kJ换算完成｜来源待追溯
EXT1213,珍珠花菜,,蔬菜类及其制品-野生蔬菜类,17.2,1.7,0.2,0.0,0.0,珍珠花菜,珍珠花菜,蔬菜,野生蔬菜,蔬菜类及其制品-野生蔬菜类,100g,100,g,,,,未明确,,,原始数据库（来源待追溯）,原始导入,未提供,2026-06-25,中,否,否,是,EXT1213,已自动修复，待来源复核,根据同批次能量单位特征完成kJ→kcal换算；原始食品成分来源及宏量营养素仍待进一步核验。,原始能量值 ÷ 4.184（同批次kJ→kcal）,72,kJ换算完成｜来源待追溯
EXT1214,紫花桔梗,,蔬菜类及其制品-野生蔬菜类,22.5,0.9,0.1,0.0,2.9,紫花桔梗,紫花桔梗,蔬菜,野生蔬菜,蔬菜类及其制品-野生蔬菜类,100g,100,g,,,,未明确,,,原始数据库（来源待追溯）,原始导入,未提供,2026-06-25,中,否,否,是,EXT1214,已自动修复，待来源复核,根据同批次能量单位特征完成kJ→kcal换算；原始食品成分来源及宏量营养素仍待进一步核验。,原始能量值 ÷ 4.184（同批次kJ→kcal）,94,kJ换算完成｜来源待追溯
EXT1215,紫萼香茶菜,,蔬菜类及其制品-野生蔬菜类,17.2,1.7,0.2,0.0,6.9,紫萼香茶菜,紫萼香茶菜,蔬菜,野生蔬菜,蔬菜类及其制品-野生蔬菜类,100g,100,g,,,,未明确,,,原始数据库（来源待追溯）,原始导入,未提供,2026-06-25,中,否,否,是,EXT1215,已自动修复，待来源复核,根据同批次能量单位特征完成kJ→kcal换算；原始食品成分来源及宏量营养素仍待进一步核验。,原始能量值 ÷ 4.184（同批次kJ→kcal）,72,kJ换算完成｜来源待追溯
EXT1216,茼蒿菜（尖叶）[取英菜，苦麻子],取英菜，苦麻子,蔬菜类及其制品-野生蔬菜类,17.9,2.0,0.0,0.0,0.2,茼蒿菜（尖叶）[取英菜，苦麻子],茼蒿菜（尖叶）[取英菜，苦麻子]，取英菜，苦麻子,蔬菜,野生蔬菜,蔬菜类及其制品-野生蔬菜类,100g,100,g,,,,未明确,,,原始数据库（来源待追溯）,原始导入,未提供,2026-06-25,中,否,否,是,EXT1216,已自动修复，待来源复核,根据同批次能量单位特征完成kJ→kcal换算；原始食品成分来源及宏量营养素仍待进一步核验。,原始能量值 ÷ 4.184（同批次kJ→kcal）,75,kJ换算完成｜来源待追溯
EXT1217,茼蒿子（干）[紫茼蒿子],紫茼蒿子,蔬菜类及其制品-野生蔬菜类,358.7,36.4,8.7,39.9,12.4,茼蒿子（干）[紫茼蒿子],茼蒿子（干）[紫茼蒿子]，紫茼蒿子,蔬菜,野生蔬菜,蔬菜类及其制品-野生蔬菜类,100g,100,g,,,,干制,,,国家卫生健康委员会 GB 28050-2025 问答：https://www.nhc.gov.cn/sps/c100087/202509/470fa4ff5de14dd38619223cce9da4e7.shtml；WHO/FAO Atwater factors：https://iris.who.int/bitstream/handle/10665/39527/WHO_TRS_724_%28chp7-chp13%29.pdf?sequence=2,单位纠错（kJ→kcal）,未提供,2026-06-25,高,否,否,是,EXT1217,自动修复,原值与宏量营养素理论能量比为3.91，且除以4.184后与理论能量接近，判定为kJ误填kcal。,originalEnergyKCal ÷ 4.184,1501,
EXT1218,茴芹（鲜）,,蔬菜类及其制品-野生蔬菜类,22.5,0.9,0.1,17.0,0.0,茴芹（鲜）,茴芹（鲜）,蔬菜,野生蔬菜,蔬菜类及其制品-野生蔬菜类,100g,100,g,,,,生/鲜,,,原始数据库（来源待追溯）,原始导入,未提供,2026-06-25,中,否,否,是,EXT1218,已自动修复，待来源复核,根据同批次能量单位特征完成kJ→kcal换算；原始食品成分来源及宏量营养素仍待进一步核验。,原始能量值 ÷ 4.184（同批次kJ→kcal）,94,kJ换算完成｜来源待追溯
EXT1219,荠菜（鲜）[野荠],野荠,蔬菜类及其制品-野生蔬菜类,12.9,0.7,0.2,2.7,1.2,荠菜（鲜）[野荠],荠菜（鲜）[野荠]，野荠,蔬菜,野生蔬菜,蔬菜类及其制品-野生蔬菜类,100g,100,g,,,,生/鲜,,,原始数据库（来源待追溯）,原始导入,未提供,2026-06-25,中,否,否,是,EXT1219,已自动修复，待来源复核,根据同批次能量单位特征完成kJ→kcal换算；原始食品成分来源及宏量营养素仍待进一步核验。,原始能量值 ÷ 4.184（同批次kJ→kcal）,54,kJ换算完成｜来源待追溯
EXT1220,蒌蒿（鲜）,芦蒿，藜蒿，水蒿，柳蒿芽,蔬菜类及其制品-野生蔬菜类,57.1,3.7,0.7,9.0,0.0,蒌蒿（鲜）,蒌蒿（鲜），芦蒿，藜蒿，水蒿，柳蒿芽,蔬菜,野生蔬菜,蔬菜类及其制品-野生蔬菜类,100g,100,g,,,,生/鲜,,,原始数据库（来源待追溯）,原始导入,未提供,2026-06-25,中,否,否,是,EXT1220,已自动修复，待来源复核,根据同批次能量单位特征完成kJ→kcal换算；原始食品成分来源及宏量营养素仍待进一步核验。,原始能量值 ÷ 4.184（同批次kJ→kcal）,239,kJ换算完成｜来源待追溯
EXT1221,蕨菜（鲜）[龙头菜，如意菜],龙头菜，如意菜,蔬菜类及其制品-野生蔬菜类,42.3,1.6,0.4,9.0,1.8,蕨菜（鲜）[龙头菜，如意菜],蕨菜（鲜）[龙头菜，如意菜]，龙头菜，如意菜,蔬菜,野生蔬菜,蔬菜类及其制品-野生蔬菜类,100g,100,g,,,,生/鲜,,,原始数据库（来源待追溯）,原始导入,未提供,2026-06-25,中,否,否,是,EXT1221,已自动修复，待来源复核,根据同批次能量单位特征完成kJ→kcal换算；原始食品成分来源及宏量营养素仍待进一步核验。,原始能量值 ÷ 4.184（同批次kJ→kcal）,177,kJ换算完成｜来源待追溯
EXT1222,蕨菜（脱水）,拳头菜，如意菜，龙头菜，猫爪菜,蔬菜类及其制品-野生蔬菜类,302.3,6.6,0.9,79.7,25.5,蕨菜（脱水）,蕨菜（脱水），拳头菜，如意菜，龙头菜，猫爪菜,蔬菜,野生蔬菜,蔬菜类及其制品-野生蔬菜类,100g,100,g,,,,干制,,,原始数据库（来源待追溯）,原始导入,未提供,2026-06-25,中,否,否,是,EXT1222,已自动修复，待来源复核,根据同批次能量单位特征完成kJ→kcal换算；原始食品成分来源及宏量营养素仍待进一步核验。,原始能量值 ÷ 4.184（同批次kJ→kcal）,1265,kJ换算完成｜来源待追溯
EXT1223,蕨麻（干）[鹅绒委陵菜],鹅绒委陵菜,蔬菜类及其制品-野生蔬菜类,356.6,12.6,1.4,75.0,3.2,蕨麻（干）[鹅绒委陵菜],蕨麻（干）[鹅绒委陵菜]，鹅绒委陵菜,蔬菜,野生蔬菜,蔬菜类及其制品-野生蔬菜类,100g,100,g,,,,干制,,,国家卫生健康委员会 GB 28050-2025 问答：https://www.nhc.gov.cn/sps/c100087/202509/470fa4ff5de14dd38619223cce9da4e7.shtml；WHO/FAO Atwater factors：https://iris.who.int/bitstream/handle/10665/39527/WHO_TRS_724_%28chp7-chp13%29.pdf?sequence=2,单位纠错（kJ→kcal）,未提供,2026-06-25,高,否,否,是,EXT1223,自动修复,原值与宏量营养素理论能量比为4.11，且除以4.184后与理论能量接近，判定为kJ误填kcal。,originalEnergyKCal ÷ 4.184,1492,
EXT1224,枸杞菜（鲜）[枸杞，地骨],枸杞，地骨,蔬菜类及其制品-野生蔬菜类,47.1,5.6,1.1,4.5,1.6,枸杞菜（鲜）[枸杞，地骨],枸杞菜（鲜）[枸杞，地骨]，枸杞，地骨,蔬菜,野生蔬菜,蔬菜类及其制品-野生蔬菜类,100g,100,g,,,,生/鲜,,,原始数据库（来源待追溯）,原始导入,未提供,2026-06-25,中,否,否,是,EXT1224,已自动修复，待来源复核,根据同批次能量单位特征完成kJ→kcal换算；原始食品成分来源及宏量营养素仍待进一步核验。,原始能量值 ÷ 4.184（同批次kJ→kcal）,197,kJ换算完成｜来源待追溯
EXT1225,酢浆草（鲜）[酸模草，酸溜溜],酸模草，酸溜溜,蔬菜类及其制品-野生蔬菜类,66.4,3.1,0.5,12.4,0.0,酢浆草（鲜）[酸模草，酸溜溜],酢浆草（鲜）[酸模草，酸溜溜]，酸模草，酸溜溜,蔬菜,野生蔬菜,蔬菜类及其制品-野生蔬菜类,100g,100,g,,,,生/鲜,,,原始数据库（来源待追溯）,原始导入,未提供,2026-06-25,中,否,否,是,EXT1225,已自动修复，待来源复核,根据同批次能量单位特征完成kJ→kcal换算；原始食品成分来源及宏量营养素仍待进一步核验。,原始能量值 ÷ 4.184（同批次kJ→kcal）,278,kJ换算完成｜来源待追溯
EXT1226,苦苣菜[苦菜、天精菜],苦菜、天精菜,蔬菜类及其制品-野生蔬菜类,32.5,3.1,0.6,4.5,1.7,苦苣菜[苦菜、天精菜],苦苣菜[苦菜、天精菜]，苦菜，天精菜,蔬菜,野生蔬菜,蔬菜类及其制品-野生蔬菜类,100g,100,g,,,,未明确,,,原始数据库（来源待追溯）,原始导入,未提供,2026-06-25,中,否,否,是,EXT1226,已自动修复，待来源复核,根据同批次能量单位特征完成kJ→kcal换算；原始食品成分来源及宏量营养素仍待进一步核验。,原始能量值 ÷ 4.184（同批次kJ→kcal）,136,kJ换算完成｜来源待追溯
EXT1227,苜蓿[草头、金花菜],草头、金花菜,蔬菜类及其制品-野生蔬菜类,35.4,5.0,0.7,2.9,1.4,苜蓿[草头、金花菜],苜蓿[草头、金花菜]，草头，金花菜,蔬菜,野生蔬菜,蔬菜类及其制品-野生蔬菜类,100g,100,g,,,,未明确,,,原始数据库（来源待追溯）,原始导入,未提供,2026-06-25,中,否,否,是,EXT1227,已自动修复，待来源复核,根据同批次能量单位特征完成kJ→kcal换算；原始食品成分来源及宏量营养素仍待进一步核验。,原始能量值 ÷ 4.184（同批次kJ→kcal）,148,kJ换算完成｜来源待追溯
EXT1228,鱼腥草（叶）[蕺菜、臭菜],蕺菜、臭菜,蔬菜类及其制品-野生蔬菜类,31.3,2.1,0.1,10.7,0.0,鱼腥草（叶）[蕺菜、臭菜],鱼腥草（叶）[蕺菜、臭菜]，蕺菜，臭菜,蔬菜,野生蔬菜,蔬菜类及其制品-野生蔬菜类,100g,100,g,,,,未明确,,,原始数据库（来源待追溯）,原始导入,未提供,2026-06-25,中,否,否,是,EXT1228,已自动修复，待来源复核,根据同批次能量单位特征完成kJ→kcal换算；原始食品成分来源及宏量营养素仍待进一步核验。,原始能量值 ÷ 4.184（同批次kJ→kcal）,131,kJ换算完成｜来源待追溯
EXT1229,鱼腥草（根）,折耳根，猪鼻拱，蕺菜，侧耳根,蔬菜类及其制品-野生蔬菜类,62.4,2.1,0.1,19.5,0.0,鱼腥草（根）,鱼腥草（根），折耳根，猪鼻拱，蕺菜，侧耳根,蔬菜,野生蔬菜,蔬菜类及其制品-野生蔬菜类,100g,100,g,,,,未明确,,,原始数据库（来源待追溯）,原始导入,未提供,2026-06-25,中,否,否,是,EXT1229,已自动修复，待来源复核,根据同批次能量单位特征完成kJ→kcal换算；原始食品成分来源及宏量营养素仍待进一步核验。,原始能量值 ÷ 4.184（同批次kJ→kcal）,261,kJ换算完成｜来源待追溯
EXT1230,刺五加尖,,蔬菜类及其制品-野生蔬菜类,69.0,4.8,1.0,10.2,0.0,刺五加尖,刺五加尖,蔬菜,野生蔬菜,蔬菜类及其制品-野生蔬菜类,100g,100,g,,,,未明确,,,原始数据库（来源待追溯）,原始导入,未提供,2026-06-25,中,否,否,是,EXT1230,待来源追溯,原始数据保留；新增结构字段为规则化整理结果。,,69,生熟状态未明确
EXT1231,枸杞叶,,蔬菜类及其制品-野生蔬菜类,34.0,3.0,1.3,5.3,0.0,枸杞叶,枸杞叶,蔬菜,野生蔬菜,蔬菜类及其制品-野生蔬菜类,100g,100,g,,,,未明确,,,原始数据库（来源待追溯）,原始导入,未提供,2026-06-25,中,否,否,是,EXT1231,待来源追溯,原始数据保留；新增结构字段为规则化整理结果。,,34,生熟状态未明确
EXT1232,灰灰菜（干，藜）,灰藜，灰条，落藜，藜,蔬菜类及其制品-野生蔬菜类,312.0,18.3,1.5,56.2,0.0,灰灰菜（干，藜）,灰灰菜（干，藜），灰藜，灰条，落藜，藜,蔬菜,野生蔬菜,蔬菜类及其制品-野生蔬菜类,100g,100,g,,,,干制,,,原始数据库（来源待追溯）,原始导入,未提供,2026-06-25,中,否,否,是,EXT1232,待来源追溯,原始数据保留；新增结构字段为规则化整理结果。,,312,
EXT1233,荆芥,,蔬菜类及其制品-野生蔬菜类,26.0,2.6,0.0,4.3,0.0,荆芥,荆芥,蔬菜,野生蔬菜,蔬菜类及其制品-野生蔬菜类,100g,100,g,,,,未明确,,,原始数据库（来源待追溯）,原始导入,未提供,2026-06-25,中,否,否,是,EXT1233,待来源追溯,原始数据保留；新增结构字段为规则化整理结果。,,26,生熟状态未明确
EXT1234,扁豆 [月亮菜],月亮菜,蔬菜类及其制品-鲜豆类,41.0,2.7,0.2,8.2,2.1,扁豆 [月亮菜],扁豆 [月亮菜]，月亮菜,豆类及豆制品,豆类,蔬菜类及其制品-鲜豆类,100g,100,g,,,,未明确,,,原始数据库（来源待追溯）,原始导入,未提供,2026-06-25,中,否,否,是,EXT1234,待来源追溯,原始数据保留；新增结构字段为规则化整理结果。,,41,
EXT1235,蚕豆 (鲜),胡豆，罗汉豆，佛豆,蔬菜类及其制品-鲜豆类,111.0,8.8,0.4,19.5,3.1,蚕豆 (鲜),蚕豆 (鲜)，胡豆，罗汉豆，佛豆,豆类及豆制品,豆类,蔬菜类及其制品-鲜豆类,100g,100,g,,,,生/鲜,,,原始数据库（来源待追溯）,原始导入,未提供,2026-06-25,中,否,否,是,EXT1235,待来源追溯,原始数据保留；新增结构字段为规则化整理结果。,,111,
EXT1236,刀豆 (鲜),,蔬菜类及其制品-鲜豆类,40.0,3.1,0.3,7.0,1.8,刀豆 (鲜),刀豆 (鲜),豆类及豆制品,豆类,蔬菜类及其制品-鲜豆类,100g,100,g,,,,生/鲜,,,原始数据库（来源待追溯）,原始导入,未提供,2026-06-25,中,否,否,是,EXT1236,待来源追溯,原始数据保留；新增结构字段为规则化整理结果。,,40,
EXT1237,豆角,,蔬菜类及其制品-鲜豆类,34.0,2.5,0.2,6.7,2.1,豆角,豆角,豆类及豆制品,豆类,蔬菜类及其制品-鲜豆类,100g,100,g,,,,未明确,,,原始数据库（来源待追溯）,原始导入,未提供,2026-06-25,中,否,否,是,EXT1237,待来源追溯,原始数据保留；新增结构字段为规则化整理结果。,,34,
EXT1238,"豆角 (鲜, 白)",,蔬菜类及其制品-鲜豆类,35.0,2.2,0.2,7.4,2.6,"豆角 (鲜, 白)","豆角 (鲜, 白)",豆类及豆制品,豆类,蔬菜类及其制品-鲜豆类,100g,100,g,,,,生/鲜,,,原始数据库（来源待追溯）,原始导入,未提供,2026-06-25,中,否,否,是,EXT1238,待来源追溯,原始数据保留；新增结构字段为规则化整理结果。,,35,
EXT1239,荷兰豆,雪豌豆，荷仁豆，甜豌豆，软荚豌豆,蔬菜类及其制品-鲜豆类,30.0,2.5,0.3,4.9,1.4,荷兰豆,荷兰豆，雪豌豆，荷仁豆，甜豌豆，软荚豌豆,豆类及豆制品,豆类,蔬菜类及其制品-鲜豆类,100g,100,g,,,,未明确,,,原始数据库（来源待追溯）,原始导入,未提供,2026-06-25,中,否,否,是,EXT1239,待来源追溯,原始数据保留；新增结构字段为规则化整理结果。,,30,
EXT1240,龙豆 (鲜),,蔬菜类及其制品-鲜豆类,36.0,3.7,0.5,5.0,1.9,龙豆 (鲜),龙豆 (鲜),豆类及豆制品,豆类,蔬菜类及其制品-鲜豆类,100g,100,g,,,,生/鲜,,,原始数据库（来源待追溯）,原始导入,未提供,2026-06-25,中,否,否,是,EXT1240,待来源追溯,原始数据保留；新增结构字段为规则化整理结果。,,36,
EXT1241,龙牙豆 (鲜) [玉豆],玉豆,蔬菜类及其制品-鲜豆类,19.0,2.6,0.2,2.4,1.3,龙牙豆 (鲜) [玉豆],龙牙豆 (鲜) [玉豆]，玉豆,豆类及豆制品,豆类,蔬菜类及其制品-鲜豆类,100g,100,g,,,,生/鲜,,,原始数据库（来源待追溯）,原始导入,未提供,2026-06-25,中,否,否,是,EXT1241,待来源追溯,原始数据保留；新增结构字段为规则化整理结果。,,19,
EXT1242,"毛豆 (鲜) [青豆, 菜用大豆]",青豆，菜用大豆,蔬菜类及其制品-鲜豆类,131.0,13.1,5.0,10.5,4.0,"毛豆 (鲜) [青豆, 菜用大豆]","毛豆 (鲜) [青豆, 菜用大豆]，青豆，菜用大豆",豆类及豆制品,豆类,蔬菜类及其制品-鲜豆类,100g,100,g,,,,生/鲜,,,原始数据库（来源待追溯）,原始导入,未提供,2026-06-25,中,否,否,是,EXT1242,待来源追溯,原始数据保留；新增结构字段为规则化整理结果。,,131,
EXT1243,四季豆 (菜豆),菜豆，芸豆（鲜），敏豆，玉豆,蔬菜类及其制品-鲜豆类,31.0,2.0,0.4,5.7,1.5,四季豆 (菜豆),四季豆 (菜豆)，菜豆，芸豆（鲜），敏豆，玉豆,豆类及豆制品,豆类,蔬菜类及其制品-鲜豆类,100g,100,g,,,,未明确,,,原始数据库（来源待追溯）,原始导入,未提供,2026-06-25,中,否,否,是,EXT1243,待来源追溯,原始数据保留；新增结构字段为规则化整理结果。,,31,
EXT1244,"豌豆 (带荚, 鲜) [回回豆]",回回豆,蔬菜类及其制品-鲜豆类,111.0,7.4,0.3,21.2,3.0,"豌豆 (带荚, 鲜) [回回豆]","豌豆 (带荚, 鲜) [回回豆]，回回豆",豆类及豆制品,豆类,蔬菜类及其制品-鲜豆类,100g,100,g,,,,生/鲜,,,原始数据库（来源待追溯）,原始导入,未提供,2026-06-25,中,否,否,是,EXT1244,待来源追溯,原始数据保留；新增结构字段为规则化整理结果。,,111,
EXT1245,豌豆尖,麦豆，寒豆，雪豆,蔬菜类及其制品-鲜豆类,225.0,3.1,0.0,53.9,1.3,豌豆尖,豌豆尖，麦豆，寒豆，雪豆,豆类及豆制品,豆类,蔬菜类及其制品-鲜豆类,100g,100,g,,,,未明确,,,原始数据库（来源待追溯）,原始导入,未提供,2026-06-25,中,否,否,是,EXT1245,待来源追溯,原始数据保留；新增结构字段为规则化整理结果。,,225,
EXT1246,油豆角 (鲜) [多花菜豆],多花菜豆,蔬菜类及其制品-鲜豆类,25.0,2.4,0.3,3.9,1.6,油豆角 (鲜) [多花菜豆],油豆角 (鲜) [多花菜豆]，多花菜豆,豆类及豆制品,豆类,蔬菜类及其制品-鲜豆类,100g,100,g,,,,生/鲜,,,原始数据库（来源待追溯）,原始导入,未提供,2026-06-25,中,否,否,是,EXT1246,待来源追溯,原始数据保留；新增结构字段为规则化整理结果。,,25,
EXT1247,垄船豆 (鲜),,蔬菜类及其制品-鲜豆类,36.0,2.0,0.4,6.8,1.3,垄船豆 (鲜),垄船豆 (鲜),豆类及豆制品,豆类,蔬菜类及其制品-鲜豆类,100g,100,g,,,,生/鲜,,,原始数据库（来源待追溯）,原始导入,未提供,2026-06-25,中,否,否,是,EXT1247,待来源追溯,原始数据保留；新增结构字段为规则化整理结果。,,36,
EXT1248,芸豆 (鲜),,蔬菜类及其制品-鲜豆类,30.0,0.8,0.1,7.4,2.1,芸豆 (鲜),芸豆 (鲜),豆类及豆制品,豆类,蔬菜类及其制品-鲜豆类,100g,100,g,,,,生/鲜,,,原始数据库（来源待追溯）,原始导入,未提供,2026-06-25,中,否,否,是,EXT1248,待来源追溯,原始数据保留；新增结构字段为规则化整理结果。,,30,
EXT1249,豇豆 (长),豆角（干），长豇豆,蔬菜类及其制品-鲜豆类,32.0,2.7,0.2,5.8,1.8,豇豆 (长),豇豆 (长)，豆角（干），长豇豆,豆类及豆制品,豆类,蔬菜类及其制品-鲜豆类,100g,100,g,,,,未明确,,,原始数据库（来源待追溯）,原始导入,未提供,2026-06-25,中,否,否,是,EXT1249,待来源追溯,原始数据保留；新增结构字段为规则化整理结果。,,32,
EXT1250,扁豆,峨眉豆，眉豆，沿篱豆,蔬菜类及其制品-鲜豆类,32.0,2.3,0.2,7.4,3.9,扁豆,扁豆，峨眉豆，眉豆，沿篱豆,豆类及豆制品,豆类,蔬菜类及其制品-鲜豆类,100g,100,g,,,,未明确,,,原始数据库（来源待追溯）,原始导入,未提供,2026-06-25,中,否,否,是,EXT1250,待来源追溯,原始数据保留；新增结构字段为规则化整理结果。,,32,
EXT1251,豇豆,豆角（干），长豇豆,蔬菜类及其制品-鲜豆类,32.0,2.2,0.3,7.3,0.0,豇豆,豇豆，豆角（干），长豇豆,豆类及豆制品,豆类,蔬菜类及其制品-鲜豆类,100g,100,g,,,,未明确,,,原始数据库（来源待追溯）,原始导入,未提供,2026-06-25,中,否,否,是,EXT1251,待来源追溯,原始数据保留；新增结构字段为规则化整理结果。,,32,
EXT1252,四季豆 [菜豆、芸豆],菜豆、芸豆,蔬菜类及其制品-鲜豆类,24.0,2.0,0.2,6.0,0.0,四季豆 [菜豆、芸豆],四季豆 [菜豆、芸豆]，菜豆，芸豆,豆类及豆制品,豆类,蔬菜类及其制品-鲜豆类,100g,100,g,,,,未明确,,,原始数据库（来源待追溯）,原始导入,未提供,2026-06-25,中,否,否,是,EXT1252,待来源追溯,原始数据保留；新增结构字段为规则化整理结果。,,24,
EXT1253,四棱豆 [杨桃豆、翅豆],杨桃豆、翅豆,蔬菜类及其制品-鲜豆类,19.0,2.0,0.2,4.2,0.0,四棱豆 [杨桃豆、翅豆],四棱豆 [杨桃豆、翅豆]，杨桃豆，翅豆,豆类及豆制品,豆类,蔬菜类及其制品-鲜豆类,100g,100,g,,,,未明确,,,原始数据库（来源待追溯）,原始导入,未提供,2026-06-25,中,否,否,是,EXT1253,待来源追溯,原始数据保留；新增结构字段为规则化整理结果。,,19,
EXT1254,甜脆荷兰豆 [甜豆],甜豆,蔬菜类及其制品-鲜豆类,32.0,3.0,0.3,8.1,6.8,甜脆荷兰豆 [甜豆],甜脆荷兰豆 [甜豆]，甜豆,豆类及豆制品,豆类,蔬菜类及其制品-鲜豆类,100g,100,g,,,,未明确,,,原始数据库（来源待追溯）,原始导入,未提供,2026-06-25,中,否,否,是,EXT1254,待来源追溯,原始数据保留；新增结构字段为规则化整理结果。,,32,
EXT1255,发芽豆,,蔬菜类及其制品-鲜豆类,131.0,12.4,0.7,19.4,1.3,发芽豆,发芽豆,豆类及豆制品,豆类,蔬菜类及其制品-鲜豆类,100g,100,g,,,,未明确,,,原始数据库（来源待追溯）,原始导入,未提供,2026-06-25,中,否,否,是,EXT1255,待来源追溯,原始数据保留；新增结构字段为规则化整理结果。,,131,
EXT1256,黄豆芽,大豆，黄大豆，菽,蔬菜类及其制品-鲜豆类,47.0,4.5,1.6,4.5,1.5,黄豆芽,黄豆芽，大豆，黄大豆，菽,豆类及豆制品,豆类,蔬菜类及其制品-鲜豆类,100g,100,g,,,,未明确,,,原始数据库（来源待追溯）,原始导入,未提供,2026-06-25,低,否,否,否,EXT1256,同名冲突待核验,原始数据保留；新增结构字段为规则化整理结果。,,47,
EXT1257,黄豆芽,大豆，黄大豆，菽,蔬菜类及其制品-鲜豆类,39.0,4.4,1.6,3.6,0.0,黄豆芽,黄豆芽，大豆，黄大豆，菽,豆类及豆制品,豆类,蔬菜类及其制品-鲜豆类,100g,100,g,,,,未明确,,,原始数据库（来源待追溯）,原始导入,未提供,2026-06-25,低,否,否,否,EXT1257,同名冲突待核验,原始数据保留；新增结构字段为规则化整理结果。,,39,
EXT1258,绿豆芽,青小豆，菉豆,蔬菜类及其制品-鲜豆类,16.0,1.7,0.1,2.6,1.2,绿豆芽,绿豆芽，青小豆，菉豆,豆类及豆制品,豆类,蔬菜类及其制品-鲜豆类,100g,100,g,,,,未明确,,,原始数据库（来源待追溯）,原始导入,未提供,2026-06-25,中,否,否,是,EXT1258,待来源追溯,原始数据保留；新增结构字段为规则化整理结果。,,16,
EXT1259,黑豆苗,黑大豆，乌豆，橹豆,蔬菜类及其制品-鲜豆类,30.0,4.4,0.8,2.6,1.6,黑豆苗,黑豆苗，黑大豆，乌豆，橹豆,豆类及豆制品,豆类,蔬菜类及其制品-鲜豆类,100g,100,g,,,,未明确,,,原始数据库（来源待追溯）,原始导入,未提供,2026-06-25,中,否,否,是,EXT1259,待来源追溯,原始数据保留；新增结构字段为规则化整理结果。,,30,
EXT1260,豌豆苗,麦豆，寒豆，雪豆,蔬菜类及其制品-鲜豆类,32.0,4.8,0.8,2.6,0.0,豌豆苗,豌豆苗，麦豆，寒豆，雪豆,豆类及豆制品,豆类,蔬菜类及其制品-鲜豆类,100g,100,g,,,,未明确,,,原始数据库（来源待追溯）,原始导入,未提供,2026-06-25,中,否,否,是,EXT1260,待来源追溯,原始数据保留；新增结构字段为规则化整理结果。,,32,
EXT1261,蚕豆淀粉,胡豆，罗汉豆，佛豆,薯类淀粉及其制品-淀粉类,342.0,0.5,0.0,85.3,0.5,蚕豆淀粉,蚕豆淀粉，胡豆，罗汉豆，佛豆,谷薯及主食,薯类,薯类淀粉及其制品-淀粉类,100g,100,g,,,,未明确,,,原始数据库（来源待追溯）,原始导入,未提供,2026-06-25,中,否,否,是,EXT1261,待来源追溯,原始数据保留；新增结构字段为规则化整理结果。,,342,生熟状态未明确
EXT1262,豌豆淀粉,麦豆，寒豆，雪豆,薯类淀粉及其制品-淀粉类,342.0,0.6,0.0,85.0,0.3,豌豆淀粉,豌豆淀粉，麦豆，寒豆，雪豆,谷薯及主食,薯类,薯类淀粉及其制品-淀粉类,100g,100,g,,,,未明确,,,原始数据库（来源待追溯）,原始导入,未提供,2026-06-25,中,否,否,是,EXT1262,待来源追溯,原始数据保留；新增结构字段为规则化整理结果。,,342,生熟状态未明确
EXT1263,玉米淀粉,生粉，粟粉，玉米生粉，芡粉,薯类淀粉及其制品-淀粉类,346.0,1.2,0.1,85.0,0.1,玉米淀粉,玉米淀粉，生粉，粟粉，玉米生粉，芡粉,谷薯及主食,薯类,薯类淀粉及其制品-淀粉类,100g,100,g,,,,未明确,,,原始数据库（来源待追溯）,原始导入,未提供,2026-06-25,中,否,否,是,EXT1263,待来源追溯,原始数据保留；新增结构字段为规则化整理结果。,,346,生熟状态未明确
EXT1264,团粉 [芡粉],芡粉,薯类淀粉及其制品-淀粉类,348.0,1.5,0.0,85.8,0.8,团粉 [芡粉],团粉 [芡粉]，芡粉,谷薯及主食,薯类,薯类淀粉及其制品-淀粉类,100g,100,g,,,,未明确,,,原始数据库（来源待追溯）,原始导入,未提供,2026-06-25,中,否,否,是,EXT1264,待来源追溯,原始数据保留；新增结构字段为规则化整理结果。,,348,生熟状态未明确
EXT1265,藕粉,莲藕粉，藕粉,薯类淀粉及其制品-淀粉类,373.0,0.2,0.0,93.0,0.1,藕粉,藕粉，莲藕粉,谷薯及主食,薯类,薯类淀粉及其制品-淀粉类,100g,100,g,,,,未明确,,,原始数据库（来源待追溯）,原始导入,未提供,2026-06-25,中,否,否,是,EXT1265,待来源追溯,原始数据保留；新增结构字段为规则化整理结果。,,373,生熟状态未明确
EXT1266,桂花藕粉,莲藕粉，藕粉,薯类淀粉及其制品-淀粉类,344.0,0.4,0.1,85.3,0.0,桂花藕粉,桂花藕粉，莲藕粉，藕粉,谷薯及主食,薯类,薯类淀粉及其制品-淀粉类,100g,100,g,,,,未明确,,,原始数据库（来源待追溯）,原始导入,未提供,2026-06-25,中,否,否,是,EXT1266,待来源追溯,原始数据保留；新增结构字段为规则化整理结果。,,344,生熟状态未明确
EXT1267,"魔芋精粉 [鬼芋粉,南星粉]",鬼芋粉，南星粉,薯类淀粉及其制品-淀粉类,186.0,4.6,0.1,78.8,74.4,"魔芋精粉 [鬼芋粉,南星粉]","魔芋精粉 [鬼芋粉,南星粉]，鬼芋粉，南星粉",谷薯及主食,薯类,薯类淀粉及其制品-淀粉类,100g,100,g,,,,未明确,,,原始数据库（来源待追溯）,原始导入,未提供,2026-06-25,中,否,否,是,EXT1267,待来源追溯,原始数据保留；新增结构字段为规则化整理结果。,,186,生熟状态未明确
EXT1268,淀粉(小麦),麦子,薯类淀粉及其制品-淀粉类,351.0,0.2,0.5,86.0,0.0,淀粉(小麦),淀粉(小麦)，麦子,谷薯及主食,薯类,薯类淀粉及其制品-淀粉类,100g,100,g,,,,未明确,,,原始数据库（来源待追溯）,原始导入,未提供,2026-06-25,中,否,否,是,EXT1268,待来源追溯,原始数据保留；新增结构字段为规则化整理结果。,,351,生熟状态未明确
EXT1269,淀粉(大米),,薯类淀粉及其制品-淀粉类,366.0,0.2,0.7,89.3,0.0,淀粉(大米),淀粉(大米),谷薯及主食,薯类,薯类淀粉及其制品-淀粉类,100g,100,g,,,,未明确,,,原始数据库（来源待追溯）,原始导入,未提供,2026-06-25,中,否,否,是,EXT1269,待来源追溯,原始数据保留；新增结构字段为规则化整理结果。,,366,生熟状态未明确
EXT1270,淀粉(马铃薯),土豆，洋芋，山药蛋，地蛋，荷兰薯,薯类淀粉及其制品-淀粉类,332.0,0.1,0.1,82.0,0.0,淀粉(马铃薯),淀粉(马铃薯)，土豆，洋芋，山药蛋，地蛋，荷兰薯,谷薯及主食,薯类,薯类淀粉及其制品-淀粉类,100g,100,g,,,,未明确,,,原始数据库（来源待追溯）,原始导入,未提供,2026-06-25,中,否,否,是,EXT1270,待来源追溯,原始数据保留；新增结构字段为规则化整理结果。,,332,生熟状态未明确
EXT1271,淀粉（甘薯）,,薯类淀粉及其制品-淀粉类,342.0,0.1,0.2,84.4,0.0,淀粉（甘薯）,淀粉（甘薯）,谷薯及主食,薯类,薯类淀粉及其制品-淀粉类,100g,100,g,,,,未明确,,,原始数据库（来源待追溯）,原始导入,未提供,2026-06-25,中,否,否,是,EXT1271,待来源追溯,原始数据保留；新增结构字段为规则化整理结果。,,342,生熟状态未明确
EXT1272,煎炸粉,,薯类淀粉及其制品-淀粉类,331.0,12.1,1.4,73.6,0.7,煎炸粉,煎炸粉,谷薯及主食,薯类,薯类淀粉及其制品-淀粉类,100g,100,g,,,,未明确,炸/煎,,原始数据库（来源待追溯）,原始导入,未提供,2026-06-25,中,否,否,是,EXT1272,待来源追溯,原始数据保留；新增结构字段为规则化整理结果。,,331,生熟状态未明确
EXT1273,粉丝,粉条，薯粉条,薯类淀粉及其制品-淀粉类,338.0,0.8,0.2,83.7,1.1,粉丝,粉丝，粉条，薯粉条,谷薯及主食,薯类,薯类淀粉及其制品-淀粉类,100g,100,g,,,,未明确,,,原始数据库（来源待追溯）,原始导入,未提供,2026-06-25,中,否,否,是,EXT1273,待来源追溯,原始数据保留；新增结构字段为规则化整理结果。,,338,生熟状态未明确
EXT1274,豌豆粉丝,粉丝，龙口粉丝,薯类淀粉及其制品-淀粉类,368.0,0.4,0.0,91.7,0.3,豌豆粉丝,豌豆粉丝，粉丝，龙口粉丝,谷薯及主食,薯类,薯类淀粉及其制品-淀粉类,100g,100,g,,,,未明确,,,原始数据库（来源待追溯）,原始导入,未提供,2026-06-25,中,否,否,是,EXT1274,待来源追溯,原始数据保留；新增结构字段为规则化整理结果。,,368,生熟状态未明确
EXT1275,粉条,粉丝，红薯粉条，宽粉,薯类淀粉及其制品-淀粉类,338.0,0.5,0.1,84.2,0.6,粉条,粉条，粉丝，红薯粉条，宽粉,谷薯及主食,薯类,薯类淀粉及其制品-淀粉类,100g,100,g,,,,未明确,,,原始数据库（来源待追溯）,原始导入,未提供,2026-06-25,中,否,否,是,EXT1275,待来源追溯,原始数据保留；新增结构字段为规则化整理结果。,,338,生熟状态未明确
EXT1276,马铃薯[土豆、洋芋],土豆、洋芋,薯类淀粉及其制品-薯类,81.0,2.6,0.2,17.8,1.1,马铃薯[土豆、洋芋],马铃薯[土豆、洋芋]，土豆，洋芋,谷薯及主食,薯类,薯类淀粉及其制品-薯类,100g,100,g,,,,未明确,,,原始数据库（来源待追溯）,原始导入,未提供,2026-06-25,中,否,否,是,EXT1276,待来源追溯,原始数据保留；新增结构字段为规则化整理结果。,,81,生熟状态未明确
EXT1277,马铃薯丁(脱水),土豆，洋芋，山药蛋，地蛋，荷兰薯,薯类淀粉及其制品-薯类,344.0,5.7,0.5,80.7,3.3,马铃薯丁(脱水),马铃薯丁(脱水)，土豆，洋芋，山药蛋，地蛋，荷兰薯,谷薯及主食,薯类,薯类淀粉及其制品-薯类,100g,100,g,,,,干制,,,原始数据库（来源待追溯）,原始导入,未提供,2026-06-25,中,否,否,是,EXT1277,待来源追溯,原始数据保留；新增结构字段为规则化整理结果。,,344,
EXT1278,马铃薯(烤),土豆，洋芋，山药蛋，地蛋，荷兰薯,薯类淀粉及其制品-薯类,70.0,1.8,0.1,16.4,0.4,马铃薯(烤),马铃薯(烤)，土豆，洋芋，山药蛋，地蛋，荷兰薯,谷薯及主食,薯类,薯类淀粉及其制品-薯类,100g,100,g,,,,未明确,烤,,原始数据库（来源待追溯）,原始导入,未提供,2026-06-25,中,否,否,是,EXT1278,待来源追溯,原始数据保留；新增结构字段为规则化整理结果。,,70,生熟状态未明确
EXT1279,马铃薯(蒸),土豆，洋芋，山药蛋，地蛋，荷兰薯,薯类淀粉及其制品-薯类,69.0,3.0,0.0,15.3,0.2,马铃薯(蒸),马铃薯(蒸)，土豆，洋芋，山药蛋，地蛋，荷兰薯,谷薯及主食,薯类,薯类淀粉及其制品-薯类,100g,100,g,,,,未明确,蒸,,原始数据库（来源待追溯）,原始导入,未提供,2026-06-25,中,否,否,是,EXT1279,待来源追溯,原始数据保留；新增结构字段为规则化整理结果。,,69,生熟状态未明确
EXT1280,马铃薯(煮),土豆，洋芋，山药蛋，地蛋，荷兰薯,薯类淀粉及其制品-薯类,65.0,3.2,0.0,14.2,0.2,马铃薯(煮),马铃薯(煮)，土豆，洋芋，山药蛋，地蛋，荷兰薯,谷薯及主食,薯类,薯类淀粉及其制品-薯类,100g,100,g,,,,未明确,煮,,原始数据库（来源待追溯）,原始导入,未提供,2026-06-25,中,否,否,是,EXT1280,待来源追溯,原始数据保留；新增结构字段为规则化整理结果。,,65,生熟状态未明确
EXT1281,马铃薯全粉,土豆，洋芋，山药蛋，地蛋，荷兰薯,薯类淀粉及其制品-薯类,362.0,8.4,0.5,82.7,3.5,马铃薯全粉,马铃薯全粉，土豆，洋芋，山药蛋，地蛋，荷兰薯,谷薯及主食,薯类,薯类淀粉及其制品-薯类,100g,100,g,,,,未明确,,,原始数据库（来源待追溯）,原始导入,未提供,2026-06-25,中,否,否,是,EXT1281,待来源追溯,原始数据保留；新增结构字段为规则化整理结果。,,362,生熟状态未明确
EXT1282,甘薯(白心)[红皮山芋],红皮山芋,薯类淀粉及其制品-薯类,106.0,1.4,0.2,25.2,1.0,甘薯(白心)[红皮山芋],甘薯(白心)[红皮山芋]，红皮山芋,谷薯及主食,薯类,薯类淀粉及其制品-薯类,100g,100,g,,,,未明确,,,原始数据库（来源待追溯）,原始导入,未提供,2026-06-25,中,否,否,是,EXT1282,待来源追溯,原始数据保留；新增结构字段为规则化整理结果。,,106,生熟状态未明确
EXT1283,甘薯片[白薯干],白薯干,薯类淀粉及其制品-薯类,344.0,4.7,0.8,80.5,2.0,甘薯片[白薯干],甘薯片[白薯干]，白薯干,谷薯及主食,薯类,薯类淀粉及其制品-薯类,100g,100,g,,,,未明确,,,原始数据库（来源待追溯）,原始导入,未提供,2026-06-25,中,否,否,是,EXT1283,待来源追溯,原始数据保留；新增结构字段为规则化整理结果。,,344,生熟状态未明确
EXT1284,甘薯粉[地瓜粉],地瓜粉,薯类淀粉及其制品-薯类,336.0,2.7,0.2,80.9,0.1,甘薯粉[地瓜粉],甘薯粉[地瓜粉]，地瓜粉,谷薯及主食,薯类,薯类淀粉及其制品-薯类,100g,100,g,,,,未明确,,,原始数据库（来源待追溯）,原始导入,未提供,2026-06-25,中,否,否,是,EXT1284,待来源追溯,原始数据保留；新增结构字段为规则化整理结果。,,336,生熟状态未明确
EXT1285,甘薯(红心)[山芋、红薯],山芋、红薯,薯类淀粉及其制品-薯类,61.0,0.7,0.2,15.3,0.0,甘薯(红心)[山芋、红薯],甘薯(红心)[山芋、红薯]，山芋，红薯,谷薯及主食,薯类,薯类淀粉及其制品-薯类,100g,100,g,,,,未明确,,,原始数据库（来源待追溯）,原始导入,未提供,2026-06-25,中,否,否,是,EXT1285,待来源追溯,原始数据保留；新增结构字段为规则化整理结果。,,61,生熟状态未明确
EXT1286,木薯,树薯，南洋薯,薯类淀粉及其制品-薯类,119.0,2.1,0.3,27.8,1.6,木薯,木薯，树薯，南洋薯,谷薯及主食,薯类,薯类淀粉及其制品-薯类,100g,100,g,,,,未明确,,,原始数据库（来源待追溯）,原始导入,未提供,2026-06-25,中,否,否,是,EXT1286,待来源追溯,原始数据保留；新增结构字段为规则化整理结果。,,119,生熟状态未明确
EXT1287,鸡蛋（代表值）,鸡蛋，鸡子儿，鲜鸡蛋,蛋类及其制品-鸡蛋,139.0,13.1,8.6,2.4,0.0,鸡蛋（代表值）,鸡蛋（代表值），鸡蛋，鸡子儿，鲜鸡蛋,蛋类,其他,蛋类及其制品-鸡蛋,100g,100,g,,,,未明确,,,原始数据库（来源待追溯）,原始导入,未提供,2026-06-25,中,否,否,是,EXT1287,待来源追溯,原始数据保留；新增结构字段为规则化整理结果。,,139,生熟状态未明确
EXT1288,鸡蛋（白皮）,白壳鸡蛋，白鸡蛋,蛋类及其制品-鸡蛋,138.0,12.7,9.0,1.5,0.0,鸡蛋（白皮）,鸡蛋（白皮），白壳鸡蛋，白鸡蛋,蛋类,其他,蛋类及其制品-鸡蛋,100g,100,g,,,,未明确,,,原始数据库（来源待追溯）,原始导入,未提供,2026-06-25,中,否,否,是,EXT1288,待来源追溯,原始数据保留；新增结构字段为规则化整理结果。,,138,生熟状态未明确
EXT1289,鸡蛋（土鸡）,土鸡蛋，柴鸡蛋，笨鸡蛋,蛋类及其制品-鸡蛋,138.0,14.4,6.4,5.6,0.0,鸡蛋（土鸡）,鸡蛋（土鸡），土鸡蛋，柴鸡蛋，笨鸡蛋,蛋类,其他,蛋类及其制品-鸡蛋,100g,100,g,,,,未明确,,,原始数据库（来源待追溯）,原始导入,未提供,2026-06-25,中,否,否,是,EXT1289,待来源追溯,原始数据保留；新增结构字段为规则化整理结果。,,138,生熟状态未明确
EXT1290,鸡蛋白,蛋清，蛋白，蛋清液,蛋类及其制品-鸡蛋,60.0,11.6,0.1,3.1,0.0,鸡蛋白,鸡蛋白，蛋清，蛋白，蛋清液,蛋类,其他,蛋类及其制品-鸡蛋,100g,100,g,,,,未明确,,,原始数据库（来源待追溯）,原始导入,未提供,2026-06-25,中,否,否,是,EXT1290,待来源追溯,原始数据保留；新增结构字段为规则化整理结果。,,60,生熟状态未明确
EXT1291,鸡蛋白（乌骨鸡）,蛋清，蛋白，蛋清液,蛋类及其制品-鸡蛋,44.0,9.8,0.1,1.0,0.0,鸡蛋白（乌骨鸡）,鸡蛋白（乌骨鸡），蛋清，蛋白，蛋清液,蛋类,其他,蛋类及其制品-鸡蛋,100g,100,g,,,,未明确,,,原始数据库（来源待追溯）,原始导入,未提供,2026-06-25,中,否,否,是,EXT1291,待来源追溯,原始数据保留；新增结构字段为规则化整理结果。,,44,生熟状态未明确
EXT1292,鸡蛋黄,蛋黄，生蛋黄,蛋类及其制品-鸡蛋,328.0,15.2,28.2,3.4,0.0,鸡蛋黄,鸡蛋黄，蛋黄，生蛋黄,蛋类,其他,蛋类及其制品-鸡蛋,100g,100,g,,,,未明确,,,原始数据库（来源待追溯）,原始导入,未提供,2026-06-25,中,否,否,是,EXT1292,待来源追溯,原始数据保留；新增结构字段为规则化整理结果。,,328,生熟状态未明确
EXT1293,鸡蛋黄（乌骨鸡）,蛋黄，生蛋黄,蛋类及其制品-鸡蛋,263.0,15.2,19.9,5.7,0.0,鸡蛋黄（乌骨鸡）,鸡蛋黄（乌骨鸡），蛋黄，生蛋黄,蛋类,其他,蛋类及其制品-鸡蛋,100g,100,g,,,,未明确,,,原始数据库（来源待追溯）,原始导入,未提供,2026-06-25,中,否,否,是,EXT1293,待来源追溯,原始数据保留；新增结构字段为规则化整理结果。,,263,生熟状态未明确
EXT1294,鸡蛋（红皮）,红壳鸡蛋，红鸡蛋，褐壳蛋,蛋类及其制品-鸡蛋,143.0,12.2,10.5,0.0,0.0,鸡蛋（红皮）,鸡蛋（红皮），红壳鸡蛋，红鸡蛋，褐壳蛋,蛋类,其他,蛋类及其制品-鸡蛋,100g,100,g,,,,未明确,,,原始数据库（来源待追溯）,原始导入,未提供,2026-06-25,中,否,否,是,EXT1294,待来源追溯,原始数据保留；新增结构字段为规则化整理结果。,,143,生熟状态未明确
EXT1295,鸡蛋（藏鸡蛋）,,蛋类及其制品-鸡蛋,162.0,12.6,11.3,2.4,0.0,鸡蛋（藏鸡蛋）,鸡蛋（藏鸡蛋）,蛋类,其他,蛋类及其制品-鸡蛋,100g,100,g,,,,未明确,,,原始数据库（来源待追溯）,原始导入,未提供,2026-06-25,中,否,否,是,EXT1295,待来源追溯,原始数据保留；新增结构字段为规则化整理结果。,,162,生熟状态未明确
EXT1296,鸡蛋（乌鸡蛋，绿皮）,,蛋类及其制品-鸡蛋,170.0,12.6,10.6,6.1,0.0,鸡蛋（乌鸡蛋，绿皮）,鸡蛋（乌鸡蛋，绿皮）,蛋类,其他,蛋类及其制品-鸡蛋,100g,100,g,,,,未明确,,,原始数据库（来源待追溯）,原始导入,未提供,2026-06-25,中,否,否,是,EXT1296,待来源追溯,原始数据保留；新增结构字段为规则化整理结果。,,170,生熟状态未明确
EXT1297,鸡蛋粉 [全蛋粉],全蛋粉,蛋类及其制品-鸡蛋,545.0,43.4,36.2,11.3,0.0,鸡蛋粉 [全蛋粉],鸡蛋粉 [全蛋粉]，全蛋粉,蛋类,其他,蛋类及其制品-鸡蛋,100g,100,g,,,,未明确,,,原始数据库（来源待追溯）,原始导入,未提供,2026-06-25,中,否,否,是,EXT1297,待来源追溯,原始数据保留；新增结构字段为规则化整理结果。,,545,生熟状态未明确
EXT1298,鸡蛋黄粉,蛋黄，生蛋黄,蛋类及其制品-鸡蛋,644.0,31.6,55.1,5.3,0.0,鸡蛋黄粉,鸡蛋黄粉，蛋黄，生蛋黄,蛋类,其他,蛋类及其制品-鸡蛋,100g,100,g,,,,未明确,,,原始数据库（来源待追溯）,原始导入,未提供,2026-06-25,中,否,否,是,EXT1298,待来源追溯,原始数据保留；新增结构字段为规则化整理结果。,,644,生熟状态未明确
EXT1299,松花蛋（鸡蛋）,皮蛋，变蛋，松花蛋，彩蛋,蛋类及其制品-鸡蛋,178.0,14.8,10.6,5.8,0.0,松花蛋（鸡蛋）,松花蛋（鸡蛋），皮蛋，变蛋，松花蛋，彩蛋,蛋类,其他,蛋类及其制品-鸡蛋,100g,100,g,,,,未明确,,,原始数据库（来源待追溯）,原始导入,未提供,2026-06-25,中,否,否,是,EXT1299,待来源追溯,原始数据保留；新增结构字段为规则化整理结果。,,178,生熟状态未明确
EXT1300,鸡蛋（煮）,,蛋类及其制品-鸡蛋,143.0,12.1,10.5,0.1,0.0,鸡蛋（煮）,鸡蛋（煮）,蛋类,其他,蛋类及其制品-鸡蛋,100g,100,g,,,,未明确,煮,,原始数据库（来源待追溯）,原始导入,未提供,2026-06-25,中,否,否,是,EXT1300,待来源追溯,原始数据保留；新增结构字段为规则化整理结果。,,143,生熟状态未明确
EXT1301,毛蛋,,蛋类及其制品-鸡蛋,176.0,14.2,13.2,0.0,0.0,毛蛋,毛蛋,蛋类,其他,蛋类及其制品-鸡蛋,100g,100,g,,,,未明确,,,原始数据库（来源待追溯）,原始导入,未提供,2026-06-25,中,否,否,是,EXT1301,待来源追溯,原始数据保留；新增结构字段为规则化整理结果。,,176,生熟状态未明确
EXT1302,荷包蛋（油煎）,,蛋类及其制品-鸡蛋,195.0,13.5,15.0,1.4,0.0,荷包蛋（油煎）,荷包蛋（油煎）,蛋类,其他,蛋类及其制品-鸡蛋,100g,100,g,,,,未明确,煎,,原始数据库（来源待追溯）,原始导入,未提供,2026-06-25,中,否,否,是,EXT1302,待来源追溯,原始数据保留；新增结构字段为规则化整理结果。,,195,生熟状态未明确
EXT1303,荷包蛋（煮）,,蛋类及其制品-鸡蛋,155.0,12.3,11.7,0.2,0.0,荷包蛋（煮）,荷包蛋（煮）,蛋类,其他,蛋类及其制品-鸡蛋,100g,100,g,,,,未明确,煮,,原始数据库（来源待追溯）,原始导入,未提供,2026-06-25,中,否,否,是,EXT1303,待来源追溯,原始数据保留；新增结构字段为规则化整理结果。,,155,生熟状态未明确
EXT1304,鸭蛋,鸭蛋，青壳鸭蛋,蛋类及其制品-鸭蛋,180.0,12.6,13.0,3.1,0.0,鸭蛋,鸭蛋，青壳鸭蛋,蛋类,其他,蛋类及其制品-鸭蛋,100g,100,g,,,,未明确,,,原始数据库（来源待追溯）,原始导入,未提供,2026-06-25,中,否,否,是,EXT1304,待来源追溯,原始数据保留；新增结构字段为规则化整理结果。,,180,生熟状态未明确
EXT1305,鸭蛋白,鸭蛋清，青壳蛋白,蛋类及其制品-鸭蛋,47.0,9.9,0.0,1.8,0.0,鸭蛋白,鸭蛋白，鸭蛋清，青壳蛋白,蛋类,其他,蛋类及其制品-鸭蛋,100g,100,g,,,,未明确,,,原始数据库（来源待追溯）,原始导入,未提供,2026-06-25,中,否,否,是,EXT1305,待来源追溯,原始数据保留；新增结构字段为规则化整理结果。,,47,生熟状态未明确
EXT1306,鸭蛋黄,鸭蛋黄，咸蛋黄原料,蛋类及其制品-鸭蛋,378.0,14.5,33.8,4.0,0.0,鸭蛋黄,鸭蛋黄，咸蛋黄原料,蛋类,其他,蛋类及其制品-鸭蛋,100g,100,g,,,,未明确,,,原始数据库（来源待追溯）,原始导入,未提供,2026-06-25,中,否,否,是,EXT1306,待来源追溯,原始数据保留；新增结构字段为规则化整理结果。,,378,生熟状态未明确
EXT1307,海鸭蛋,鸭蛋，青壳鸭蛋,蛋类及其制品-鸭蛋,243.0,12.7,13.8,16.9,0.0,海鸭蛋,海鸭蛋，鸭蛋，青壳鸭蛋,蛋类,其他,蛋类及其制品-鸭蛋,100g,100,g,,,,未明确,,,原始数据库（来源待追溯）,原始导入,未提供,2026-06-25,中,否,否,是,EXT1307,待来源追溯,原始数据保留；新增结构字段为规则化整理结果。,,243,生熟状态未明确
EXT1308,松花蛋（鸭蛋）[皮蛋],皮蛋,蛋类及其制品-鸭蛋,171.0,14.2,10.7,4.5,0.0,松花蛋（鸭蛋）[皮蛋],松花蛋（鸭蛋）[皮蛋]，皮蛋,蛋类,其他,蛋类及其制品-鸭蛋,100g,100,g,,,,未明确,,,原始数据库（来源待追溯）,原始导入,未提供,2026-06-25,中,否,否,是,EXT1308,待来源追溯,原始数据保留；新增结构字段为规则化整理结果。,,171,生熟状态未明确
EXT1309,鸭蛋（咸鸭蛋，生）,鸭蛋，青壳鸭蛋,蛋类及其制品-鸭蛋,190.0,12.7,12.7,6.3,0.0,鸭蛋（咸鸭蛋，生）,鸭蛋（咸鸭蛋，生），鸭蛋，青壳鸭蛋,蛋类,其他,蛋类及其制品-鸭蛋,100g,100,g,,,,生/鲜,,,原始数据库（来源待追溯）,原始导入,未提供,2026-06-25,中,否,否,是,EXT1309,待来源追溯,原始数据保留；新增结构字段为规则化整理结果。,,190,
EXT1310,鸭蛋（咸鸭蛋，煮）,鸭蛋，青壳鸭蛋,蛋类及其制品-鸭蛋,177.0,13.8,13.5,0.0,0.0,鸭蛋（咸鸭蛋，煮）,鸭蛋（咸鸭蛋，煮），鸭蛋，青壳鸭蛋,蛋类,其他,蛋类及其制品-鸭蛋,100g,100,g,,,,未明确,煮,,原始数据库（来源待追溯）,原始导入,未提供,2026-06-25,中,否,否,是,EXT1310,待来源追溯,原始数据保留；新增结构字段为规则化整理结果。,,177,生熟状态未明确
EXT1311,鹅蛋,鹅蛋，狮头鹅蛋,蛋类及其制品-鹅蛋,196.0,11.1,15.6,2.8,0.0,鹅蛋,鹅蛋，狮头鹅蛋,蛋类,其他,蛋类及其制品-鹅蛋,100g,100,g,,,,未明确,,,原始数据库（来源待追溯）,原始导入,未提供,2026-06-25,中,否,否,是,EXT1311,待来源追溯,原始数据保留；新增结构字段为规则化整理结果。,,196,生熟状态未明确
EXT1312,鹅蛋白,鹅蛋，狮头鹅蛋,蛋类及其制品-鹅蛋,48.0,8.9,0.0,3.2,0.0,鹅蛋白,鹅蛋白，鹅蛋，狮头鹅蛋,蛋类,其他,蛋类及其制品-鹅蛋,100g,100,g,,,,未明确,,,原始数据库（来源待追溯）,原始导入,未提供,2026-06-25,中,否,否,是,EXT1312,待来源追溯,原始数据保留；新增结构字段为规则化整理结果。,,48,生熟状态未明确
EXT1313,鹅蛋黄,鹅蛋，狮头鹅蛋,蛋类及其制品-鹅蛋,324.0,15.5,26.4,6.2,0.0,鹅蛋黄,鹅蛋黄，鹅蛋，狮头鹅蛋,蛋类,其他,蛋类及其制品-鹅蛋,100g,100,g,,,,未明确,,,原始数据库（来源待追溯）,原始导入,未提供,2026-06-25,中,否,否,是,EXT1313,待来源追溯,原始数据保留；新增结构字段为规则化整理结果。,,324,生熟状态未明确
EXT1314,鹅蛋（煮）,鹅蛋，狮头鹅蛋,蛋类及其制品-鹅蛋,177.0,12.7,13.6,1.0,0.0,鹅蛋（煮）,鹅蛋（煮），鹅蛋，狮头鹅蛋,蛋类,其他,蛋类及其制品-鹅蛋,100g,100,g,,,,未明确,煮,,原始数据库（来源待追溯）,原始导入,未提供,2026-06-25,中,否,否,是,EXT1314,待来源追溯,原始数据保留；新增结构字段为规则化整理结果。,,177,生熟状态未明确
EXT1315,鹌鹑蛋,鹑蛋，鹌鹑卵,蛋类及其制品-鹌鹑蛋,160.0,12.8,11.1,2.1,0.0,鹌鹑蛋,鹌鹑蛋，鹑蛋，鹌鹑卵,蛋类,其他,蛋类及其制品-鹌鹑蛋,100g,100,g,,,,未明确,,,原始数据库（来源待追溯）,原始导入,未提供,2026-06-25,中,否,否,是,EXT1315,待来源追溯,原始数据保留；新增结构字段为规则化整理结果。,,160,生熟状态未明确
EXT1316,鹌鹑蛋（五香罐头）,鹑蛋，鹌鹑卵,蛋类及其制品-鹌鹑蛋,152.0,11.6,11.7,0.0,0.0,鹌鹑蛋（五香罐头）,鹌鹑蛋（五香罐头），鹑蛋，鹌鹑卵,蛋类,其他,蛋类及其制品-鹌鹑蛋,100g,100,g,,,,未明确,,,原始数据库（来源待追溯）,原始导入,未提供,2026-06-25,中,否,否,是,EXT1316,待来源追溯,原始数据保留；新增结构字段为规则化整理结果。,,152,生熟状态未明确
EXT1317,高粱米,蜀黍，芦粟，秫秫,谷类及其制品-其他,360.0,10.4,3.1,74.7,4.3,高粱米,高粱米，蜀黍，芦粟，秫秫,谷薯及主食,谷物及制品,谷类及其制品-其他,100g,100,g,,,,未明确,,,原始数据库（来源待追溯）,原始导入,未提供,2026-06-25,中,否,否,是,EXT1317,待来源追溯,原始数据保留；新增结构字段为规则化整理结果。,,360,生熟状态未明确
EXT1318,糜子（带皮）,黍，稷，穄子,谷类及其制品-其他,336.0,10.6,0.6,75.1,6.3,糜子（带皮）,糜子（带皮），黍，稷，穄子,谷薯及主食,谷物及制品,谷类及其制品-其他,100g,100,g,,,,未明确,,,原始数据库（来源待追溯）,原始导入,未提供,2026-06-25,中,否,否,是,EXT1318,待来源追溯,原始数据保留；新增结构字段为规则化整理结果。,,336,生熟状态未明确
EXT1319,糜子米（炒米）,炒米，蒙古炒米，糜子炒米,谷类及其制品-其他,376.0,8.1,2.6,80.5,1.0,糜子米（炒米）,糜子米（炒米），炒米，蒙古炒米，糜子炒米,谷薯及主食,谷物及制品,谷类及其制品-其他,100g,100,g,,,,未明确,炒,,原始数据库（来源待追溯）,原始导入,未提供,2026-06-25,中,否,否,是,EXT1319,待来源追溯,原始数据保留；新增结构字段为规则化整理结果。,,376,生熟状态未明确
EXT1320,苦荞麦粉,花荞，甜荞，三角麦,谷类及其制品-其他,316.0,9.7,2.7,66.0,5.8,苦荞麦粉,苦荞麦粉，花荞，甜荞，三角麦,谷薯及主食,谷物及制品,谷类及其制品-其他,100g,100,g,,,,未明确,,,原始数据库（来源待追溯）,原始导入,未提供,2026-06-25,中,否,否,是,EXT1320,待来源追溯,原始数据保留；新增结构字段为规则化整理结果。,,316,生熟状态未明确
EXT1321,荞麦,花荞，甜荞，三角麦,谷类及其制品-其他,337.0,9.3,2.3,73.0,6.5,荞麦,荞麦，花荞，甜荞，三角麦,谷薯及主食,谷物及制品,谷类及其制品-其他,100g,100,g,,,,未明确,,,原始数据库（来源待追溯）,原始导入,未提供,2026-06-25,中,否,否,是,EXT1321,待来源追溯,原始数据保留；新增结构字段为规则化整理结果。,,337,生熟状态未明确
EXT1322,荞麦（带皮）,花荞，甜荞，三角麦,谷类及其制品-其他,319.0,9.5,1.7,73.0,13.3,荞麦（带皮）,荞麦（带皮），花荞，甜荞，三角麦,谷薯及主食,谷物及制品,谷类及其制品-其他,100g,100,g,,,,未明确,,,原始数据库（来源待追溯）,原始导入,未提供,2026-06-25,中,否,否,是,EXT1322,待来源追溯,原始数据保留；新增结构字段为规则化整理结果。,,319,生熟状态未明确
EXT1323,薏米 [薏仁米，苡米],薏仁米，苡米,谷类及其制品-其他,361.0,12.8,3.3,71.1,2.0,薏米 [薏仁米，苡米],薏米 [薏仁米，苡米]，薏仁米，苡米,谷薯及主食,谷物及制品,谷类及其制品-其他,100g,100,g,,,,未明确,,,原始数据库（来源待追溯）,原始导入,未提供,2026-06-25,中,否,否,是,EXT1323,待来源追溯,原始数据保留；新增结构字段为规则化整理结果。,,361,生熟状态未明确
EXT1324,薏米面,薏仁，薏苡仁，苡仁,谷类及其制品-其他,351.0,11.3,2.4,73.5,4.8,薏米面,薏米面，薏仁，薏苡仁，苡仁,谷薯及主食,谷物及制品,谷类及其制品-其他,100g,100,g,,,,未明确,,,原始数据库（来源待追溯）,原始导入,未提供,2026-06-25,中,否,否,是,EXT1324,待来源追溯,原始数据保留；新增结构字段为规则化整理结果。,,351,生熟状态未明确
EXT1325,荞麦面,荞面粉，荞麦粉，三角麦面,谷类及其制品-其他,340.0,11.3,2.8,70.2,0.0,荞麦面,荞麦面，荞面粉，荞麦粉，三角麦面,谷薯及主食,谷物及制品,谷类及其制品-其他,100g,100,g,,,,未明确,,,原始数据库（来源待追溯）,原始导入,未提供,2026-06-25,低,否,否,否,EXT1325,同名冲突待核验,原始数据保留；新增结构字段为规则化整理结果。,,340,生熟状态未明确
EXT1326,大麦 [元麦],元麦,谷类及其制品-大麦,327.0,10.2,1.4,73.3,9.9,大麦 [元麦],大麦 [元麦]，元麦,谷薯及主食,谷物及制品,谷类及其制品-大麦,100g,100,g,,,,未明确,,,原始数据库（来源待追溯）,原始导入,未提供,2026-06-25,中,否,否,是,EXT1326,待来源追溯,原始数据保留；新增结构字段为规则化整理结果。,,327,生熟状态未明确
EXT1327,黑大麦,,谷类及其制品-大麦,327.0,10.2,2.2,74.3,15.2,黑大麦,黑大麦,谷薯及主食,谷物及制品,谷类及其制品-大麦,100g,100,g,,,,未明确,,,原始数据库（来源待追溯）,原始导入,未提供,2026-06-25,中,否,否,是,EXT1327,待来源追溯,原始数据保留；新增结构字段为规则化整理结果。,,327,生熟状态未明确
EXT1328,肚里黄,,谷类及其制品-大麦,337.0,8.8,1.2,76.7,8.0,肚里黄,肚里黄,谷薯及主食,谷物及制品,谷类及其制品-大麦,100g,100,g,,,,未明确,,,原始数据库（来源待追溯）,原始导入,未提供,2026-06-25,中,否,否,是,EXT1328,待来源追溯,原始数据保留；新增结构字段为规则化整理结果。,,337,生熟状态未明确
EXT1329,青稞,裸大麦，元麦，米大麦,谷类及其制品-大麦,342.0,8.1,1.5,75.0,1.8,青稞,青稞，裸大麦，元麦，米大麦,谷薯及主食,谷物及制品,谷类及其制品-大麦,100g,100,g,,,,未明确,,,原始数据库（来源待追溯）,原始导入,未提供,2026-06-25,中,否,否,是,EXT1329,待来源追溯,原始数据保留；新增结构字段为规则化整理结果。,,342,生熟状态未明确
EXT1330,小米,粟米，黄小米，谷子,谷类及其制品-小米黄米,361.0,9.0,3.1,75.1,1.6,小米,小米，粟米，黄小米，谷子,谷薯及主食,谷物及制品,谷类及其制品-小米黄米,100g,100,g,,,,未明确,,,原始数据库（来源待追溯）,原始导入,未提供,2026-06-25,中,否,否,是,EXT1330,待来源追溯,原始数据保留；新增结构字段为规则化整理结果。,,361,生熟状态未明确
EXT1331,小米面,小米粉，粟米粉,谷类及其制品-小米黄米,357.0,7.2,2.1,77.7,0.7,小米面,小米面，小米粉，粟米粉,谷薯及主食,谷物及制品,谷类及其制品-小米黄米,100g,100,g,,,,未明确,,,原始数据库（来源待追溯）,原始导入,未提供,2026-06-25,中,否,否,是,EXT1331,待来源追溯,原始数据保留；新增结构字段为规则化整理结果。,,357,生熟状态未明确
EXT1332,小米粥,粟米，黄小米，谷子,谷类及其制品-小米黄米,46.0,1.4,0.7,8.4,0.0,小米粥,小米粥，粟米，黄小米，谷子,谷薯及主食,米饭及粥,谷类及其制品-小米黄米,100g,100,g,,,,未明确,,,原始数据库（来源待追溯）,原始导入,未提供,2026-06-25,中,否,否,是,EXT1332,待来源追溯,原始数据保留；新增结构字段为规则化整理结果。,,46,生熟状态未明确
EXT1333,小米（黄）,粟米，黄小米，谷子,谷类及其制品-小米黄米,364.0,8.9,3.0,77.7,0.0,小米（黄）,小米（黄），粟米，黄小米，谷子,谷薯及主食,谷物及制品,谷类及其制品-小米黄米,100g,100,g,,,,未明确,,,原始数据库（来源待追溯）,原始导入,未提供,2026-06-25,中,否,否,是,EXT1333,待来源追溯,原始数据保留；新增结构字段为规则化整理结果。,,364,生熟状态未明确
EXT1334,大黄米 [黍子],黍子,谷类及其制品-小米黄米,356.0,13.6,2.7,71.1,3.5,大黄米 [黍子],大黄米 [黍子]，黍子,谷薯及主食,谷物及制品,谷类及其制品-小米黄米,100g,100,g,,,,未明确,,,原始数据库（来源待追溯）,原始导入,未提供,2026-06-25,中,否,否,是,EXT1334,待来源追溯,原始数据保留；新增结构字段为规则化整理结果。,,356,生熟状态未明确
EXT1335,黄米,黍米，糜子,谷类及其制品-小米黄米,351.0,9.7,1.5,76.9,4.4,黄米,黄米，黍米，糜子,谷薯及主食,谷物及制品,谷类及其制品-小米黄米,100g,100,g,,,,未明确,,,原始数据库（来源待追溯）,原始导入,未提供,2026-06-25,中,否,否,是,EXT1335,待来源追溯,原始数据保留；新增结构字段为规则化整理结果。,,351,生熟状态未明确
EXT1336,小麦,麦子,谷类及其制品-小麦,338.0,11.9,1.3,75.2,10.8,小麦,小麦，麦子,谷薯及主食,谷物及制品,谷类及其制品-小麦,100g,100,g,,,,未明确,,,原始数据库（来源待追溯）,原始导入,未提供,2026-06-25,中,否,否,是,EXT1336,待来源追溯,原始数据保留；新增结构字段为规则化整理结果。,,338,生熟状态未明确
EXT1337,五谷香,五谷粉，五谷杂粮粉，混合谷物粉,谷类及其制品-小麦,378.0,9.9,2.6,78.9,0.5,五谷香,五谷香，五谷粉，五谷杂粮粉，混合谷物粉,谷薯及主食,谷物及制品,谷类及其制品-小麦,100g,100,g,,,,未明确,,,原始数据库（来源待追溯）,原始导入,未提供,2026-06-25,中,否,否,是,EXT1337,待来源追溯,原始数据保留；新增结构字段为规则化整理结果。,,378,生熟状态未明确
EXT1338,小麦粉（代表值）,面粉，白面，小麦粉,谷类及其制品-小麦,359.0,12.4,1.7,74.1,0.8,小麦粉（代表值）,小麦粉（代表值），面粉，白面，小麦粉,谷薯及主食,谷物及制品,谷类及其制品-小麦,100g,100,g,,,,未明确,,,原始数据库（来源待追溯）,原始导入,未提供,2026-06-25,中,否,否,是,EXT1338,待来源追溯,原始数据保留；新增结构字段为规则化整理结果。,,359,生熟状态未明确
EXT1339,小麦粉（富强粉，特一粉）,面粉，特一粉，高筋面粉,谷类及其制品-小麦,351.0,10.3,1.1,75.2,0.6,小麦粉（富强粉，特一粉）,小麦粉（富强粉，特一粉），面粉，特一粉，高筋面粉,谷薯及主食,谷物及制品,谷类及其制品-小麦,100g,100,g,,,,未明确,,,原始数据库（来源待追溯）,原始导入,未提供,2026-06-25,低,否,否,否,EXT1339,同名冲突待核验,原始数据保留；新增结构字段为规则化整理结果。,,351,生熟状态未明确
EXT1340,小麦粉（特二粉）,面粉，中筋面粉,谷类及其制品-小麦,352.0,10.4,1.1,75.9,1.6,小麦粉（特二粉）,小麦粉（特二粉），面粉，中筋面粉,谷薯及主食,谷物及制品,谷类及其制品-小麦,100g,100,g,,,,未明确,,,原始数据库（来源待追溯）,原始导入,未提供,2026-06-25,中,否,否,是,EXT1340,待来源追溯,原始数据保留；新增结构字段为规则化整理结果。,,352,生熟状态未明确
EXT1341,小麦胚粉,麦子,谷类及其制品-小麦,403.0,36.4,10.1,44.5,5.6,小麦胚粉,小麦胚粉，麦子,谷薯及主食,谷物及制品,谷类及其制品-小麦,100g,100,g,,,,未明确,,,原始数据库（来源待追溯）,原始导入,未提供,2026-06-25,中,否,否,是,EXT1341,待来源追溯,原始数据保留；新增结构字段为规则化整理结果。,,403,生熟状态未明确
EXT1342,麸皮,,谷类及其制品-小麦,282.0,15.8,4.0,61.4,31.3,麸皮,麸皮,谷薯及主食,谷物及制品,谷类及其制品-小麦,100g,100,g,,,,未明确,,,原始数据库（来源待追溯）,原始导入,未提供,2026-06-25,中,否,否,是,EXT1342,待来源追溯,原始数据保留；新增结构字段为规则化整理结果。,,282,生熟状态未明确
EXT1343,小麦粉（标准粉）,面粉，中筋面粉，普通面粉,谷类及其制品-小麦,362.0,15.7,2.5,70.9,0.0,小麦粉（标准粉）,小麦粉（标准粉），面粉，中筋面粉，普通面粉,谷薯及主食,谷物及制品,谷类及其制品-小麦,100g,100,g,,,,未明确,,,原始数据库（来源待追溯）,原始导入,未提供,2026-06-25,中,否,否,是,EXT1343,待来源追溯,原始数据保留；新增结构字段为规则化整理结果。,,362,生熟状态未明确
EXT1344,小麦粉（富强粉，特一粉）,面粉，特一粉，高筋面粉,谷类及其制品-小麦,362.0,12.3,1.5,74.9,0.0,小麦粉（富强粉，特一粉）,小麦粉（富强粉，特一粉），面粉，特一粉，高筋面粉,谷薯及主食,谷物及制品,谷类及其制品-小麦,100g,100,g,,,,未明确,,,原始数据库（来源待追溯）,原始导入,未提供,2026-06-25,低,否,否,否,EXT1344,同名冲突待核验,原始数据保留；新增结构字段为规则化整理结果。,,362,生熟状态未明确
EXT1345,小麦粉（特制）,麦子,谷类及其制品-小麦,366.0,13.3,2.2,73.5,0.3,小麦粉（特制）,小麦粉（特制），麦子,谷薯及主食,谷物及制品,谷类及其制品-小麦,100g,100,g,,,,未明确,,,原始数据库（来源待追溯）,原始导入,未提供,2026-06-25,中,否,否,是,EXT1345,待来源追溯,原始数据保留；新增结构字段为规则化整理结果。,,366,生熟状态未明确
EXT1346,挂面（代表值）,,谷类及其制品-小麦,353.0,11.4,0.9,75.1,0.9,挂面（代表值）,挂面（代表值）,谷薯及主食,谷物及制品,谷类及其制品-小麦,100g,100,g,,,,未明确,,,原始数据库（来源待追溯）,原始导入,未提供,2026-06-25,中,否,否,是,EXT1346,待来源追溯,原始数据保留；新增结构字段为规则化整理结果。,,353,生熟状态未明确
EXT1347,挂面（标准粉）,,谷类及其制品-小麦,348.0,10.1,0.7,76.0,1.6,挂面（标准粉）,挂面（标准粉）,谷薯及主食,谷物及制品,谷类及其制品-小麦,100g,100,g,,,,未明确,,,原始数据库（来源待追溯）,原始导入,未提供,2026-06-25,中,否,否,是,EXT1347,待来源追溯,原始数据保留；新增结构字段为规则化整理结果。,,348,生熟状态未明确
EXT1348,挂面（精制龙须面）,细面条，银丝面,谷类及其制品-小麦,348.0,11.2,0.5,74.7,0.2,挂面（精制龙须面）,挂面（精制龙须面），细面条，银丝面,谷薯及主食,谷物及制品,谷类及其制品-小麦,100g,100,g,,,,未明确,,,原始数据库（来源待追溯）,原始导入,未提供,2026-06-25,中,否,否,是,EXT1348,待来源追溯,原始数据保留；新增结构字段为规则化整理结果。,,348,生熟状态未明确
EXT1349,面条（生，代表值）,,谷类及其制品-小麦,301.0,8.9,0.6,65.6,0.8,面条（生，代表值）,面条（生，代表值）,谷薯及主食,面食及面点,谷类及其制品-小麦,100g,100,g,,,,生/鲜,,,原始数据库（来源待追溯）,原始导入,未提供,2026-06-25,中,否,否,是,EXT1349,待来源追溯,原始数据保留；新增结构字段为规则化整理结果。,,301,
EXT1350,面条（标准粉，切面）,,谷类及其制品-小麦,283.0,8.5,1.6,59.5,1.5,面条（标准粉，切面）,面条（标准粉，切面）,谷薯及主食,面食及面点,谷类及其制品-小麦,100g,100,g,,,,未明确,,,原始数据库（来源待追溯）,原始导入,未提供,2026-06-25,中,否,否,是,EXT1350,待来源追溯,原始数据保留；新增结构字段为规则化整理结果。,,283,生熟状态未明确
EXT1351,面条（特粉，切面）,,谷类及其制品-小麦,287.0,7.3,0.1,64.5,0.6,面条（特粉，切面）,面条（特粉，切面）,谷薯及主食,面食及面点,谷类及其制品-小麦,100g,100,g,,,,未明确,,,原始数据库（来源待追溯）,原始导入,未提供,2026-06-25,中,否,否,是,EXT1351,待来源追溯,原始数据保留；新增结构字段为规则化整理结果。,,287,生熟状态未明确
EXT1352,面条（干切面）,切面，刀切面,谷类及其制品-小麦,355.0,11.0,0.1,77.7,0.2,面条（干切面）,面条（干切面），切面，刀切面,谷薯及主食,面食及面点,谷类及其制品-小麦,100g,100,g,,,,未明确,,,原始数据库（来源待追溯）,原始导入,未提供,2026-06-25,中,否,否,是,EXT1352,待来源追溯,原始数据保留；新增结构字段为规则化整理结果。,,355,生熟状态未明确
EXT1353,面条（虾蓉面）,,谷类及其制品-小麦,436.0,8.5,15.1,68.3,3.6,面条（虾蓉面）,面条（虾蓉面）,谷薯及主食,面食及面点,谷类及其制品-小麦,100g,100,g,,,,未明确,,,原始数据库（来源待追溯）,原始导入,未提供,2026-06-25,中,否,否,是,EXT1353,待来源追溯,原始数据保留；新增结构字段为规则化整理结果。,,436,生熟状态未明确
EXT1354,通心面 [通心粉],通心粉,谷类及其制品-小麦,351.0,11.9,0.1,75.8,0.4,通心面 [通心粉],通心面 [通心粉]，通心粉,谷薯及主食,谷物及制品,谷类及其制品-小麦,100g,100,g,,,,未明确,,,原始数据库（来源待追溯）,原始导入,未提供,2026-06-25,中,否,否,是,EXT1354,待来源追溯,原始数据保留；新增结构字段为规则化整理结果。,,351,生熟状态未明确
EXT1355,挂面（富强粉）,白面条，精面条,谷类及其制品-小麦,363.0,13.0,1.5,74.7,0.0,挂面（富强粉）,挂面（富强粉），白面条，精面条,谷薯及主食,谷物及制品,谷类及其制品-小麦,100g,100,g,,,,未明确,,,原始数据库（来源待追溯）,原始导入,未提供,2026-06-25,中,否,否,是,EXT1355,待来源追溯,原始数据保留；新增结构字段为规则化整理结果。,,363,生熟状态未明确
EXT1356,龙须面（素）,细面条，银丝面,谷类及其制品-小麦,359.0,10.8,1.8,75.7,0.0,龙须面（素）,龙须面（素），细面条，银丝面,谷薯及主食,谷物及制品,谷类及其制品-小麦,100g,100,g,,,,未明确,,,原始数据库（来源待追溯）,原始导入,未提供,2026-06-25,中,否,否,是,EXT1356,待来源追溯,原始数据保留；新增结构字段为规则化整理结果。,,359,生熟状态未明确
EXT1357,龙须面（鸡蛋）,细面条，银丝面,谷类及其制品-小麦,352.0,14.0,1.8,71.5,0.0,龙须面（鸡蛋）,龙须面（鸡蛋），细面条，银丝面,蛋类,其他,谷类及其制品-小麦,100g,100,g,,,,未明确,,,原始数据库（来源待追溯）,原始导入,未提供,2026-06-25,中,否,否,是,EXT1357,待来源追溯,原始数据保留；新增结构字段为规则化整理结果。,,352,生熟状态未明确
EXT1358,玉米（鲜）,包谷，苞米，棒子，玉茭,谷类及其制品-玉米,112.0,4.0,1.2,22.8,2.9,玉米（鲜）,玉米（鲜），包谷，苞米，棒子，玉茭,谷薯及主食,谷物及制品,谷类及其制品-玉米,100g,100,g,,,,生/鲜,,,原始数据库（来源待追溯）,原始导入,未提供,2026-06-25,中,否,否,是,EXT1358,待来源追溯,原始数据保留；新增结构字段为规则化整理结果。,,112,
EXT1359,玉米（白，干）,白玉米，白苞谷，白玉米干,谷类及其制品-玉米,352.0,8.8,3.8,74.7,8.0,玉米（白，干）,玉米（白，干），白玉米，白苞谷，白玉米干,谷薯及主食,谷物及制品,谷类及其制品-玉米,100g,100,g,,,,干制,,,原始数据库（来源待追溯）,原始导入,未提供,2026-06-25,中,否,否,是,EXT1359,待来源追溯,原始数据保留；新增结构字段为规则化整理结果。,,352,
EXT1360,玉米（黄，干）,黄玉米，黄苞谷，黄玉米干,谷类及其制品-玉米,348.0,8.7,3.8,73.0,6.4,玉米（黄，干）,玉米（黄，干），黄玉米，黄苞谷，黄玉米干,谷薯及主食,谷物及制品,谷类及其制品-玉米,100g,100,g,,,,干制,,,原始数据库（来源待追溯）,原始导入,未提供,2026-06-25,中,否,否,是,EXT1360,待来源追溯,原始数据保留；新增结构字段为规则化整理结果。,,348,
EXT1361,玉米面（白）,,谷类及其制品-玉米,352.0,8.0,4.5,73.1,6.2,玉米面（白）,玉米面（白）,谷薯及主食,谷物及制品,谷类及其制品-玉米,100g,100,g,,,,未明确,,,原始数据库（来源待追溯）,原始导入,未提供,2026-06-25,中,否,否,是,EXT1361,待来源追溯,原始数据保留；新增结构字段为规则化整理结果。,,352,生熟状态未明确
EXT1362,玉米面（强化豆粉）,,谷类及其制品-玉米,352.0,11.8,4.9,68.3,6.4,玉米面（强化豆粉）,玉米面（强化豆粉）,谷薯及主食,谷物及制品,谷类及其制品-玉米,100g,100,g,,,,未明确,,,原始数据库（来源待追溯）,原始导入,未提供,2026-06-25,中,否,否,是,EXT1362,待来源追溯,原始数据保留；新增结构字段为规则化整理结果。,,352,生熟状态未明确
EXT1363,玉米粒（黄，干）,,谷类及其制品-玉米,327.0,8.0,0.8,79.2,0.0,玉米粒（黄，干）,玉米粒（黄，干）,谷薯及主食,谷物及制品,谷类及其制品-玉米,100g,100,g,,,,干制,,,原始数据库（来源待追溯）,原始导入,未提供,2026-06-25,中,否,否,是,EXT1363,待来源追溯,原始数据保留；新增结构字段为规则化整理结果。,,327,
EXT1364,玉米面（黄）,玉米粉，苞谷面，棒子面,谷类及其制品-玉米,350.0,8.5,1.5,78.4,0.0,玉米面（黄）,玉米面（黄），玉米粉，苞谷面，棒子面,谷薯及主食,谷物及制品,谷类及其制品-玉米,100g,100,g,,,,未明确,,,原始数据库（来源待追溯）,原始导入,未提供,2026-06-25,中,否,否,是,EXT1364,待来源追溯,原始数据保留；新增结构字段为规则化整理结果。,,350,生熟状态未明确
EXT1365,玉米糁（黄）,,谷类及其制品-玉米,326.0,7.4,1.2,78.7,0.0,玉米糁（黄）,玉米糁（黄）,谷薯及主食,谷物及制品,谷类及其制品-玉米,100g,100,g,,,,未明确,,,原始数据库（来源待追溯）,原始导入,未提供,2026-06-25,中,否,否,是,EXT1365,待来源追溯,原始数据保留；新增结构字段为规则化整理结果。,,326,生熟状态未明确
EXT1366,玉米笋（罐头）,,谷类及其制品-玉米,16.0,1.1,0.2,4.9,4.9,玉米笋（罐头）,玉米笋（罐头）,谷薯及主食,谷物及制品,谷类及其制品-玉米,100g,100,g,,,,未明确,,,原始数据库（来源待追溯）,原始导入,未提供,2026-06-25,中,否,否,是,EXT1366,待来源追溯,原始数据保留；新增结构字段为规则化整理结果。,,16,生熟状态未明确
EXT1367,玉米面面条,,谷类及其制品-玉米,350.0,6.6,0.3,80.5,0.6,玉米面面条,玉米面面条,谷薯及主食,面食及面点,谷类及其制品-玉米,100g,100,g,,,,未明确,,,原始数据库（来源待追溯）,原始导入,未提供,2026-06-25,中,否,否,是,EXT1367,待来源追溯,原始数据保留；新增结构字段为规则化整理结果。,,350,生熟状态未明确
EXT1368,稻米（代表值）,大米，白米，稻米,谷类及其制品-稻米,346.0,7.9,0.9,77.2,0.6,稻米（代表值）,稻米（代表值），大米，白米，稻米,谷薯及主食,米饭及粥,谷类及其制品-稻米,100g,100,g,,,,未明确,,,原始数据库（来源待追溯）,原始导入,未提供,2026-06-25,中,否,否,是,EXT1368,待来源追溯,原始数据保留；新增结构字段为规则化整理结果。,,346,生熟状态未明确
EXT1369,粳米（标一）,粳米，珍珠米,谷类及其制品-稻米,345.0,7.7,0.6,77.4,0.6,粳米（标一）,粳米（标一），粳米，珍珠米,谷薯及主食,米饭及粥,谷类及其制品-稻米,100g,100,g,,,,未明确,,,原始数据库（来源待追溯）,原始导入,未提供,2026-06-25,中,否,否,是,EXT1369,待来源追溯,原始数据保留；新增结构字段为规则化整理结果。,,345,生熟状态未明确
EXT1370,粳米（标二）,,谷类及其制品-稻米,347.0,8.0,0.6,77.7,0.4,粳米（标二）,粳米（标二）,谷薯及主食,米饭及粥,谷类及其制品-稻米,100g,100,g,,,,未明确,,,原始数据库（来源待追溯）,原始导入,未提供,2026-06-25,中,否,否,是,EXT1370,待来源追溯,原始数据保留；新增结构字段为规则化整理结果。,,347,生熟状态未明确
EXT1371,粳米（标三）,,谷类及其制品-稻米,346.0,7.2,0.8,77.6,0.4,粳米（标三）,粳米（标三）,谷薯及主食,米饭及粥,谷类及其制品-稻米,100g,100,g,,,,未明确,,,原始数据库（来源待追溯）,原始导入,未提供,2026-06-25,中,否,否,是,EXT1371,待来源追溯,原始数据保留；新增结构字段为规则化整理结果。,,346,生熟状态未明确
EXT1372,粳米（标四）,,谷类及其制品-稻米,347.0,7.5,0.7,78.1,0.7,粳米（标四）,粳米（标四）,谷薯及主食,米饭及粥,谷类及其制品-稻米,100g,100,g,,,,未明确,,,原始数据库（来源待追溯）,原始导入,未提供,2026-06-25,中,否,否,是,EXT1372,待来源追溯,原始数据保留；新增结构字段为规则化整理结果。,,347,生熟状态未明确
EXT1373,粳米（特等）,粳米，珍珠米,谷类及其制品-稻米,335.0,7.3,0.4,75.7,0.4,粳米（特等）,粳米（特等），粳米，珍珠米,谷薯及主食,米饭及粥,谷类及其制品-稻米,100g,100,g,,,,未明确,,,原始数据库（来源待追溯）,原始导入,未提供,2026-06-25,中,否,否,是,EXT1373,待来源追溯,原始数据保留；新增结构字段为规则化整理结果。,,335,生熟状态未明确
EXT1374,粳米（极品精米）,,谷类及其制品-稻米,343.0,6.4,1.2,78.1,0.0,粳米（极品精米）,粳米（极品精米）,谷薯及主食,米饭及粥,谷类及其制品-稻米,100g,100,g,,,,未明确,,,原始数据库（来源待追溯）,原始导入,未提供,2026-06-25,中,否,否,是,EXT1374,待来源追溯,原始数据保留；新增结构字段为规则化整理结果。,,343,生熟状态未明确
EXT1375,粳米（西域王米）,,谷类及其制品-稻米,353.0,7.5,1.8,77.0,0.6,粳米（西域王米）,粳米（西域王米）,谷薯及主食,米饭及粥,谷类及其制品-稻米,100g,100,g,,,,未明确,,,原始数据库（来源待追溯）,原始导入,未提供,2026-06-25,中,否,否,是,EXT1375,待来源追溯,原始数据保留；新增结构字段为规则化整理结果。,,353,生熟状态未明确
EXT1376,粳米（小站稻米）,,谷类及其制品-稻米,346.0,6.9,0.7,79.2,0.0,粳米（小站稻米）,粳米（小站稻米）,谷薯及主食,米饭及粥,谷类及其制品-稻米,100g,100,g,,,,未明确,,,原始数据库（来源待追溯）,原始导入,未提供,2026-06-25,中,否,否,是,EXT1376,待来源追溯,原始数据保留；新增结构字段为规则化整理结果。,,346,生熟状态未明确
EXT1377,籼米（标一）,籼米，丝苗米,谷类及其制品-稻米,348.0,7.7,0.7,77.9,0.6,籼米（标一）,籼米（标一），籼米，丝苗米,谷薯及主食,米饭及粥,谷类及其制品-稻米,100g,100,g,,,,未明确,,,原始数据库（来源待追溯）,原始导入,未提供,2026-06-25,中,否,否,是,EXT1377,待来源追溯,原始数据保留；新增结构字段为规则化整理结果。,,348,生熟状态未明确
EXT1378,籼米（标准）[机米],机米,谷类及其制品-稻米,349.0,7.9,0.6,78.3,0.8,籼米（标准）[机米],籼米（标准）[机米]，机米,谷薯及主食,米饭及粥,谷类及其制品-稻米,100g,100,g,,,,未明确,,,原始数据库（来源待追溯）,原始导入,未提供,2026-06-25,中,否,否,是,EXT1378,待来源追溯,原始数据保留；新增结构字段为规则化整理结果。,,349,生熟状态未明确
EXT1379,籼米（优标）,,谷类及其制品-稻米,350.0,8.3,1.0,77.3,0.5,籼米（优标）,籼米（优标）,谷薯及主食,米饭及粥,谷类及其制品-稻米,100g,100,g,,,,未明确,,,原始数据库（来源待追溯）,原始导入,未提供,2026-06-25,中,否,否,是,EXT1379,待来源追溯,原始数据保留；新增结构字段为规则化整理结果。,,350,生熟状态未明确
EXT1380,早籼,,谷类及其制品-稻米,361.0,9.9,2.2,76.2,1.4,早籼,早籼,谷薯及主食,米饭及粥,谷类及其制品-稻米,100g,100,g,,,,未明确,,,原始数据库（来源待追溯）,原始导入,未提供,2026-06-25,中,否,否,是,EXT1380,待来源追溯,原始数据保留；新增结构字段为规则化整理结果。,,361,生熟状态未明确
EXT1381,早籼（标一）,,谷类及其制品-稻米,352.0,8.8,1.0,77.2,0.4,早籼（标一）,早籼（标一）,谷薯及主食,米饭及粥,谷类及其制品-稻米,100g,100,g,,,,未明确,,,原始数据库（来源待追溯）,原始导入,未提供,2026-06-25,中,否,否,是,EXT1381,待来源追溯,原始数据保留；新增结构字段为规则化整理结果。,,352,生熟状态未明确
EXT1382,早籼（标二）,,谷类及其制品-稻米,346.0,9.5,1.0,75.1,0.5,早籼（标二）,早籼（标二）,谷薯及主食,米饭及粥,谷类及其制品-稻米,100g,100,g,,,,未明确,,,原始数据库（来源待追溯）,原始导入,未提供,2026-06-25,中,否,否,是,EXT1382,待来源追溯,原始数据保留；新增结构字段为规则化整理结果。,,346,生熟状态未明确
EXT1383,早籼（特等）,,谷类及其制品-稻米,347.0,9.1,0.6,76.7,0.7,早籼（特等）,早籼（特等）,谷薯及主食,米饭及粥,谷类及其制品-稻米,100g,100,g,,,,未明确,,,原始数据库（来源待追溯）,原始导入,未提供,2026-06-25,中,否,否,是,EXT1383,待来源追溯,原始数据保留；新增结构字段为规则化整理结果。,,347,生熟状态未明确
EXT1384,晚籼（标一）,,谷类及其制品-稻米,346.0,7.9,0.7,77.3,0.5,晚籼（标一）,晚籼（标一）,谷薯及主食,米饭及粥,谷类及其制品-稻米,100g,100,g,,,,未明确,,,原始数据库（来源待追溯）,原始导入,未提供,2026-06-25,中,否,否,是,EXT1384,待来源追溯,原始数据保留；新增结构字段为规则化整理结果。,,346,生熟状态未明确
EXT1385,晚籼（标二）,,谷类及其制品-稻米,344.0,8.6,0.8,75.7,0.4,晚籼（标二）,晚籼（标二）,谷薯及主食,米饭及粥,谷类及其制品-稻米,100g,100,g,,,,未明确,,,原始数据库（来源待追溯）,原始导入,未提供,2026-06-25,中,否,否,是,EXT1385,待来源追溯,原始数据保留；新增结构字段为规则化整理结果。,,344,生熟状态未明确
EXT1386,晚籼（特等）,,谷类及其制品-稻米,342.0,8.1,0.3,76.9,0.2,晚籼（特等）,晚籼（特等）,谷薯及主食,米饭及粥,谷类及其制品-稻米,100g,100,g,,,,未明确,,,原始数据库（来源待追溯）,原始导入,未提供,2026-06-25,中,否,否,是,EXT1386,待来源追溯,原始数据保留；新增结构字段为规则化整理结果。,,342,生熟状态未明确
EXT1387,粳稻（红）,,谷类及其制品-稻米,348.0,7.0,2.0,76.4,2.0,粳稻（红）,粳稻（红）,谷薯及主食,米饭及粥,谷类及其制品-稻米,100g,100,g,,,,未明确,,,原始数据库（来源待追溯）,原始导入,未提供,2026-06-25,中,否,否,是,EXT1387,待来源追溯,原始数据保留；新增结构字段为规则化整理结果。,,348,生熟状态未明确
EXT1388,黑米,紫米，黑糯米，血糯米,谷类及其制品-稻米,341.0,9.4,2.5,72.2,3.9,黑米,黑米，紫米，黑糯米，血糯米,谷薯及主食,米饭及粥,谷类及其制品-稻米,100g,100,g,,,,未明确,,,原始数据库（来源待追溯）,原始导入,未提供,2026-06-25,中,否,否,是,EXT1388,待来源追溯,原始数据保留；新增结构字段为规则化整理结果。,,341,生熟状态未明确
EXT1389,香米,,谷类及其制品-稻米,347.0,12.7,0.9,72.4,0.6,香米,香米,谷薯及主食,米饭及粥,谷类及其制品-稻米,100g,100,g,,,,未明确,,,原始数据库（来源待追溯）,原始导入,未提供,2026-06-25,低,否,否,否,EXT1389,同名冲突待核验,原始数据保留；新增结构字段为规则化整理结果。,,347,生熟状态未明确
EXT1390,籼米,,谷类及其制品-稻米,340.0,7.5,1.1,78.0,0.0,籼米,籼米,谷薯及主食,米饭及粥,谷类及其制品-稻米,100g,100,g,,,,未明确,,,原始数据库（来源待追溯）,原始导入,未提供,2026-06-25,中,否,否,是,EXT1390,待来源追溯,原始数据保留；新增结构字段为规则化整理结果。,,340,生熟状态未明确
EXT1391,香米,,谷类及其制品-稻米,342.0,8.4,0.7,77.2,0.0,香米,香米,谷薯及主食,米饭及粥,谷类及其制品-稻米,100g,100,g,,,,未明确,,,原始数据库（来源待追溯）,原始导入,未提供,2026-06-25,低,否,否,否,EXT1391,同名冲突待核验,原始数据保留；新增结构字段为规则化整理结果。,,342,生熟状态未明确
EXT1392,糙米,,谷类及其制品-稻米,348.0,7.7,2.7,75.0,3.4,糙米,糙米,谷薯及主食,米饭及粥,谷类及其制品-稻米,100g,100,g,,,,未明确,,,原始数据库（来源待追溯）,原始导入,未提供,2026-06-25,中,否,否,是,EXT1392,待来源追溯,原始数据保留；新增结构字段为规则化整理结果。,,348,生熟状态未明确
EXT1393,糯米 [江米],江米,谷类及其制品-稻米,350.0,7.3,1.0,78.3,0.8,糯米 [江米],糯米 [江米]，江米,谷薯及主食,米饭及粥,谷类及其制品-稻米,100g,100,g,,,,未明确,,,原始数据库（来源待追溯）,原始导入,未提供,2026-06-25,中,否,否,是,EXT1393,待来源追溯,原始数据保留；新增结构字段为规则化整理结果。,,350,生熟状态未明确
EXT1394,优糯米,,谷类及其制品-稻米,345.0,9.0,1.0,75.3,0.6,优糯米,优糯米,谷薯及主食,米饭及粥,谷类及其制品-稻米,100g,100,g,,,,未明确,,,原始数据库（来源待追溯）,原始导入,未提供,2026-06-25,中,否,否,是,EXT1394,待来源追溯,原始数据保留；新增结构字段为规则化整理结果。,,345,生熟状态未明确
EXT1395,早糯谷,,谷类及其制品-稻米,360.0,7.1,3.2,77.0,2.8,早糯谷,早糯谷,谷薯及主食,米饭及粥,谷类及其制品-稻米,100g,100,g,,,,未明确,,,原始数据库（来源待追溯）,原始导入,未提供,2026-06-25,中,否,否,是,EXT1395,待来源追溯,原始数据保留；新增结构字段为规则化整理结果。,,360,生熟状态未明确
EXT1396,紫红糯米 [血糯米],血糯米,谷类及其制品-稻米,346.0,8.3,1.7,75.1,1.4,紫红糯米 [血糯米],紫红糯米 [血糯米]，血糯米,谷薯及主食,米饭及粥,谷类及其制品-稻米,100g,100,g,,,,未明确,,,原始数据库（来源待追溯）,原始导入,未提供,2026-06-25,中,否,否,是,EXT1396,待来源追溯,原始数据保留；新增结构字段为规则化整理结果。,,346,生熟状态未明确
EXT1397,粳糯米,,谷类及其制品-稻米,344.0,7.9,0.8,76.7,0.7,粳糯米,粳糯米,谷薯及主食,米饭及粥,谷类及其制品-稻米,100g,100,g,,,,未明确,,,原始数据库（来源待追溯）,原始导入,未提供,2026-06-25,低,否,否,否,EXT1397,同名冲突待核验,原始数据保留；新增结构字段为规则化整理结果。,,344,生熟状态未明确
EXT1398,粳糯米,,谷类及其制品-稻米,352.0,7.9,1.1,78.0,0.5,粳糯米,粳糯米,谷薯及主食,米饭及粥,谷类及其制品-稻米,100g,100,g,,,,未明确,,,原始数据库（来源待追溯）,原始导入,未提供,2026-06-25,低,否,否,否,EXT1398,同名冲突待核验,原始数据保留；新增结构字段为规则化整理结果。,,352,生熟状态未明确
EXT1399,米饭（蒸，代表值）,,谷类及其制品-稻米,116.0,2.6,0.3,25.9,0.3,米饭（蒸，代表值）,米饭（蒸，代表值）,谷薯及主食,米饭及粥,谷类及其制品-稻米,100g,100,g,,,,未明确,蒸,,原始数据库（来源待追溯）,原始导入,未提供,2026-06-25,中,否,否,是,EXT1399,待来源追溯,原始数据保留；新增结构字段为规则化整理结果。,,116,生熟状态未明确
EXT1400,粳米饭（蒸）,白米饭，珍珠米饭,谷类及其制品-稻米,118.0,2.6,0.3,26.2,0.2,粳米饭（蒸）,粳米饭（蒸），白米饭，珍珠米饭,谷薯及主食,米饭及粥,谷类及其制品-稻米,100g,100,g,,,,未明确,蒸,,原始数据库（来源待追溯）,原始导入,未提供,2026-06-25,中,否,否,是,EXT1400,待来源追溯,原始数据保留；新增结构字段为规则化整理结果。,,118,生熟状态未明确
EXT1401,粳米粥,大米粥，白粥，稀饭,谷类及其制品-稻米,46.0,1.1,0.3,9.9,0.1,粳米粥,粳米粥，大米粥，白粥，稀饭,谷薯及主食,米饭及粥,谷类及其制品-稻米,100g,100,g,,,,未明确,,,原始数据库（来源待追溯）,原始导入,未提供,2026-06-25,中,否,否,是,EXT1401,待来源追溯,原始数据保留；新增结构字段为规则化整理结果。,,46,生熟状态未明确
EXT1402,粳米粉[排米粉],排米粉,谷类及其制品-稻米,356.0,7.4,0.1,81.5,0.3,粳米粉[排米粉],粳米粉[排米粉]，排米粉,谷薯及主食,米饭及粥,谷类及其制品-稻米,100g,100,g,,,,未明确,,,原始数据库（来源待追溯）,原始导入,未提供,2026-06-25,中,否,否,是,EXT1402,待来源追溯,原始数据保留；新增结构字段为规则化整理结果。,,356,生熟状态未明确
EXT1403,粳米粉（干，细）,,谷类及其制品-稻米,346.0,8.0,0.1,78.3,0.1,粳米粉（干，细）,粳米粉（干，细）,谷薯及主食,米饭及粥,谷类及其制品-稻米,100g,100,g,,,,干制,,,原始数据库（来源待追溯）,原始导入,未提供,2026-06-25,中,否,否,是,EXT1403,待来源追溯,原始数据保留；新增结构字段为规则化整理结果。,,346,
EXT1404,高蛋白豆米粉（籼米）,,谷类及其制品-稻米,414.0,16.5,7.1,71.0,0.0,高蛋白豆米粉（籼米）,高蛋白豆米粉（籼米）,谷薯及主食,米饭及粥,谷类及其制品-稻米,100g,100,g,,,,未明确,,,原始数据库（来源待追溯）,原始导入,未提供,2026-06-25,中,否,否,是,EXT1404,待来源追溯,原始数据保留；新增结构字段为规则化整理结果。,,414,生熟状态未明确
EXT1405,籼米饭（蒸）,丝苗米饭，长粒米饭,谷类及其制品-稻米,117.0,3.0,0.4,26.4,0.0,籼米饭（蒸）,籼米饭（蒸），丝苗米饭，长粒米饭,谷薯及主食,米饭及粥,谷类及其制品-稻米,100g,100,g,,,,未明确,蒸,,原始数据库（来源待追溯）,原始导入,未提供,2026-06-25,中,否,否,是,EXT1405,待来源追溯,原始数据保留；新增结构字段为规则化整理结果。,,117,生熟状态未明确
EXT1406,籼米粥,,谷类及其制品-稻米,59.0,1.3,0.2,13.4,0.0,籼米粥,籼米粥,谷薯及主食,米饭及粥,谷类及其制品-稻米,100g,100,g,,,,未明确,,,原始数据库（来源待追溯）,原始导入,未提供,2026-06-25,中,否,否,是,EXT1406,待来源追溯,原始数据保留；新增结构字段为规则化整理结果。,,59,生熟状态未明确
EXT1407,米粉,,谷类及其制品-稻米,349.0,0.4,0.8,85.8,0.0,米粉,米粉,谷薯及主食,米饭及粥,谷类及其制品-稻米,100g,100,g,,,,未明确,,,原始数据库（来源待追溯）,原始导入,未提供,2026-06-25,中,否,否,是,EXT1407,待来源追溯,原始数据保留；新增结构字段为规则化整理结果。,,349,生熟状态未明确
EXT1408,河粉,,谷类及其制品-稻米,359.0,7.7,1.5,79.2,0.0,河粉,河粉,谷薯及主食,米饭及粥,谷类及其制品-稻米,100g,100,g,,,,未明确,,,原始数据库（来源待追溯）,原始导入,未提供,2026-06-25,中,否,否,是,EXT1408,待来源追溯,原始数据保留；新增结构字段为规则化整理结果。,,359,生熟状态未明确
EXT1409,海参,刺参，海鼠，海黄瓜,鱼虾蟹贝类-其他,78.0,16.5,0.2,2.5,0.0,海参,海参，刺参，海鼠，海黄瓜,水产,贝类,鱼虾蟹贝类-其他,100g,100,g,,,,未明确,,,原始数据库（来源待追溯）,原始导入,未提供,2026-06-25,中,否,否,是,EXT1409,待来源追溯,原始数据保留；新增结构字段为规则化整理结果。,,78,生熟状态未明确
EXT1410,海参（干）,干海参，刺参干,鱼虾蟹贝类-其他,262.0,50.2,4.8,4.5,0.0,海参（干）,海参（干），干海参，刺参干,水产,贝类,鱼虾蟹贝类-其他,100g,100,g,,,,干制,,,原始数据库（来源待追溯）,原始导入,未提供,2026-06-25,低,否,否,否,EXT1410,同名冲突待核验,原始数据保留；新增结构字段为规则化整理结果。,,262,
EXT1411,海参（水浸）,刺参，海鼠，海黄瓜,鱼虾蟹贝类-其他,25.0,6.0,0.1,0.0,0.0,海参（水浸）,海参（水浸），刺参，海鼠，海黄瓜,水产,贝类,鱼虾蟹贝类-其他,100g,100,g,,,,未明确,,,原始数据库（来源待追溯）,原始导入,未提供,2026-06-25,中,否,否,是,EXT1411,待来源追溯,原始数据保留；新增结构字段为规则化整理结果。,,25,生熟状态未明确
EXT1412,海蜇皮,水母皮，海蜇，蜇皮,鱼虾蟹贝类-其他,33.0,3.7,0.3,3.8,0.0,海蜇皮,海蜇皮，水母皮，海蜇，蜇皮,水产,贝类,鱼虾蟹贝类-其他,100g,100,g,,,,未明确,,,原始数据库（来源待追溯）,原始导入,未提供,2026-06-25,中,否,否,是,EXT1412,待来源追溯,原始数据保留；新增结构字段为规则化整理结果。,,33,生熟状态未明确
EXT1413,海蜇头,水母头，海蜇头，蜇头,鱼虾蟹贝类-其他,74.0,6.0,0.3,11.8,0.0,海蜇头,海蜇头，水母头，蜇头,水产,贝类,鱼虾蟹贝类-其他,100g,100,g,,,,未明确,,,原始数据库（来源待追溯）,原始导入,未提供,2026-06-25,中,否,否,是,EXT1413,待来源追溯,原始数据保留；新增结构字段为规则化整理结果。,,74,生熟状态未明确
EXT1414,墨鱼（鲜，曼氏无针乌贼）,乌贼，墨斗鱼，目鱼，花枝,鱼虾蟹贝类-其他,83.0,15.2,0.9,3.4,0.0,墨鱼（鲜，曼氏无针乌贼）,墨鱼（鲜，曼氏无针乌贼），乌贼，墨斗鱼，目鱼，花枝,水产,贝类,鱼虾蟹贝类-其他,100g,100,g,,,,生/鲜,,,原始数据库（来源待追溯）,原始导入,未提供,2026-06-25,中,否,否,是,EXT1414,待来源追溯,原始数据保留；新增结构字段为规则化整理结果。,,83,
EXT1415,墨鱼（干，曼氏无针乌贼）,乌贼，墨斗鱼，目鱼，花枝,鱼虾蟹贝类-其他,287.0,65.3,1.9,2.1,0.0,墨鱼（干，曼氏无针乌贼）,墨鱼（干，曼氏无针乌贼），乌贼，墨斗鱼，目鱼，花枝,水产,贝类,鱼虾蟹贝类-其他,100g,100,g,,,,干制,,,原始数据库（来源待追溯）,原始导入,未提供,2026-06-25,中,否,否,是,EXT1415,待来源追溯,原始数据保留；新增结构字段为规则化整理结果。,,287,
EXT1416,鱿鱼（鲜，中国枪乌贼）[枪乌贼],枪乌贼,鱼虾蟹贝类-其他,84.0,17.4,1.6,0.0,0.0,鱿鱼（鲜，中国枪乌贼）[枪乌贼],鱿鱼（鲜，中国枪乌贼）[枪乌贼]，枪乌贼,水产,贝类,鱼虾蟹贝类-其他,100g,100,g,,,,生/鲜,,,原始数据库（来源待追溯）,原始导入,未提供,2026-06-25,中,否,否,是,EXT1416,待来源追溯,原始数据保留；新增结构字段为规则化整理结果。,,84,
EXT1417,鱿鱼（干，中国枪乌贼）,柔鱼，枪乌贼，花枝,鱼虾蟹贝类-其他,313.0,60.0,4.6,7.8,0.0,鱿鱼（干，中国枪乌贼）,鱿鱼（干，中国枪乌贼），柔鱼，枪乌贼，花枝,水产,贝类,鱼虾蟹贝类-其他,100g,100,g,,,,干制,,,原始数据库（来源待追溯）,原始导入,未提供,2026-06-25,中,否,否,是,EXT1417,待来源追溯,原始数据保留；新增结构字段为规则化整理结果。,,313,
EXT1418,鱿鱼（水浸）,柔鱼，枪乌贼，花枝,鱼虾蟹贝类-其他,75.0,17.0,0.8,0.0,0.0,鱿鱼（水浸）,鱿鱼（水浸），柔鱼，枪乌贼，花枝,水产,贝类,鱼虾蟹贝类-其他,100g,100,g,,,,未明确,,,原始数据库（来源待追溯）,原始导入,未提供,2026-06-25,中,否,否,是,EXT1418,待来源追溯,原始数据保留；新增结构字段为规则化整理结果。,,75,生熟状态未明确
EXT1419,乌鱼蛋,,鱼虾蟹贝类-其他,66.0,14.1,1.1,0.0,0.0,乌鱼蛋,乌鱼蛋,水产,贝类,鱼虾蟹贝类-其他,100g,100,g,,,,未明确,,,原始数据库（来源待追溯）,原始导入,未提供,2026-06-25,中,否,否,是,EXT1419,待来源追溯,原始数据保留；新增结构字段为规则化整理结果。,,66,生熟状态未明确
EXT1420,章鱼（章鱼肉）[八爪鱼],八爪鱼,鱼虾蟹贝类-其他,52.0,10.6,0.4,1.4,0.0,章鱼（章鱼肉）[八爪鱼],章鱼（章鱼肉）[八爪鱼]，八爪鱼,水产,贝类,鱼虾蟹贝类-其他,100g,100,g,,,,未明确,,,原始数据库（来源待追溯）,原始导入,未提供,2026-06-25,中,否,否,是,EXT1420,待来源追溯,原始数据保留；新增结构字段为规则化整理结果。,,52,生熟状态未明确
EXT1421,章鱼[八爪鱼],八爪鱼,鱼虾蟹贝类-其他,135.0,18.9,0.4,14.0,0.0,章鱼[八爪鱼],章鱼[八爪鱼]，八爪鱼,水产,贝类,鱼虾蟹贝类-其他,100g,100,g,,,,未明确,,,原始数据库（来源待追溯）,原始导入,未提供,2026-06-25,中,否,否,是,EXT1421,待来源追溯,原始数据保留；新增结构字段为规则化整理结果。,,135,生熟状态未明确
EXT1422,甲鱼蛋,鳖，水鱼，团鱼，王八，元鱼,鱼虾蟹贝类-其他,128.0,12.5,7.3,3.0,0.0,甲鱼蛋,甲鱼蛋，鳖，水鱼，团鱼，王八，元鱼,水产,贝类,鱼虾蟹贝类-其他,100g,100,g,,,,未明确,,,原始数据库（来源待追溯）,原始导入,未提供,2026-06-25,中,否,否,是,EXT1422,待来源追溯,原始数据保留；新增结构字段为规则化整理结果。,,128,生熟状态未明确
EXT1423,乌龟（龟板）,,鱼虾蟹贝类-其他,466.0,9.9,44.4,6.8,0.0,乌龟（龟板）,乌龟（龟板）,水产,贝类,鱼虾蟹贝类-其他,100g,100,g,,,,未明确,,,原始数据库（来源待追溯）,原始导入,未提供,2026-06-25,中,否,否,是,EXT1423,待来源追溯,原始数据保留；新增结构字段为规则化整理结果。,,466,生熟状态未明确
EXT1424,乌龟（肉）,,鱼虾蟹贝类-其他,250.0,14.5,21.1,0.4,0.0,乌龟（肉）,乌龟（肉）,水产,贝类,鱼虾蟹贝类-其他,100g,100,g,,,,未明确,,,原始数据库（来源待追溯）,原始导入,未提供,2026-06-25,中,否,否,是,EXT1424,待来源追溯,原始数据保留；新增结构字段为规则化整理结果。,,250,生熟状态未明确
EXT1425,金鲨鱼翅（干）,鲨，鱼翅来源，鲛,鱼虾蟹贝类-其他,350.0,84.1,0.5,2.3,0.0,金鲨鱼翅（干）,金鲨鱼翅（干），鲨，鱼翅来源，鲛,水产,贝类,鱼虾蟹贝类-其他,100g,100,g,,,,干制,,,原始数据库（来源待追溯）,原始导入,未提供,2026-06-25,中,否,否,是,EXT1425,待来源追溯,原始数据保留；新增结构字段为规则化整理结果。,,350,
EXT1426,鱼翅（干）,鲨鱼翅，翅针，天九翅，排翅,鱼虾蟹贝类-其他,362.0,88.4,0.9,0.0,0.0,鱼翅（干）,鱼翅（干），鲨鱼翅，翅针，天九翅，排翅,水产,贝类,鱼虾蟹贝类-其他,100g,100,g,,,,干制,,,原始数据库（来源待追溯）,原始导入,未提供,2026-06-25,中,否,否,是,EXT1426,待来源追溯,原始数据保留；新增结构字段为规则化整理结果。,,362,
EXT1427,棘参（鲜）,,鱼虾蟹贝类-其他,21.0,4.1,0.0,1.2,0.0,棘参（鲜）,棘参（鲜）,水产,贝类,鱼虾蟹贝类-其他,100g,100,g,,,,生/鲜,,,原始数据库（来源待追溯）,原始导入,未提供,2026-06-25,中,否,否,是,EXT1427,待来源追溯,原始数据保留；新增结构字段为规则化整理结果。,,21,
EXT1428,海参（干）,干海参，刺参干,鱼虾蟹贝类-其他,302.0,64.0,0.9,9.5,0.0,海参（干）,海参（干），干海参，刺参干,水产,贝类,鱼虾蟹贝类-其他,100g,100,g,,,,干制,,,原始数据库（来源待追溯）,原始导入,未提供,2026-06-25,低,否,否,否,EXT1428,同名冲突待核验,原始数据保留；新增结构字段为规则化整理结果。,,302,
EXT1429,梅花参（泡发）,,鱼虾蟹贝类-其他,73.0,11.7,0.9,4.5,0.0,梅花参（泡发）,梅花参（泡发）,水产,贝类,鱼虾蟹贝类-其他,100g,100,g,,,,泡发,,,原始数据库（来源待追溯）,原始导入,未提供,2026-06-25,中,否,否,是,EXT1429,待来源追溯,原始数据保留；新增结构字段为规则化整理结果。,,73,
EXT1430,墨鱼（干）,乌贼，墨斗鱼，目鱼，花枝,鱼虾蟹贝类-其他,313.0,71.6,1.1,4.2,0.0,墨鱼（干）,墨鱼（干），乌贼，墨斗鱼，目鱼，花枝,水产,贝类,鱼虾蟹贝类-其他,100g,100,g,,,,干制,,,原始数据库（来源待追溯）,原始导入,未提供,2026-06-25,中,否,否,是,EXT1430,待来源追溯,原始数据保留；新增结构字段为规则化整理结果。,,313,
EXT1431,墨鱼圈,乌贼，墨斗鱼，目鱼，花枝,鱼虾蟹贝类-其他,72.0,13.0,2.2,0.0,0.0,墨鱼圈,墨鱼圈，乌贼，墨斗鱼，目鱼，花枝,水产,贝类,鱼虾蟹贝类-其他,100g,100,g,,,,未明确,,,原始数据库（来源待追溯）,原始导入,未提供,2026-06-25,中,否,否,是,EXT1431,待来源追溯,原始数据保留；新增结构字段为规则化整理结果。,,72,生熟状态未明确
EXT1432,墨鱼丸,乌贼，墨斗鱼，目鱼，花枝,鱼虾蟹贝类-其他,128.0,13.4,4.7,8.0,4.0,墨鱼丸,墨鱼丸，乌贼，墨斗鱼，目鱼，花枝,水产,贝类,鱼虾蟹贝类-其他,100g,100,g,,,,未明确,,,原始数据库（来源待追溯）,原始导入,未提供,2026-06-25,中,否,否,是,EXT1432,待来源追溯,原始数据保留；新增结构字段为规则化整理结果。,,128,生熟状态未明确
EXT1433,白米虾 [水虾米],水虾米,鱼虾蟹贝类-虾,81.0,17.3,0.4,2.0,0.0,白米虾 [水虾米],白米虾 [水虾米]，水虾米,水产,贝类,鱼虾蟹贝类-虾,100g,100,g,,,,未明确,,,原始数据库（来源待追溯）,原始导入,未提供,2026-06-25,中,否,否,是,EXT1433,待来源追溯,原始数据保留；新增结构字段为规则化整理结果。,,81,生熟状态未明确
EXT1434,斑节对虾 [草虾],草虾,鱼虾蟹贝类-虾,103.0,18.6,0.8,5.4,0.0,斑节对虾 [草虾],斑节对虾 [草虾]，草虾,水产,贝类,鱼虾蟹贝类-虾,100g,100,g,,,,未明确,,,原始数据库（来源待追溯）,原始导入,未提供,2026-06-25,中,否,否,是,EXT1434,待来源追溯,原始数据保留；新增结构字段为规则化整理结果。,,103,生熟状态未明确
EXT1435,长毛对虾 [大虾、白露虾],大虾、白露虾,鱼虾蟹贝类-虾,90.0,18.5,0.4,3.0,0.0,长毛对虾 [大虾、白露虾],长毛对虾 [大虾、白露虾]，大虾，白露虾,水产,贝类,鱼虾蟹贝类-虾,100g,100,g,,,,未明确,,,原始数据库（来源待追溯）,原始导入,未提供,2026-06-25,中,否,否,是,EXT1435,待来源追溯,原始数据保留；新增结构字段为规则化整理结果。,,90,生熟状态未明确
EXT1436,蚵蛄蛄 [刺蛄、大头虾],刺蛄、大头虾,鱼虾蟹贝类-虾,77.0,16.0,1.4,0.0,0.0,蚵蛄蛄 [刺蛄、大头虾],蚵蛄蛄 [刺蛄、大头虾]，刺蛄，大头虾,水产,贝类,鱼虾蟹贝类-虾,100g,100,g,,,,未明确,,,原始数据库（来源待追溯）,原始导入,未提供,2026-06-25,中,否,否,是,EXT1436,待来源追溯,原始数据保留；新增结构字段为规则化整理结果。,,77,生熟状态未明确
EXT1437,东方对虾 [中国对虾],中国对虾,鱼虾蟹贝类-虾,84.0,18.3,0.5,1.6,0.0,东方对虾 [中国对虾],东方对虾 [中国对虾]，中国对虾,水产,贝类,鱼虾蟹贝类-虾,100g,100,g,,,,未明确,,,原始数据库（来源待追溯）,原始导入,未提供,2026-06-25,中,否,否,是,EXT1437,待来源追溯,原始数据保留；新增结构字段为规则化整理结果。,,84,生熟状态未明确
EXT1438,对虾,,鱼虾蟹贝类-虾,93.0,18.6,0.8,2.8,0.0,对虾,对虾,水产,贝类,鱼虾蟹贝类-虾,100g,100,g,,,,未明确,,,原始数据库（来源待追溯）,原始导入,未提供,2026-06-25,中,否,否,是,EXT1438,待来源追溯,原始数据保留；新增结构字段为规则化整理结果。,,93,生熟状态未明确
EXT1439,海虾,,鱼虾蟹贝类-虾,79.0,16.8,0.6,1.5,0.0,海虾,海虾,水产,贝类,鱼虾蟹贝类-虾,100g,100,g,,,,未明确,,,原始数据库（来源待追溯）,原始导入,未提供,2026-06-25,中,否,否,是,EXT1439,待来源追溯,原始数据保留；新增结构字段为规则化整理结果。,,79,生熟状态未明确
EXT1440,河虾,青虾，沼虾，草虾,鱼虾蟹贝类-虾,87.0,16.4,2.4,0.0,0.0,河虾,河虾，青虾，沼虾，草虾,水产,贝类,鱼虾蟹贝类-虾,100g,100,g,,,,未明确,,,原始数据库（来源待追溯）,原始导入,未提供,2026-06-25,中,否,否,是,EXT1440,待来源追溯,原始数据保留；新增结构字段为规则化整理结果。,,87,生熟状态未明确
EXT1441,基围虾,刀额新对虾，麻虾，沙虾,鱼虾蟹贝类-虾,101.0,18.2,1.4,3.9,0.0,基围虾,基围虾，刀额新对虾，麻虾，沙虾,水产,贝类,鱼虾蟹贝类-虾,100g,100,g,,,,未明确,,,原始数据库（来源待追溯）,原始导入,未提供,2026-06-25,中,否,否,是,EXT1441,待来源追溯,原始数据保留；新增结构字段为规则化整理结果。,,101,生熟状态未明确
EXT1442,江虾 [沼虾],沼虾,鱼虾蟹贝类-虾,87.0,10.3,0.9,9.3,0.0,江虾 [沼虾],江虾 [沼虾]，沼虾,水产,贝类,鱼虾蟹贝类-虾,100g,100,g,,,,未明确,,,原始数据库（来源待追溯）,原始导入,未提供,2026-06-25,中,否,否,是,EXT1442,待来源追溯,原始数据保留；新增结构字段为规则化整理结果。,,87,生熟状态未明确
EXT1443,龙虾,大龙虾，澳龙，波龙,鱼虾蟹贝类-虾,90.0,18.9,1.1,1.0,0.0,龙虾,龙虾，大龙虾，澳龙，波龙,水产,贝类,鱼虾蟹贝类-虾,100g,100,g,,,,未明确,,,原始数据库（来源待追溯）,原始导入,未提供,2026-06-25,中,否,否,是,EXT1443,待来源追溯,原始数据保留；新增结构字段为规则化整理结果。,,90,生熟状态未明确
EXT1444,明虾,对虾，大虾，中国对虾，明虾,鱼虾蟹贝类-虾,85.0,13.4,1.8,3.8,0.0,明虾,明虾，对虾，大虾，中国对虾,水产,贝类,鱼虾蟹贝类-虾,100g,100,g,,,,未明确,,,原始数据库（来源待追溯）,原始导入,未提供,2026-06-25,中,否,否,是,EXT1444,待来源追溯,原始数据保留；新增结构字段为规则化整理结果。,,85,生熟状态未明确
EXT1445,塘水虾 [草虾],草虾,鱼虾蟹贝类-虾,96.0,21.2,1.2,0.0,0.0,塘水虾 [草虾],塘水虾 [草虾]，草虾,水产,贝类,鱼虾蟹贝类-虾,100g,100,g,,,,未明确,,,原始数据库（来源待追溯）,原始导入,未提供,2026-06-25,中,否,否,是,EXT1445,待来源追溯,原始数据保留；新增结构字段为规则化整理结果。,,96,生熟状态未明确
EXT1446,虾虎,,鱼虾蟹贝类-虾,81.0,11.6,1.7,4.8,0.0,虾虎,虾虎,水产,贝类,鱼虾蟹贝类-虾,100g,100,g,,,,未明确,,,原始数据库（来源待追溯）,原始导入,未提供,2026-06-25,中,否,否,是,EXT1446,待来源追溯,原始数据保留；新增结构字段为规则化整理结果。,,81,生熟状态未明确
EXT1447,鳌虾,,鱼虾蟹贝类-虾,93.0,14.8,3.8,0.0,0.0,鳌虾,鳌虾,水产,贝类,鱼虾蟹贝类-虾,100g,100,g,,,,未明确,,,原始数据库（来源待追溯）,原始导入,未提供,2026-06-25,中,否,否,是,EXT1447,待来源追溯,原始数据保留；新增结构字段为规则化整理结果。,,93,生熟状态未明确
EXT1448,北极虾,,鱼虾蟹贝类-虾,132.0,14.9,1.2,15.4,0.0,北极虾,北极虾,水产,贝类,鱼虾蟹贝类-虾,100g,100,g,,,,未明确,,,原始数据库（来源待追溯）,原始导入,未提供,2026-06-25,中,否,否,是,EXT1448,待来源追溯,原始数据保留；新增结构字段为规则化整理结果。,,132,生熟状态未明确
EXT1449,九节虾（鲜）,,鱼虾蟹贝类-虾,90.0,21.4,0.1,0.8,0.0,九节虾（鲜）,九节虾（鲜）,水产,贝类,鱼虾蟹贝类-虾,100g,100,g,,,,生/鲜,,,原始数据库（来源待追溯）,原始导入,未提供,2026-06-25,中,否,否,是,EXT1449,待来源追溯,原始数据保留；新增结构字段为规则化整理结果。,,90,
EXT1450,口虾蛄 [皮皮虾],皮皮虾,鱼虾蟹贝类-虾,82.0,14.8,1.7,1.8,0.0,口虾蛄 [皮皮虾],口虾蛄 [皮皮虾]，皮皮虾,水产,贝类,鱼虾蟹贝类-虾,100g,100,g,,,,未明确,,,原始数据库（来源待追溯）,原始导入,未提供,2026-06-25,中,否,否,是,EXT1450,待来源追溯,原始数据保留；新增结构字段为规则化整理结果。,,82,生熟状态未明确
EXT1451,罗氏沼虾,,鱼虾蟹贝类-虾,91.0,20.6,0.8,0.0,0.0,罗氏沼虾,罗氏沼虾,水产,贝类,鱼虾蟹贝类-虾,100g,100,g,,,,未明确,,,原始数据库（来源待追溯）,原始导入,未提供,2026-06-25,中,否,否,是,EXT1451,待来源追溯,原始数据保留；新增结构字段为规则化整理结果。,,91,生熟状态未明确
EXT1452,南美白对虾,,鱼虾蟹贝类-虾,83.0,19.4,0.2,0.8,0.0,南美白对虾,南美白对虾,水产,贝类,鱼虾蟹贝类-虾,100g,100,g,,,,未明确,,,原始数据库（来源待追溯）,原始导入,未提供,2026-06-25,中,否,否,是,EXT1452,待来源追溯,原始数据保留；新增结构字段为规则化整理结果。,,83,生熟状态未明确
EXT1453,青虾,,鱼虾蟹贝类-虾,100.0,23.8,0.4,0.2,0.0,青虾,青虾,水产,贝类,鱼虾蟹贝类-虾,100g,100,g,,,,未明确,,,原始数据库（来源待追溯）,原始导入,未提供,2026-06-25,中,否,否,是,EXT1453,待来源追溯,原始数据保留；新增结构字段为规则化整理结果。,,100,生熟状态未明确
EXT1454,琼海虾,,鱼虾蟹贝类-虾,56.0,8.9,1.8,0.9,0.0,琼海虾,琼海虾,水产,贝类,鱼虾蟹贝类-虾,100g,100,g,,,,未明确,,,原始数据库（来源待追溯）,原始导入,未提供,2026-06-25,中,否,否,是,EXT1454,待来源追溯,原始数据保留；新增结构字段为规则化整理结果。,,56,生熟状态未明确
EXT1455,虾米[海米、虾仁],海米、虾仁,鱼虾蟹贝类-虾,198.0,43.7,2.6,0.0,0.0,虾米[海米、虾仁],虾米[海米、虾仁]，海米，虾仁,水产,贝类,鱼虾蟹贝类-虾,100g,100,g,,,,未明确,,,原始数据库（来源待追溯）,原始导入,未提供,2026-06-25,中,否,否,是,EXT1455,待来源追溯,原始数据保留；新增结构字段为规则化整理结果。,,198,生熟状态未明确
EXT1456,虾脑酱,,鱼虾蟹贝类-虾,100.0,15.2,4.3,0.0,0.0,虾脑酱,虾脑酱,水产,贝类,鱼虾蟹贝类-虾,100g,100,g,,,,未明确,,,原始数据库（来源待追溯）,原始导入,未提供,2026-06-25,中,否,否,是,EXT1456,待来源追溯,原始数据保留；新增结构字段为规则化整理结果。,,100,生熟状态未明确
EXT1457,虾酱,,鱼虾蟹贝类-虾,112.0,10.8,7.6,0.0,0.0,虾酱,虾酱,水产,贝类,鱼虾蟹贝类-虾,100g,100,g,,,,未明确,,,原始数据库（来源待追溯）,原始导入,未提供,2026-06-25,中,否,否,是,EXT1457,待来源追溯,原始数据保留；新增结构字段为规则化整理结果。,,112,生熟状态未明确
EXT1458,虾仁(红),虾肉，虾仁，去壳虾,鱼虾蟹贝类-虾,48.0,10.4,0.7,0.0,0.0,虾仁(红),虾仁(红)，虾肉，虾仁，去壳虾,水产,贝类,鱼虾蟹贝类-虾,100g,100,g,,,,未明确,,,原始数据库（来源待追溯）,原始导入,未提供,2026-06-25,中,否,否,是,EXT1458,待来源追溯,原始数据保留；新增结构字段为规则化整理结果。,,48,生熟状态未明确
EXT1459,虾皮,虾米皮，毛虾，虾皮干,鱼虾蟹贝类-虾,153.0,30.7,2.2,2.5,0.0,虾皮,虾皮，虾米皮，毛虾，虾皮干,水产,贝类,鱼虾蟹贝类-虾,100g,100,g,,,,未明确,,,原始数据库（来源待追溯）,原始导入,未提供,2026-06-25,中,否,否,是,EXT1459,待来源追溯,原始数据保留；新增结构字段为规则化整理结果。,,153,生熟状态未明确
EXT1460,虾仁,虾肉，虾仁，去壳虾,鱼虾蟹贝类-虾,199.0,20.8,0.6,27.7,0.0,虾仁,虾仁，虾肉，去壳虾,水产,贝类,鱼虾蟹贝类-虾,100g,100,g,,,,未明确,,,原始数据库（来源待追溯）,原始导入,未提供,2026-06-25,中,否,否,是,EXT1460,待来源追溯,原始数据保留；新增结构字段为规则化整理结果。,,199,生熟状态未明确
EXT1461,虾仁肉丸,虾肉，虾仁，去壳虾,鱼虾蟹贝类-虾,152.0,4.6,7.4,16.7,0.0,虾仁肉丸,虾仁肉丸，虾肉，虾仁，去壳虾,水产,贝类,鱼虾蟹贝类-虾,100g,100,g,,,,未明确,,,原始数据库（来源待追溯）,原始导入,未提供,2026-06-25,中,否,否,是,EXT1461,待来源追溯,原始数据保留；新增结构字段为规则化整理结果。,,152,生熟状态未明确
EXT1462,海蟹,梭子蟹，海螃蟹，白蟹,鱼虾蟹贝类-蟹,95.0,13.8,2.3,4.7,0.0,海蟹,海蟹，梭子蟹，海螃蟹，白蟹,水产,贝类,鱼虾蟹贝类-蟹,100g,100,g,,,,未明确,,,原始数据库（来源待追溯）,原始导入,未提供,2026-06-25,中,否,否,是,EXT1462,待来源追溯,原始数据保留；新增结构字段为规则化整理结果。,,95,生熟状态未明确
EXT1463,河蟹,大闸蟹，毛蟹，中华绒螯蟹,鱼虾蟹贝类-蟹,103.0,17.5,2.6,2.3,0.0,河蟹,河蟹，大闸蟹，毛蟹，中华绒螯蟹,水产,贝类,鱼虾蟹贝类-蟹,100g,100,g,,,,未明确,,,原始数据库（来源待追溯）,原始导入,未提供,2026-06-25,中,否,否,是,EXT1463,待来源追溯,原始数据保留；新增结构字段为规则化整理结果。,,103,生熟状态未明确
EXT1464,锯缘青蟹 [青蟹],青蟹,鱼虾蟹贝类-蟹,80.0,14.6,1.6,1.7,0.0,锯缘青蟹 [青蟹],锯缘青蟹 [青蟹]，青蟹,水产,贝类,鱼虾蟹贝类-蟹,100g,100,g,,,,未明确,,,原始数据库（来源待追溯）,原始导入,未提供,2026-06-25,中,否,否,是,EXT1464,待来源追溯,原始数据保留；新增结构字段为规则化整理结果。,,80,生熟状态未明确
EXT1465,梭子蟹,,鱼虾蟹贝类-蟹,95.0,15.9,3.1,0.9,0.0,梭子蟹,梭子蟹,水产,贝类,鱼虾蟹贝类-蟹,100g,100,g,,,,未明确,,,原始数据库（来源待追溯）,原始导入,未提供,2026-06-25,中,否,否,是,EXT1465,待来源追溯,原始数据保留；新增结构字段为规则化整理结果。,,95,生熟状态未明确
EXT1466,蟹肉,螃蟹肉，蟹肉棒（原料）,鱼虾蟹贝类-蟹,62.0,11.6,1.2,1.1,0.0,蟹肉,蟹肉，螃蟹肉，蟹肉棒（原料）,水产,贝类,鱼虾蟹贝类-蟹,100g,100,g,,,,未明确,,,原始数据库（来源待追溯）,原始导入,未提供,2026-06-25,中,否,否,是,EXT1466,待来源追溯,原始数据保留；新增结构字段为规则化整理结果。,,62,生熟状态未明确
EXT1467,海蟹（小）,梭子蟹，海螃蟹，白蟹,鱼虾蟹贝类-蟹,81.0,14.2,1.1,3.6,0.0,海蟹（小）,海蟹（小），梭子蟹，海螃蟹，白蟹,水产,贝类,鱼虾蟹贝类-蟹,100g,100,g,,,,未明确,,,原始数据库（来源待追溯）,原始导入,未提供,2026-06-25,中,否,否,是,EXT1467,待来源追溯,原始数据保留；新增结构字段为规则化整理结果。,,81,生熟状态未明确
EXT1468,锯缘青蟹（公，鲜）,,鱼虾蟹贝类-蟹,126.0,16.7,5.2,3.1,0.0,锯缘青蟹（公，鲜）,锯缘青蟹（公，鲜）,水产,贝类,鱼虾蟹贝类-蟹,100g,100,g,,,,生/鲜,,,原始数据库（来源待追溯）,原始导入,未提供,2026-06-25,中,否,否,是,EXT1468,待来源追溯,原始数据保留；新增结构字段为规则化整理结果。,,126,
EXT1469,锯缘青蟹（母，鲜）,,鱼虾蟹贝类-蟹,155.0,17.3,7.5,4.5,0.0,锯缘青蟹（母，鲜）,锯缘青蟹（母，鲜）,水产,贝类,鱼虾蟹贝类-蟹,100g,100,g,,,,生/鲜,,,原始数据库（来源待追溯）,原始导入,未提供,2026-06-25,中,否,否,是,EXT1469,待来源追溯,原始数据保留；新增结构字段为规则化整理结果。,,155,
EXT1470,大闸蟹（母）,,鱼虾蟹贝类-蟹,156.0,21.0,7.7,0.6,0.0,大闸蟹（母）,大闸蟹（母）,水产,贝类,鱼虾蟹贝类-蟹,100g,100,g,,,,未明确,,,原始数据库（来源待追溯）,原始导入,未提供,2026-06-25,中,否,否,是,EXT1470,待来源追溯,原始数据保留；新增结构字段为规则化整理结果。,,156,生熟状态未明确
EXT1471,海蟹（公）,梭子蟹，海螃蟹，白蟹,鱼虾蟹贝类-蟹,85.0,18.0,0.3,2.5,0.0,海蟹（公）,海蟹（公），梭子蟹，海螃蟹，白蟹,水产,贝类,鱼虾蟹贝类-蟹,100g,100,g,,,,未明确,,,原始数据库（来源待追溯）,原始导入,未提供,2026-06-25,中,否,否,是,EXT1471,待来源追溯,原始数据保留；新增结构字段为规则化整理结果。,,85,生熟状态未明确
EXT1472,海蟹（母）,梭子蟹，海螃蟹，白蟹,鱼虾蟹贝类-蟹,64.0,14.2,0.3,1.2,0.0,海蟹（母）,海蟹（母），梭子蟹，海螃蟹，白蟹,水产,贝类,鱼虾蟹贝类-蟹,100g,100,g,,,,未明确,,,原始数据库（来源待追溯）,原始导入,未提供,2026-06-25,中,否,否,是,EXT1472,待来源追溯,原始数据保留；新增结构字段为规则化整理结果。,,64,生熟状态未明确
EXT1473,蟹足棒,,鱼虾蟹贝类-蟹,123.0,9.0,0.6,20.5,0.0,蟹足棒,蟹足棒,水产,贝类,鱼虾蟹贝类-蟹,100g,100,g,,,,未明确,,,原始数据库（来源待追溯）,原始导入,未提供,2026-06-25,中,否,否,是,EXT1473,待来源追溯,原始数据保留；新增结构字段为规则化整理结果。,,123,生熟状态未明确
EXT1474,蟹膏（大闸蟹，蒸）,,鱼虾蟹贝类-蟹,167.0,15.4,9.8,4.4,0.0,蟹膏（大闸蟹，蒸）,蟹膏（大闸蟹，蒸）,水产,贝类,鱼虾蟹贝类-蟹,100g,100,g,,,,未明确,蒸,,原始数据库（来源待追溯）,原始导入,未提供,2026-06-25,中,否,否,是,EXT1474,待来源追溯,原始数据保留；新增结构字段为规则化整理结果。,,167,生熟状态未明确
EXT1475,蟹肉（大闸蟹，公，蒸）,螃蟹肉，蟹肉棒（原料）,鱼虾蟹贝类-蟹,128.0,24.2,3.4,0.0,0.0,蟹肉（大闸蟹，公，蒸）,蟹肉（大闸蟹，公，蒸），螃蟹肉，蟹肉棒（原料）,水产,贝类,鱼虾蟹贝类-蟹,100g,100,g,,,,未明确,蒸,,原始数据库（来源待追溯）,原始导入,未提供,2026-06-25,中,否,否,是,EXT1475,待来源追溯,原始数据保留；新增结构字段为规则化整理结果。,,128,生熟状态未明确
EXT1476,蟹黄（大闸蟹，蒸）,,鱼虾蟹贝类-蟹,255.0,24.0,17.2,1.2,0.0,蟹黄（大闸蟹，蒸）,蟹黄（大闸蟹，蒸）,水产,贝类,鱼虾蟹贝类-蟹,100g,100,g,,,,未明确,蒸,,原始数据库（来源待追溯）,原始导入,未提供,2026-06-25,中,否,否,是,EXT1476,待来源追溯,原始数据保留；新增结构字段为规则化整理结果。,,255,生熟状态未明确
EXT1477,蟹肉（大闸蟹，母，蒸）,螃蟹肉，蟹肉棒（原料）,鱼虾蟹贝类-蟹,131.0,22.4,4.2,0.9,0.0,蟹肉（大闸蟹，母，蒸）,蟹肉（大闸蟹，母，蒸），螃蟹肉，蟹肉棒（原料）,水产,贝类,鱼虾蟹贝类-蟹,100g,100,g,,,,未明确,蒸,,原始数据库（来源待追溯）,原始导入,未提供,2026-06-25,中,否,否,是,EXT1477,待来源追溯,原始数据保留；新增结构字段为规则化整理结果。,,131,生熟状态未明确
EXT1478,梭子蟹（公，蒸）,,鱼虾蟹贝类-蟹,79.0,19.0,0.2,0.0,0.0,梭子蟹（公，蒸）,梭子蟹（公，蒸）,水产,贝类,鱼虾蟹贝类-蟹,100g,100,g,,,,未明确,蒸,,原始数据库（来源待追溯）,原始导入,未提供,2026-06-25,中,否,否,是,EXT1478,待来源追溯,原始数据保留；新增结构字段为规则化整理结果。,,79,生熟状态未明确
EXT1479,梭子蟹（母，蒸）,,鱼虾蟹贝类-蟹,101.0,24.1,0.4,0.0,0.0,梭子蟹（母，蒸）,梭子蟹（母，蒸）,水产,贝类,鱼虾蟹贝类-蟹,100g,100,g,,,,未明确,蒸,,原始数据库（来源待追溯）,原始导入,未提供,2026-06-25,中,否,否,是,EXT1479,待来源追溯,原始数据保留；新增结构字段为规则化整理结果。,,101,生熟状态未明确
EXT1480,鲍鱼 [杂色鲍],杂色鲍,鱼虾蟹贝类-贝,84.0,12.6,0.8,6.6,0.0,鲍鱼 [杂色鲍],鲍鱼 [杂色鲍]，杂色鲍,水产,贝类,鱼虾蟹贝类-贝,100g,100,g,,,,未明确,,,原始数据库（来源待追溯）,原始导入,未提供,2026-06-25,中,否,否,是,EXT1480,待来源追溯,原始数据保留；新增结构字段为规则化整理结果。,,84,生熟状态未明确
EXT1481,鲍鱼 (干),九孔鲍，鲍鱼，海耳,鱼虾蟹贝类-贝,322.0,54.1,5.6,13.7,0.0,鲍鱼 (干),鲍鱼 (干)，九孔鲍，鲍鱼，海耳,水产,贝类,鱼虾蟹贝类-贝,100g,100,g,,,,干制,,,原始数据库（来源待追溯）,原始导入,未提供,2026-06-25,中,否,否,是,EXT1481,待来源追溯,原始数据保留；新增结构字段为规则化整理结果。,,322,
EXT1482,蛏子,缢蛏，竹蛏，蛏子王，西施舌,鱼虾蟹贝类-贝,40.0,7.3,0.3,2.1,0.0,蛏子,蛏子，缢蛏，竹蛏，蛏子王，西施舌,水产,贝类,鱼虾蟹贝类-贝,100g,100,g,,,,未明确,,,原始数据库（来源待追溯）,原始导入,未提供,2026-06-25,中,否,否,是,EXT1482,待来源追溯,原始数据保留；新增结构字段为规则化整理结果。,,40,生熟状态未明确
EXT1483,蛏干 [蛏子缢、蛏青子],蛏子缢、蛏青子,鱼虾蟹贝类-贝,340.0,46.5,4.9,27.4,0.0,蛏干 [蛏子缢、蛏青子],蛏干 [蛏子缢、蛏青子]，蛏子缢，蛏青子,水产,贝类,鱼虾蟹贝类-贝,100g,100,g,,,,未明确,,,原始数据库（来源待追溯）,原始导入,未提供,2026-06-25,中,否,否,是,EXT1483,待来源追溯,原始数据保留；新增结构字段为规则化整理结果。,,340,生熟状态未明确
EXT1484,赤贝,,鱼虾蟹贝类-贝,61.0,13.9,0.6,0.0,0.0,赤贝,赤贝,水产,贝类,鱼虾蟹贝类-贝,100g,100,g,,,,未明确,,,原始数据库（来源待追溯）,原始导入,未提供,2026-06-25,中,否,否,是,EXT1484,待来源追溯,原始数据保留；新增结构字段为规则化整理结果。,,61,生熟状态未明确
EXT1485,河蚌,,鱼虾蟹贝类-贝,54.0,10.9,0.8,0.7,0.0,河蚌,河蚌,水产,贝类,鱼虾蟹贝类-贝,100g,100,g,,,,未明确,,,原始数据库（来源待追溯）,原始导入,未提供,2026-06-25,中,否,否,是,EXT1485,待来源追溯,原始数据保留；新增结构字段为规则化整理结果。,,54,生熟状态未明确
EXT1486,河蚬 [蚬子],蚬子,鱼虾蟹贝类-贝,47.0,7.0,1.4,1.7,0.0,河蚬 [蚬子],河蚬 [蚬子]，蚬子,水产,贝类,鱼虾蟹贝类-贝,100g,100,g,,,,未明确,,,原始数据库（来源待追溯）,原始导入,未提供,2026-06-25,中,否,否,是,EXT1486,待来源追溯,原始数据保留；新增结构字段为规则化整理结果。,,47,生熟状态未明确
EXT1487,牡蛎 [海蛎子],海蛎子,鱼虾蟹贝类-贝,73.0,5.3,2.1,8.2,0.0,牡蛎 [海蛎子],牡蛎 [海蛎子]，海蛎子,水产,贝类,鱼虾蟹贝类-贝,100g,100,g,,,,未明确,,,原始数据库（来源待追溯）,原始导入,未提供,2026-06-25,中,否,否,是,EXT1487,待来源追溯,原始数据保留；新增结构字段为规则化整理结果。,,73,生熟状态未明确
EXT1488,生蚝,,鱼虾蟹贝类-贝,57.0,10.9,1.5,0.0,0.0,生蚝,生蚝,水产,贝类,鱼虾蟹贝类-贝,100g,100,g,,,,生/鲜,,,原始数据库（来源待追溯）,原始导入,未提供,2026-06-25,中,否,否,是,EXT1488,待来源追溯,原始数据保留；新增结构字段为规则化整理结果。,,57,
EXT1489,泥蚶 [血蚶、珠蚶],血蚶、珠蚶,鱼虾蟹贝类-贝,71.0,10.0,0.8,6.0,0.0,泥蚶 [血蚶、珠蚶],泥蚶 [血蚶、珠蚶]，血蚶，珠蚶,水产,贝类,鱼虾蟹贝类-贝,100g,100,g,,,,未明确,,,原始数据库（来源待追溯）,原始导入,未提供,2026-06-25,中,否,否,是,EXT1489,待来源追溯,原始数据保留；新增结构字段为规则化整理结果。,,71,生熟状态未明确
EXT1490,扇贝 (鲜),帆立贝，海扇，带子,鱼虾蟹贝类-贝,60.0,11.1,0.6,2.6,0.0,扇贝 (鲜),扇贝 (鲜)，帆立贝，海扇，带子,水产,贝类,鱼虾蟹贝类-贝,100g,100,g,,,,生/鲜,,,原始数据库（来源待追溯）,原始导入,未提供,2026-06-25,中,否,否,是,EXT1490,待来源追溯,原始数据保留；新增结构字段为规则化整理结果。,,60,
EXT1491,扇贝 (干) [干贝],干贝,鱼虾蟹贝类-贝,264.0,55.6,2.4,5.1,0.0,扇贝 (干) [干贝],扇贝 (干) [干贝]，干贝,水产,贝类,鱼虾蟹贝类-贝,100g,100,g,,,,干制,,,原始数据库（来源待追溯）,原始导入,未提供,2026-06-25,中,否,否,是,EXT1491,待来源追溯,原始数据保留；新增结构字段为规则化整理结果。,,264,
EXT1492,鲜贝,,鱼虾蟹贝类-贝,77.0,15.7,0.5,2.5,0.0,鲜贝,鲜贝,水产,贝类,鱼虾蟹贝类-贝,100g,100,g,,,,生/鲜,,,原始数据库（来源待追溯）,原始导入,未提供,2026-06-25,中,否,否,是,EXT1492,待来源追溯,原始数据保留；新增结构字段为规则化整理结果。,,77,
EXT1493,银蚶 [蚶子],蚶子,鱼虾蟹贝类-贝,71.0,12.2,1.4,2.3,0.0,银蚶 [蚶子],银蚶 [蚶子]，蚶子,水产,贝类,鱼虾蟹贝类-贝,100g,100,g,,,,未明确,,,原始数据库（来源待追溯）,原始导入,未提供,2026-06-25,中,否,否,是,EXT1493,待来源追溯,原始数据保留；新增结构字段为规则化整理结果。,,71,生熟状态未明确
EXT1494,蛤贝 (鲜) [淡菜、壳菜],淡菜、壳菜,鱼虾蟹贝类-贝,80.0,11.4,1.7,4.7,0.0,蛤贝 (鲜) [淡菜、壳菜],蛤贝 (鲜) [淡菜、壳菜]，淡菜，壳菜,水产,贝类,鱼虾蟹贝类-贝,100g,100,g,,,,生/鲜,,,原始数据库（来源待追溯）,原始导入,未提供,2026-06-25,中,否,否,是,EXT1494,待来源追溯,原始数据保留；新增结构字段为规则化整理结果。,,80,
EXT1495,贻贝（干）[淡菜、壳菜],淡菜、壳菜,鱼虾蟹贝类-贝,355.0,47.8,9.3,20.1,0.0,贻贝（干）[淡菜、壳菜],贻贝（干）[淡菜、壳菜]，淡菜，壳菜,水产,贝类,鱼虾蟹贝类-贝,100g,100,g,,,,干制,,,原始数据库（来源待追溯）,原始导入,未提供,2026-06-25,中,否,否,是,EXT1495,待来源追溯,原始数据保留；新增结构字段为规则化整理结果。,,355,
EXT1496,海蚌 [西施舌],西施舌,鱼虾蟹贝类-贝,42.0,9.5,0.3,0.2,0.0,海蚌 [西施舌],海蚌 [西施舌]，西施舌,水产,贝类,鱼虾蟹贝类-贝,100g,100,g,,,,未明确,,,原始数据库（来源待追溯）,原始导入,未提供,2026-06-25,中,否,否,是,EXT1496,待来源追溯,原始数据保留；新增结构字段为规则化整理结果。,,42,生熟状态未明确
EXT1497,鲍鱼（皱纹鲍）,九孔鲍，鲍鱼，海耳,鱼虾蟹贝类-贝,75.0,13.7,0.1,4.8,0.0,鲍鱼（皱纹鲍）,鲍鱼（皱纹鲍），九孔鲍，鲍鱼，海耳,水产,贝类,鱼虾蟹贝类-贝,100g,100,g,,,,未明确,,,原始数据库（来源待追溯）,原始导入,未提供,2026-06-25,中,否,否,是,EXT1497,待来源追溯,原始数据保留；新增结构字段为规则化整理结果。,,75,生熟状态未明确
EXT1498,蛤蜊（代表值）,花蛤，文蛤，蛤蜊,鱼虾蟹贝类-贝,62.0,10.1,1.1,2.8,0.0,蛤蜊（代表值）,蛤蜊（代表值），花蛤，文蛤，蛤蜊,水产,贝类,鱼虾蟹贝类-贝,100g,100,g,,,,未明确,,,原始数据库（来源待追溯）,原始导入,未提供,2026-06-25,中,否,否,是,EXT1498,待来源追溯,原始数据保留；新增结构字段为规则化整理结果。,,62,生熟状态未明确
EXT1499,蛤蜊（花蛤蜊）,花蛤，文蛤，蛤蜊,鱼虾蟹贝类-贝,45.0,7.7,0.6,2.2,0.0,蛤蜊（花蛤蜊）,蛤蜊（花蛤蜊），花蛤，文蛤，蛤蜊,水产,贝类,鱼虾蟹贝类-贝,100g,100,g,,,,未明确,,,原始数据库（来源待追溯）,原始导入,未提供,2026-06-25,中,否,否,是,EXT1499,待来源追溯,原始数据保留；新增结构字段为规则化整理结果。,,45,生熟状态未明确
EXT1500,蛤蜊（毛蛤蜊）,花蛤，文蛤，蛤蜊,鱼虾蟹贝类-贝,97.0,15.0,1.0,7.1,0.0,蛤蜊（毛蛤蜊）,蛤蜊（毛蛤蜊），花蛤，文蛤，蛤蜊,水产,贝类,鱼虾蟹贝类-贝,100g,100,g,,,,未明确,,,原始数据库（来源待追溯）,原始导入,未提供,2026-06-25,中,否,否,是,EXT1500,待来源追溯,原始数据保留；新增结构字段为规则化整理结果。,,97,生熟状态未明确
EXT1501,蛤蜊（秋蛤蜊）,秋蛤，蛤蜊,鱼虾蟹贝类-贝,89.0,15.6,0.7,5.0,0.0,蛤蜊（秋蛤蜊）,蛤蜊（秋蛤蜊），秋蛤，蛤蜊,水产,贝类,鱼虾蟹贝类-贝,100g,100,g,,,,未明确,,,原始数据库（来源待追溯）,原始导入,未提供,2026-06-25,中,否,否,是,EXT1501,待来源追溯,原始数据保留；新增结构字段为规则化整理结果。,,89,生熟状态未明确
EXT1502,蛤蜊（沙蛤蜊）,花蛤，文蛤，蛤蜊,鱼虾蟹贝类-贝,56.0,8.9,1.9,0.8,0.0,蛤蜊（沙蛤蜊）,蛤蜊（沙蛤蜊），花蛤，文蛤，蛤蜊,水产,贝类,鱼虾蟹贝类-贝,100g,100,g,,,,未明确,,,原始数据库（来源待追溯）,原始导入,未提供,2026-06-25,中,否,否,是,EXT1502,待来源追溯,原始数据保留；新增结构字段为规则化整理结果。,,56,生熟状态未明确
EXT1503,蛤蜊（杂色蛤蜊）,花蛤，文蛤，蛤蜊,鱼虾蟹贝类-贝,53.0,7.5,2.2,0.7,0.0,蛤蜊（杂色蛤蜊）,蛤蜊（杂色蛤蜊），花蛤，文蛤，蛤蜊,水产,贝类,鱼虾蟹贝类-贝,100g,100,g,,,,未明确,,,原始数据库（来源待追溯）,原始导入,未提供,2026-06-25,中,否,否,是,EXT1503,待来源追溯,原始数据保留；新增结构字段为规则化整理结果。,,53,生熟状态未明确
EXT1504,螺（代表值）,,鱼虾蟹贝类-贝,100.0,15.7,1.2,6.6,0.0,螺（代表值）,螺（代表值）,水产,贝类,鱼虾蟹贝类-贝,100g,100,g,,,,未明确,,,原始数据库（来源待追溯）,原始导入,未提供,2026-06-25,中,否,否,是,EXT1504,待来源追溯,原始数据保留；新增结构字段为规则化整理结果。,,100,生熟状态未明确
EXT1505,红螺,,鱼虾蟹贝类-贝,119.0,20.2,0.9,7.6,0.0,红螺,红螺,水产,贝类,鱼虾蟹贝类-贝,100g,100,g,,,,未明确,,,原始数据库（来源待追溯）,原始导入,未提供,2026-06-25,中,否,否,是,EXT1505,待来源追溯,原始数据保留；新增结构字段为规则化整理结果。,,119,生熟状态未明确
EXT1506,黄螺 [东风螺],东风螺,鱼虾蟹贝类-贝,106.0,19.8,1.0,4.5,0.0,黄螺 [东风螺],黄螺 [东风螺]，东风螺,水产,贝类,鱼虾蟹贝类-贝,100g,100,g,,,,未明确,,,原始数据库（来源待追溯）,原始导入,未提供,2026-06-25,中,否,否,是,EXT1506,待来源追溯,原始数据保留；新增结构字段为规则化整理结果。,,106,生熟状态未明确
EXT1507,螺蛳,,鱼虾蟹贝类-贝,59.0,7.5,0.6,6.0,0.0,螺蛳,螺蛳,水产,贝类,鱼虾蟹贝类-贝,100g,100,g,,,,未明确,,,原始数据库（来源待追溯）,原始导入,未提供,2026-06-25,中,否,否,是,EXT1507,待来源追溯,原始数据保留；新增结构字段为规则化整理结果。,,59,生熟状态未明确
EXT1508,石螺,,鱼虾蟹贝类-贝,90.0,12.8,0.7,8.2,0.0,石螺,石螺,水产,贝类,鱼虾蟹贝类-贝,100g,100,g,,,,未明确,,,原始数据库（来源待追溯）,原始导入,未提供,2026-06-25,中,否,否,是,EXT1508,待来源追溯,原始数据保留；新增结构字段为规则化整理结果。,,90,生熟状态未明确
EXT1509,田螺,,鱼虾蟹贝类-贝,60.0,11.0,0.2,3.6,0.0,田螺,田螺,水产,贝类,鱼虾蟹贝类-贝,100g,100,g,,,,未明确,,,原始数据库（来源待追溯）,原始导入,未提供,2026-06-25,中,否,否,是,EXT1509,待来源追溯,原始数据保留；新增结构字段为规则化整理结果。,,60,生熟状态未明确
EXT1510,香海螺,,鱼虾蟹贝类-贝,163.0,22.7,3.5,10.1,0.0,香海螺,香海螺,水产,贝类,鱼虾蟹贝类-贝,100g,100,g,,,,未明确,,,原始数据库（来源待追溯）,原始导入,未提供,2026-06-25,中,否,否,是,EXT1510,待来源追溯,原始数据保留；新增结构字段为规则化整理结果。,,163,生熟状态未明确
EXT1511,海蚌（鲜）,,鱼虾蟹贝类-贝,51.0,6.9,0.2,5.5,0.0,海蚌（鲜）,海蚌（鲜）,水产,贝类,鱼虾蟹贝类-贝,100g,100,g,,,,生/鲜,,,原始数据库（来源待追溯）,原始导入,未提供,2026-06-25,中,否,否,是,EXT1511,待来源追溯,原始数据保留；新增结构字段为规则化整理结果。,,51,
EXT1512,海蚌（漳港海蚌，鲜）,,鱼虾蟹贝类-贝,64.0,9.4,0.7,4.9,0.0,海蚌（漳港海蚌，鲜）,海蚌（漳港海蚌，鲜）,水产,贝类,鱼虾蟹贝类-贝,100g,100,g,,,,生/鲜,,,原始数据库（来源待追溯）,原始导入,未提供,2026-06-25,中,否,否,是,EXT1512,待来源追溯,原始数据保留；新增结构字段为规则化整理结果。,,64,
EXT1513,蛏子（焯）,缢蛏，竹蛏，蛏子王，西施舌,鱼虾蟹贝类-贝,67.0,13.5,0.9,1.1,0.0,蛏子（焯）,蛏子（焯），缢蛏，竹蛏，蛏子王，西施舌,水产,贝类,鱼虾蟹贝类-贝,100g,100,g,,,,未明确,焯,,原始数据库（来源待追溯）,原始导入,未提供,2026-06-25,中,否,否,是,EXT1513,待来源追溯,原始数据保留；新增结构字段为规则化整理结果。,,67,生熟状态未明确
EXT1514,缢蛏（鲜）,,鱼虾蟹贝类-贝,73.0,8.6,1.8,5.6,0.0,缢蛏（鲜）,缢蛏（鲜）,水产,贝类,鱼虾蟹贝类-贝,100g,100,g,,,,生/鲜,,,原始数据库（来源待追溯）,原始导入,未提供,2026-06-25,中,否,否,是,EXT1514,待来源追溯,原始数据保留；新增结构字段为规则化整理结果。,,73,
EXT1515,牛角江珧蛤（鲜）[长带子],长带子,鱼虾蟹贝类-贝,49.0,7.1,0.5,4.0,0.0,牛角江珧蛤（鲜）[长带子],牛角江珧蛤（鲜）[长带子]，长带子,水产,贝类,鱼虾蟹贝类-贝,100g,100,g,,,,生/鲜,,,原始数据库（来源待追溯）,原始导入,未提供,2026-06-25,中,否,否,是,EXT1515,待来源追溯,原始数据保留；新增结构字段为规则化整理结果。,,49,
EXT1516,文蛤（鲜）,,鱼虾蟹贝类-贝,56.0,9.2,0.7,3.2,0.0,文蛤（鲜）,文蛤（鲜）,水产,贝类,鱼虾蟹贝类-贝,100g,100,g,,,,生/鲜,,,原始数据库（来源待追溯）,原始导入,未提供,2026-06-25,中,否,否,是,EXT1516,待来源追溯,原始数据保留；新增结构字段为规则化整理结果。,,56,
EXT1517,血蛤（鲜）,,鱼虾蟹贝类-贝,51.0,8.2,0.5,3.3,0.0,血蛤（鲜）,血蛤（鲜）,水产,贝类,鱼虾蟹贝类-贝,100g,100,g,,,,生/鲜,,,原始数据库（来源待追溯）,原始导入,未提供,2026-06-25,中,否,否,是,EXT1517,待来源追溯,原始数据保留；新增结构字段为规则化整理结果。,,51,
EXT1518,六角螺（鲜）,,鱼虾蟹贝类-贝,118.0,23.5,0.5,4.8,0.0,六角螺（鲜）,六角螺（鲜）,水产,贝类,鱼虾蟹贝类-贝,100g,100,g,,,,生/鲜,,,原始数据库（来源待追溯）,原始导入,未提供,2026-06-25,中,否,否,是,EXT1518,待来源追溯,原始数据保留；新增结构字段为规则化整理结果。,,118,
EXT1519,海螺肉（干）,,鱼虾蟹贝类-贝,295.0,65.7,0.5,7.0,0.0,海螺肉（干）,海螺肉（干）,水产,贝类,鱼虾蟹贝类-贝,100g,100,g,,,,干制,,,原始数据库（来源待追溯）,原始导入,未提供,2026-06-25,中,否,否,是,EXT1519,待来源追溯,原始数据保留；新增结构字段为规则化整理结果。,,295,
EXT1520,文蛤丸,,鱼虾蟹贝类-贝,211.0,16.2,9.2,15.8,0.0,文蛤丸,文蛤丸,水产,贝类,鱼虾蟹贝类-贝,100g,100,g,,,,未明确,,,原始数据库（来源待追溯）,原始导入,未提供,2026-06-25,中,否,否,是,EXT1520,待来源追溯,原始数据保留；新增结构字段为规则化整理结果。,,211,生熟状态未明确
EXT1521,白条鱼（裸鱼）,白条，餐条，白鲦，蓝刀鱼,鱼虾蟹贝类-鱼,103.0,16.6,3.3,1.6,0.0,白条鱼（裸鱼）,白条鱼（裸鱼），白条，餐条，白鲦，蓝刀鱼,水产,贝类,鱼虾蟹贝类-鱼,100g,100,g,,,,未明确,,,原始数据库（来源待追溯）,原始导入,未提供,2026-06-25,中,否,否,是,EXT1521,待来源追溯,原始数据保留；新增结构字段为规则化整理结果。,,103,生熟状态未明确
EXT1522,草鱼,鲩鱼，草鲩，油鲩，白鲩,鱼虾蟹贝类-鱼,113.0,16.6,5.2,0.0,0.0,草鱼,草鱼，鲩鱼，草鲩，油鲩，白鲩,水产,贝类,鱼虾蟹贝类-鱼,100g,100,g,,,,未明确,,,原始数据库（来源待追溯）,原始导入,未提供,2026-06-25,中,否,否,是,EXT1522,待来源追溯,原始数据保留；新增结构字段为规则化整理结果。,,113,生熟状态未明确
EXT1523,赤眼鳟[金目鱼],金目鱼,鱼虾蟹贝类-鱼,109.0,18.1,4.1,0.0,0.0,赤眼鳟[金目鱼],赤眼鳟[金目鱼]，金目鱼,水产,贝类,鱼虾蟹贝类-鱼,100g,100,g,,,,未明确,,,原始数据库（来源待追溯）,原始导入,未提供,2026-06-25,中,否,否,是,EXT1523,待来源追溯,原始数据保留；新增结构字段为规则化整理结果。,,109,生熟状态未明确
EXT1524,鲶鱼[猴鱼],猴鱼,鱼虾蟹贝类-鱼,114.0,17.5,4.3,1.2,0.0,鲶鱼[猴鱼],鲶鱼[猴鱼]，猴鱼,水产,贝类,鱼虾蟹贝类-鱼,100g,100,g,,,,未明确,,,原始数据库（来源待追溯）,原始导入,未提供,2026-06-25,中,否,否,是,EXT1524,待来源追溯,原始数据保留；新增结构字段为规则化整理结果。,,114,生熟状态未明确
EXT1525,胡子鲇[塘虱（鱼）],塘虱（鱼）,鱼虾蟹贝类-鱼,146.0,15.4,8.0,3.1,0.0,胡子鲇[塘虱（鱼）],胡子鲇[塘虱（鱼）]，塘虱（鱼）,水产,贝类,鱼虾蟹贝类-鱼,100g,100,g,,,,未明确,,,原始数据库（来源待追溯）,原始导入,未提供,2026-06-25,中,否,否,是,EXT1525,待来源追溯,原始数据保留；新增结构字段为规则化整理结果。,,146,生熟状态未明确
EXT1526,黄颡鱼[戈牙鱼、黄鳍鱼],戈牙鱼、黄鳍鱼,鱼虾蟹贝类-鱼,124.0,17.8,2.7,7.1,0.0,黄颡鱼[戈牙鱼、黄鳍鱼],黄颡鱼[戈牙鱼、黄鳍鱼]，戈牙鱼，黄鳍鱼,水产,贝类,鱼虾蟹贝类-鱼,100g,100,g,,,,未明确,,,原始数据库（来源待追溯）,原始导入,未提供,2026-06-25,低,否,否,否,EXT1526,同名冲突待核验,原始数据保留；新增结构字段为规则化整理结果。,,124,生熟状态未明确
EXT1527,黄鳝[鳝鱼],鳝鱼,鱼虾蟹贝类-鱼,89.0,18.0,1.4,1.2,0.0,黄鳝[鳝鱼],黄鳝[鳝鱼]，鳝鱼,水产,贝类,鱼虾蟹贝类-鱼,100g,100,g,,,,未明确,,,原始数据库（来源待追溯）,原始导入,未提供,2026-06-25,中,否,否,是,EXT1527,待来源追溯,原始数据保留；新增结构字段为规则化整理结果。,,89,生熟状态未明确
EXT1528,黄鳝丝,,鱼虾蟹贝类-鱼,69.0,15.4,0.8,0.0,0.0,黄鳝丝,黄鳝丝,水产,贝类,鱼虾蟹贝类-鱼,100g,100,g,,,,未明确,,,原始数据库（来源待追溯）,原始导入,未提供,2026-06-25,中,否,否,是,EXT1528,待来源追溯,原始数据保留；新增结构字段为规则化整理结果。,,69,生熟状态未明确
EXT1529,尖嘴白,,鱼虾蟹贝类-鱼,137.0,22.7,3.3,4.1,0.0,尖嘴白,尖嘴白,水产,贝类,鱼虾蟹贝类-鱼,100g,100,g,,,,未明确,,,原始数据库（来源待追溯）,原始导入,未提供,2026-06-25,中,否,否,是,EXT1529,待来源追溯,原始数据保留；新增结构字段为规则化整理结果。,,137,生熟状态未明确
EXT1530,口头鱼,,鱼虾蟹贝类-鱼,134.0,19.6,4.2,4.5,0.0,口头鱼,口头鱼,水产,贝类,鱼虾蟹贝类-鱼,100g,100,g,,,,未明确,,,原始数据库（来源待追溯）,原始导入,未提供,2026-06-25,中,否,否,是,EXT1530,待来源追溯,原始数据保留；新增结构字段为规则化整理结果。,,134,生熟状态未明确
EXT1531,鲤鱼[鲤拐子],鲤拐子,鱼虾蟹贝类-鱼,109.0,17.6,4.1,0.5,0.0,鲤鱼[鲤拐子],鲤鱼[鲤拐子]，鲤拐子,水产,贝类,鱼虾蟹贝类-鱼,100g,100,g,,,,未明确,,,原始数据库（来源待追溯）,原始导入,未提供,2026-06-25,中,否,否,是,EXT1531,待来源追溯,原始数据保留；新增结构字段为规则化整理结果。,,109,生熟状态未明确
EXT1532,罗非鱼,非洲鲫鱼，福寿鱼，吴郭鱼，越南鲫,鱼虾蟹贝类-鱼,98.0,18.4,1.5,2.8,0.0,罗非鱼,罗非鱼，非洲鲫鱼，福寿鱼，吴郭鱼，越南鲫,水产,贝类,鱼虾蟹贝类-鱼,100g,100,g,,,,未明确,,,原始数据库（来源待追溯）,原始导入,未提供,2026-06-25,中,否,否,是,EXT1532,待来源追溯,原始数据保留；新增结构字段为规则化整理结果。,,98,生熟状态未明确
EXT1533,罗非鱼（莫桑比克）[非洲黑鲫鱼],非洲黑鲫鱼,鱼虾蟹贝类-鱼,77.0,16.0,1.0,1.0,0.0,罗非鱼（莫桑比克）[非洲黑鲫鱼],罗非鱼（莫桑比克）[非洲黑鲫鱼]，非洲黑鲫鱼,水产,贝类,鱼虾蟹贝类-鱼,100g,100,g,,,,未明确,,,原始数据库（来源待追溯）,原始导入,未提供,2026-06-25,中,否,否,是,EXT1533,待来源追溯,原始数据保留；新增结构字段为规则化整理结果。,,77,生熟状态未明确
EXT1534,泥鳅,鳅鱼，泥鳅狗，土鳅,鱼虾蟹贝类-鱼,96.0,17.9,2.0,1.7,0.0,泥鳅,泥鳅，鳅鱼，泥鳅狗，土鳅,水产,贝类,鱼虾蟹贝类-鱼,100g,100,g,,,,未明确,,,原始数据库（来源待追溯）,原始导入,未提供,2026-06-25,中,否,否,是,EXT1534,待来源追溯,原始数据保留；新增结构字段为规则化整理结果。,,96,生熟状态未明确
EXT1535,青鱼[青皮鱼、青鳞鱼、青混],青皮鱼、青鳞鱼、青混,鱼虾蟹贝类-鱼,118.0,20.1,4.2,0.0,0.0,青鱼[青皮鱼、青鳞鱼、青混],青鱼[青皮鱼、青鳞鱼、青混]，青皮鱼，青鳞鱼，青混,水产,贝类,鱼虾蟹贝类-鱼,100g,100,g,,,,未明确,,,原始数据库（来源待追溯）,原始导入,未提供,2026-06-25,中,否,否,是,EXT1535,待来源追溯,原始数据保留；新增结构字段为规则化整理结果。,,118,生熟状态未明确
EXT1536,乌鳢[黑鱼、乌鱼、生鱼],黑鱼、乌鱼、生鱼,鱼虾蟹贝类-鱼,85.0,18.5,1.2,0.0,0.0,乌鳢[黑鱼、乌鱼、生鱼],乌鳢[黑鱼、乌鱼、生鱼]，黑鱼，乌鱼，生鱼,水产,贝类,鱼虾蟹贝类-鱼,100g,100,g,,,,生/鲜,,,原始数据库（来源待追溯）,原始导入,未提供,2026-06-25,中,否,否,是,EXT1536,待来源追溯,原始数据保留；新增结构字段为规则化整理结果。,,85,
EXT1537,银鱼[面条鱼],面条鱼,鱼虾蟹贝类-鱼,105.0,17.2,4.0,0.0,0.0,银鱼[面条鱼],银鱼[面条鱼]，面条鱼,水产,贝类,鱼虾蟹贝类-鱼,100g,100,g,,,,未明确,,,原始数据库（来源待追溯）,原始导入,未提供,2026-06-25,中,否,否,是,EXT1537,待来源追溯,原始数据保留；新增结构字段为规则化整理结果。,,105,生熟状态未明确
EXT1538,湟鱼[裸鲤鱼],裸鲤鱼,鱼虾蟹贝类-鱼,124.0,17.1,3.2,6.7,0.0,湟鱼[裸鲤鱼],湟鱼[裸鲤鱼]，裸鲤鱼,水产,贝类,鱼虾蟹贝类-鱼,100g,100,g,,,,未明确,,,原始数据库（来源待追溯）,原始导入,未提供,2026-06-25,中,否,否,是,EXT1538,待来源追溯,原始数据保留；新增结构字段为规则化整理结果。,,124,生熟状态未明确
EXT1539,鲇鱼[胡子鲇、鲶胡、旺虾],胡子鲇、鲶胡、旺虾,鱼虾蟹贝类-鱼,103.0,17.3,3.7,0.0,0.0,鲇鱼[胡子鲇、鲶胡、旺虾],鲇鱼[胡子鲇、鲶胡、旺虾]，胡子鲇，鲶胡，旺虾,水产,贝类,鱼虾蟹贝类-鱼,100g,100,g,,,,未明确,,,原始数据库（来源待追溯）,原始导入,未提供,2026-06-25,中,否,否,是,EXT1539,待来源追溯,原始数据保留；新增结构字段为规则化整理结果。,,103,生熟状态未明确
EXT1540,鲶花,,鱼虾蟹贝类-鱼,117.0,15.6,6.1,0.0,0.0,鲶花,鲶花,水产,贝类,鱼虾蟹贝类-鱼,100g,100,g,,,,未明确,,,原始数据库（来源待追溯）,原始导入,未提供,2026-06-25,中,否,否,是,EXT1540,待来源追溯,原始数据保留；新增结构字段为规则化整理结果。,,117,生熟状态未明确
EXT1541,鲢鱼[白鲢、胖子、连子鱼],白鲢、胖子、连子鱼,鱼虾蟹贝类-鱼,104.0,17.8,3.6,0.0,0.0,鲢鱼[白鲢、胖子、连子鱼],鲢鱼[白鲢、胖子、连子鱼]，白鲢，胖子，连子鱼,水产,贝类,鱼虾蟹贝类-鱼,100g,100,g,,,,未明确,,,原始数据库（来源待追溯）,原始导入,未提供,2026-06-25,低,否,否,否,EXT1541,同名冲突待核验,原始数据保留；新增结构字段为规则化整理结果。,,104,生熟状态未明确
EXT1542,鲫鱼 [喜头鱼、海附鱼],喜头鱼、海附鱼,鱼虾蟹贝类-鱼,108.0,17.1,2.7,3.8,0.0,鲫鱼 [喜头鱼、海附鱼],鲫鱼 [喜头鱼、海附鱼]，喜头鱼，海附鱼,水产,贝类,鱼虾蟹贝类-鱼,100g,100,g,,,,未明确,,,原始数据库（来源待追溯）,原始导入,未提供,2026-06-25,低,否,否,否,EXT1542,同名冲突待核验,原始数据保留；新增结构字段为规则化整理结果。,,108,生熟状态未明确
EXT1543,鲥鱼 [雪鲫],雪鲫,鱼虾蟹贝类-鱼,95.0,18.4,2.1,0.7,0.0,鲥鱼 [雪鲫],鲥鱼 [雪鲫]，雪鲫,水产,贝类,鱼虾蟹贝类-鱼,100g,100,g,,,,未明确,,,原始数据库（来源待追溯）,原始导入,未提供,2026-06-25,中,否,否,是,EXT1543,待来源追溯,原始数据保留；新增结构字段为规则化整理结果。,,95,生熟状态未明确
EXT1544,鲥鱼 (罐头),时鱼，三来，三黎，惜鳞鱼,鱼虾蟹贝类-鱼,399.0,30.7,26.9,8.5,0.0,鲥鱼 (罐头),鲥鱼 (罐头)，时鱼，三来，三黎，惜鳞鱼,水产,贝类,鱼虾蟹贝类-鱼,100g,100,g,,,,未明确,,,原始数据库（来源待追溯）,原始导入,未提供,2026-06-25,中,否,否,是,EXT1544,待来源追溯,原始数据保留；新增结构字段为规则化整理结果。,,399,生熟状态未明确
EXT1545,鲌鱼 [鲂鱼、武昌鱼],鲂鱼、武昌鱼,鱼虾蟹贝类-鱼,135.0,18.3,6.3,1.2,0.0,鲌鱼 [鲂鱼、武昌鱼],鲌鱼 [鲂鱼、武昌鱼]，鲂鱼，武昌鱼,水产,贝类,鱼虾蟹贝类-鱼,100g,100,g,,,,未明确,,,原始数据库（来源待追溯）,原始导入,未提供,2026-06-25,低,否,否,否,EXT1545,同名冲突待核验,原始数据保留；新增结构字段为规则化整理结果。,,135,生熟状态未明确
EXT1546,鳗鲡 [鳗鱼、河鳗],鳗鱼、河鳗,鱼虾蟹贝类-鱼,181.0,18.6,10.8,2.3,0.0,鳗鲡 [鳗鱼、河鳗],鳗鲡 [鳗鱼、河鳗]，鳗鱼，河鳗,水产,贝类,鱼虾蟹贝类-鱼,100g,100,g,,,,未明确,,,原始数据库（来源待追溯）,原始导入,未提供,2026-06-25,中,否,否,是,EXT1546,待来源追溯,原始数据保留；新增结构字段为规则化整理结果。,,181,生熟状态未明确
EXT1547,鲱鱼 [胖头鱼、摆佳鱼、花鲢鱼],胖头鱼、摆佳鱼、花鲢鱼,鱼虾蟹贝类-鱼,100.0,15.3,2.2,4.7,0.0,鲱鱼 [胖头鱼、摆佳鱼、花鲢鱼],鲱鱼 [胖头鱼、摆佳鱼、花鲢鱼]，胖头鱼，摆佳鱼，花鲢鱼,水产,贝类,鱼虾蟹贝类-鱼,100g,100,g,,,,未明确,,,原始数据库（来源待追溯）,原始导入,未提供,2026-06-25,中,否,否,是,EXT1547,待来源追溯,原始数据保留；新增结构字段为规则化整理结果。,,100,生熟状态未明确
EXT1548,鳜鱼 [桂鱼、花鲫鱼],桂鱼、花鲫鱼,鱼虾蟹贝类-鱼,117.0,19.9,4.2,0.0,0.0,鳜鱼 [桂鱼、花鲫鱼],鳜鱼 [桂鱼、花鲫鱼]，桂鱼，花鲫鱼,水产,贝类,鱼虾蟹贝类-鱼,100g,100,g,,,,未明确,,,原始数据库（来源待追溯）,原始导入,未提供,2026-06-25,中,否,否,是,EXT1548,待来源追溯,原始数据保留；新增结构字段为规则化整理结果。,,117,生熟状态未明确
EXT1549,鳟鱼 [红鳟鱼],红鳟鱼,鱼虾蟹贝类-鱼,99.0,18.6,2.6,0.2,0.0,鳟鱼 [红鳟鱼],鳟鱼 [红鳟鱼]，红鳟鱼,水产,贝类,鱼虾蟹贝类-鱼,100g,100,g,,,,未明确,,,原始数据库（来源待追溯）,原始导入,未提供,2026-06-25,中,否,否,是,EXT1549,待来源追溯,原始数据保留；新增结构字段为规则化整理结果。,,99,生熟状态未明确
EXT1550,草鱼 [白鲩、草包鱼],白鲩、草包鱼,鱼虾蟹贝类-鱼,96.0,17.7,2.6,0.5,0.0,草鱼 [白鲩、草包鱼],草鱼 [白鲩、草包鱼]，白鲩，草包鱼,水产,贝类,鱼虾蟹贝类-鱼,100g,100,g,,,,未明确,,,原始数据库（来源待追溯）,原始导入,未提供,2026-06-25,中,否,否,是,EXT1550,待来源追溯,原始数据保留；新增结构字段为规则化整理结果。,,96,生熟状态未明确
EXT1551,鲢鱼 [白鲢、胖子、连子鱼],白鲢、胖子、连子鱼,鱼虾蟹贝类-鱼,84.0,16.3,2.1,0.0,0.0,鲢鱼 [白鲢、胖子、连子鱼],鲢鱼 [白鲢、胖子、连子鱼]，白鲢，胖子，连子鱼,水产,贝类,鱼虾蟹贝类-鱼,100g,100,g,,,,未明确,,,原始数据库（来源待追溯）,原始导入,未提供,2026-06-25,低,否,否,否,EXT1551,同名冲突待核验,原始数据保留；新增结构字段为规则化整理结果。,,84,生熟状态未明确
EXT1552,鲫鱼 [喜头鱼、海附鱼],喜头鱼、海附鱼,鱼虾蟹贝类-鱼,89.0,18.0,1.6,0.7,0.0,鲫鱼 [喜头鱼、海附鱼],鲫鱼 [喜头鱼、海附鱼]，喜头鱼，海附鱼,水产,贝类,鱼虾蟹贝类-鱼,100g,100,g,,,,未明确,,,原始数据库（来源待追溯）,原始导入,未提供,2026-06-25,低,否,否,否,EXT1552,同名冲突待核验,原始数据保留；新增结构字段为规则化整理结果。,,89,生熟状态未明确
EXT1553,丁桂鱼,,鱼虾蟹贝类-鱼,157.0,29.7,4.2,0.2,0.0,丁桂鱼,丁桂鱼,水产,贝类,鱼虾蟹贝类-鱼,100g,100,g,,,,未明确,,,原始数据库（来源待追溯）,原始导入,未提供,2026-06-25,中,否,否,是,EXT1553,待来源追溯,原始数据保留；新增结构字段为规则化整理结果。,,157,生熟状态未明确
EXT1554,乌鳢 (野生) [黑鱼、乌鱼、生鱼],黑鱼、乌鱼、生鱼,鱼虾蟹贝类-鱼,105.0,19.9,2.3,1.1,0.0,乌鳢 (野生) [黑鱼、乌鱼、生鱼],乌鳢 (野生) [黑鱼、乌鱼、生鱼]，黑鱼，乌鱼，生鱼,水产,贝类,鱼虾蟹贝类-鱼,100g,100,g,,,,生/鲜,,,原始数据库（来源待追溯）,原始导入,未提供,2026-06-25,中,否,否,是,EXT1554,待来源追溯,原始数据保留；新增结构字段为规则化整理结果。,,105,
EXT1555,花骨鱼,,鱼虾蟹贝类-鱼,155.0,25.8,5.6,0.4,0.0,花骨鱼,花骨鱼,水产,贝类,鱼虾蟹贝类-鱼,100g,100,g,,,,未明确,,,原始数据库（来源待追溯）,原始导入,未提供,2026-06-25,中,否,否,是,EXT1555,待来源追溯,原始数据保留；新增结构字段为规则化整理结果。,,155,生熟状态未明确
EXT1556,黄颡鱼 [戈牙鱼、黄鳍鱼],戈牙鱼、黄鳍鱼,鱼虾蟹贝类-鱼,161.0,17.3,10.2,0.0,0.0,黄颡鱼 [戈牙鱼、黄鳍鱼],黄颡鱼 [戈牙鱼、黄鳍鱼]，戈牙鱼，黄鳍鱼,水产,贝类,鱼虾蟹贝类-鱼,100g,100,g,,,,未明确,,,原始数据库（来源待追溯）,原始导入,未提供,2026-06-25,低,否,否,否,EXT1556,同名冲突待核验,原始数据保留；新增结构字段为规则化整理结果。,,161,生熟状态未明确
EXT1557,回头鱼,,鱼虾蟹贝类-鱼,107.0,14.5,5.3,0.4,0.0,回头鱼,回头鱼,水产,贝类,鱼虾蟹贝类-鱼,100g,100,g,,,,未明确,,,原始数据库（来源待追溯）,原始导入,未提供,2026-06-25,中,否,否,是,EXT1557,待来源追溯,原始数据保留；新增结构字段为规则化整理结果。,,107,生熟状态未明确
EXT1558,鲷鱼,加吉鱼，真鲷，铜盆鱼，赤鲷,鱼虾蟹贝类-鱼,143.0,14.8,4.5,10.8,0.0,鲷鱼,鲷鱼，加吉鱼，真鲷，铜盆鱼，赤鲷,水产,贝类,鱼虾蟹贝类-鱼,100g,100,g,,,,未明确,,,原始数据库（来源待追溯）,原始导入,未提供,2026-06-25,中,否,否,是,EXT1558,待来源追溯,原始数据保留；新增结构字段为规则化整理结果。,,143,生熟状态未明确
EXT1559,斑鱚 [剑骨鱼],剑骨鱼,鱼虾蟹贝类-鱼,135.0,16.8,7.3,0.0,0.0,斑鱚 [剑骨鱼],斑鱚 [剑骨鱼]，剑骨鱼,水产,贝类,鱼虾蟹贝类-鱼,100g,100,g,,,,未明确,,,原始数据库（来源待追溯）,原始导入,未提供,2026-06-25,中,否,否,是,EXT1559,待来源追溯,原始数据保留；新增结构字段为规则化整理结果。,,135,生熟状态未明确
EXT1560,抗浪鱼,,鱼虾蟹贝类-鱼,174.0,16.6,11.0,2.1,0.0,抗浪鱼,抗浪鱼,水产,贝类,鱼虾蟹贝类-鱼,100g,100,g,,,,未明确,,,原始数据库（来源待追溯）,原始导入,未提供,2026-06-25,中,否,否,是,EXT1560,待来源追溯,原始数据保留；新增结构字段为规则化整理结果。,,174,生熟状态未明确
EXT1561,蓝鳃太阳鱼,,鱼虾蟹贝类-鱼,93.0,17.8,2.3,0.3,0.0,蓝鳃太阳鱼,蓝鳃太阳鱼,水产,贝类,鱼虾蟹贝类-鱼,100g,100,g,,,,未明确,,,原始数据库（来源待追溯）,原始导入,未提供,2026-06-25,中,否,否,是,EXT1561,待来源追溯,原始数据保留；新增结构字段为规则化整理结果。,,93,生熟状态未明确
EXT1562,钳鱼,,鱼虾蟹贝类-鱼,212.0,29.2,10.3,0.7,0.0,钳鱼,钳鱼,水产,贝类,鱼虾蟹贝类-鱼,100g,100,g,,,,未明确,,,原始数据库（来源待追溯）,原始导入,未提供,2026-06-25,中,否,否,是,EXT1562,待来源追溯,原始数据保留；新增结构字段为规则化整理结果。,,212,生熟状态未明确
EXT1563,翘嘴红鲌 (鲜),,鱼虾蟹贝类-鱼,123.0,18.1,5.6,0.1,0.0,翘嘴红鲌 (鲜),翘嘴红鲌 (鲜),水产,贝类,鱼虾蟹贝类-鱼,100g,100,g,,,,生/鲜,,,原始数据库（来源待追溯）,原始导入,未提供,2026-06-25,中,否,否,是,EXT1563,待来源追溯,原始数据保留；新增结构字段为规则化整理结果。,,123,
EXT1564,鲅鱼,蓝点马鲛，马鲛鱼，鲅,鱼虾蟹贝类-鱼,189.0,20.8,11.3,0.9,0.0,鲅鱼,鲅鱼，蓝点马鲛，马鲛鱼，鲅,水产,贝类,鱼虾蟹贝类-鱼,100g,100,g,,,,未明确,,,原始数据库（来源待追溯）,原始导入,未提供,2026-06-25,中,否,否,是,EXT1564,待来源追溯,原始数据保留；新增结构字段为规则化整理结果。,,189,生熟状态未明确
EXT1565,鲌鱼 [鲂鱼、武昌鱼],鲂鱼、武昌鱼,鱼虾蟹贝类-鱼,142.0,27.0,3.5,0.7,0.0,鲌鱼 [鲂鱼、武昌鱼],鲌鱼 [鲂鱼、武昌鱼]，鲂鱼，武昌鱼,水产,贝类,鱼虾蟹贝类-鱼,100g,100,g,,,,未明确,,,原始数据库（来源待追溯）,原始导入,未提供,2026-06-25,低,否,否,否,EXT1565,同名冲突待核验,原始数据保留；新增结构字段为规则化整理结果。,,142,生熟状态未明确
EXT1566,鲥鱼,时鱼，三来，三黎，惜鳞鱼,鱼虾蟹贝类-鱼,100.0,23.4,0.4,0.6,0.0,鲥鱼,鲥鱼，时鱼，三来，三黎，惜鳞鱼,水产,贝类,鱼虾蟹贝类-鱼,100g,100,g,,,,未明确,,,原始数据库（来源待追溯）,原始导入,未提供,2026-06-25,中,否,否,是,EXT1566,待来源追溯,原始数据保留；新增结构字段为规则化整理结果。,,100,生熟状态未明确
EXT1567,雅鱼,,鱼虾蟹贝类-鱼,131.0,26.5,2.7,0.1,0.0,雅鱼,雅鱼,水产,贝类,鱼虾蟹贝类-鱼,100g,100,g,,,,未明确,,,原始数据库（来源待追溯）,原始导入,未提供,2026-06-25,中,否,否,是,EXT1567,待来源追溯,原始数据保留；新增结构字段为规则化整理结果。,,131,生熟状态未明确
EXT1568,胭脂鱼（养殖）,,鱼虾蟹贝类-鱼,162.0,38.8,0.6,0.4,0.0,胭脂鱼（养殖）,胭脂鱼（养殖）,水产,贝类,鱼虾蟹贝类-鱼,100g,100,g,,,,未明确,,,原始数据库（来源待追溯）,原始导入,未提供,2026-06-25,中,否,否,是,EXT1568,待来源追溯,原始数据保留；新增结构字段为规则化整理结果。,,162,生熟状态未明确
EXT1569,棒棒鱼（雅江冷水鱼）,,鱼虾蟹贝类-鱼,118.0,27.1,1.1,0.0,0.0,棒棒鱼（雅江冷水鱼）,棒棒鱼（雅江冷水鱼）,水产,贝类,鱼虾蟹贝类-鱼,100g,100,g,,,,未明确,,,原始数据库（来源待追溯）,原始导入,未提供,2026-06-25,中,否,否,是,EXT1569,待来源追溯,原始数据保留；新增结构字段为规则化整理结果。,,118,生熟状态未明确
EXT1570,尖嘴鱼（雅江冷水鱼）,,鱼虾蟹贝类-鱼,107.0,17.1,2.2,4.6,0.0,尖嘴鱼（雅江冷水鱼）,尖嘴鱼（雅江冷水鱼）,水产,贝类,鱼虾蟹贝类-鱼,100g,100,g,,,,未明确,,,原始数据库（来源待追溯）,原始导入,未提供,2026-06-25,中,否,否,是,EXT1570,待来源追溯,原始数据保留；新增结构字段为规则化整理结果。,,107,生熟状态未明确
EXT1571,胡子鱼（雅江冷水鱼）,,鱼虾蟹贝类-鱼,99.0,17.4,1.3,4.4,0.0,胡子鱼（雅江冷水鱼）,胡子鱼（雅江冷水鱼）,水产,贝类,鱼虾蟹贝类-鱼,100g,100,g,,,,未明确,,,原始数据库（来源待追溯）,原始导入,未提供,2026-06-25,中,否,否,是,EXT1571,待来源追溯,原始数据保留；新增结构字段为规则化整理结果。,,99,生熟状态未明确
EXT1572,白姑鱼 [白米子（鱼）],白米子（鱼）,鱼虾蟹贝类-鱼,150.0,19.1,8.2,0.0,0.0,白姑鱼 [白米子（鱼）],白姑鱼 [白米子（鱼）]，白米子（鱼）,水产,贝类,鱼虾蟹贝类-鱼,100g,100,g,,,,未明确,,,原始数据库（来源待追溯）,原始导入,未提供,2026-06-25,中,否,否,是,EXT1572,待来源追溯,原始数据保留；新增结构字段为规则化整理结果。,,150,生熟状态未明确
EXT1573,鲹鱼 [蓝圆鲹、边鱼],蓝圆鲹、边鱼,鱼虾蟹贝类-鱼,124.0,18.5,3.4,4.8,0.0,鲹鱼 [蓝圆鲹、边鱼],鲹鱼 [蓝圆鲹、边鱼]，蓝圆鲹，边鱼,水产,贝类,鱼虾蟹贝类-鱼,100g,100,g,,,,未明确,,,原始数据库（来源待追溯）,原始导入,未提供,2026-06-25,中,否,否,是,EXT1573,待来源追溯,原始数据保留；新增结构字段为规则化整理结果。,,124,生熟状态未明确
EXT1574,带鱼 [白带鱼、刀鱼],白带鱼、刀鱼,鱼虾蟹贝类-鱼,127.0,17.7,4.9,3.1,0.0,带鱼 [白带鱼、刀鱼],带鱼 [白带鱼、刀鱼]，白带鱼，刀鱼,水产,贝类,鱼虾蟹贝类-鱼,100g,100,g,,,,未明确,,,原始数据库（来源待追溯）,原始导入,未提供,2026-06-25,中,否,否,是,EXT1574,待来源追溯,原始数据保留；新增结构字段为规则化整理结果。,,127,生熟状态未明确
EXT1575,堤鱼,,鱼虾蟹贝类-鱼,191.0,17.6,12.8,1.3,0.0,堤鱼,堤鱼,水产,贝类,鱼虾蟹贝类-鱼,100g,100,g,,,,未明确,,,原始数据库（来源待追溯）,原始导入,未提供,2026-06-25,中,否,否,是,EXT1575,待来源追溯,原始数据保留；新增结构字段为规则化整理结果。,,191,生熟状态未明确
EXT1576,丁香鱼（干）,鲇鱼（香鱼），年鱼，油香鱼,鱼虾蟹贝类-鱼,196.0,37.5,3.1,4.6,0.0,丁香鱼（干）,丁香鱼（干），鲇鱼（香鱼），年鱼，油香鱼,水产,贝类,鱼虾蟹贝类-鱼,100g,100,g,,,,干制,,,原始数据库（来源待追溯）,原始导入,未提供,2026-06-25,中,否,否,是,EXT1576,待来源追溯,原始数据保留；新增结构字段为规则化整理结果。,,196,
EXT1577,狗母鱼 [大头狗母鱼],大头狗母鱼,鱼虾蟹贝类-鱼,100.0,16.7,2.3,3.0,0.0,狗母鱼 [大头狗母鱼],狗母鱼 [大头狗母鱼]，大头狗母鱼,水产,贝类,鱼虾蟹贝类-鱼,100g,100,g,,,,未明确,,,原始数据库（来源待追溯）,原始导入,未提供,2026-06-25,中,否,否,是,EXT1577,待来源追溯,原始数据保留；新增结构字段为规则化整理结果。,,100,生熟状态未明确
EXT1578,海鲫鱼 [九九鱼],九九鱼,鱼虾蟹贝类-鱼,206.0,17.0,13.7,3.6,0.0,海鲫鱼 [九九鱼],海鲫鱼 [九九鱼]，九九鱼,水产,贝类,鱼虾蟹贝类-鱼,100g,100,g,,,,未明确,,,原始数据库（来源待追溯）,原始导入,未提供,2026-06-25,中,否,否,是,EXT1578,待来源追溯,原始数据保留；新增结构字段为规则化整理结果。,,206,生熟状态未明确
EXT1579,海鳗 [鯙勾],鯙勾,鱼虾蟹贝类-鱼,122.0,18.8,5.0,0.5,0.0,海鳗 [鯙勾],海鳗 [鯙勾]，鯙勾,水产,贝类,鱼虾蟹贝类-鱼,100g,100,g,,,,未明确,,,原始数据库（来源待追溯）,原始导入,未提供,2026-06-25,中,否,否,是,EXT1579,待来源追溯,原始数据保留；新增结构字段为规则化整理结果。,,122,生熟状态未明确
EXT1580,红娘鱼 [翼红娘鱼],翼红娘鱼,鱼虾蟹贝类-鱼,105.0,18.0,2.8,1.9,0.0,红娘鱼 [翼红娘鱼],红娘鱼 [翼红娘鱼]，翼红娘鱼,水产,贝类,鱼虾蟹贝类-鱼,100g,100,g,,,,未明确,,,原始数据库（来源待追溯）,原始导入,未提供,2026-06-25,中,否,否,是,EXT1580,待来源追溯,原始数据保留；新增结构字段为规则化整理结果。,,105,生熟状态未明确
EXT1581,黄姑鱼 [黄婆鸡],黄婆鸡,鱼虾蟹贝类-鱼,137.0,18.4,7.0,0.0,0.0,黄姑鱼 [黄婆鸡],黄姑鱼 [黄婆鸡]，黄婆鸡,水产,贝类,鱼虾蟹贝类-鱼,100g,100,g,,,,未明确,,,原始数据库（来源待追溯）,原始导入,未提供,2026-06-25,中,否,否,是,EXT1581,待来源追溯,原始数据保留；新增结构字段为规则化整理结果。,,137,生熟状态未明确
EXT1582,黄鱼（大黄花鱼）,大黄鱼，黄花鱼，大黄花,鱼虾蟹贝类-鱼,97.0,17.7,2.5,0.8,0.0,黄鱼（大黄花鱼）,黄鱼（大黄花鱼），大黄鱼，黄花鱼，大黄花,水产,贝类,鱼虾蟹贝类-鱼,100g,100,g,,,,未明确,,,原始数据库（来源待追溯）,原始导入,未提供,2026-06-25,中,否,否,是,EXT1582,待来源追溯,原始数据保留；新增结构字段为规则化整理结果。,,97,生熟状态未明确
EXT1583,黄鲂 [赤虹、老板鱼],赤虹、老板鱼,鱼虾蟹贝类-鱼,81.0,18.5,0.5,0.6,0.0,黄鲂 [赤虹、老板鱼],黄鲂 [赤虹、老板鱼]，赤虹，老板鱼,水产,贝类,鱼虾蟹贝类-鱼,100g,100,g,,,,未明确,,,原始数据库（来源待追溯）,原始导入,未提供,2026-06-25,中,否,否,是,EXT1583,待来源追溯,原始数据保留；新增结构字段为规则化整理结果。,,81,生熟状态未明确
EXT1584,金线鱼 [红三鱼],红三鱼,鱼虾蟹贝类-鱼,101.0,18.6,2.9,0.0,0.0,金线鱼 [红三鱼],金线鱼 [红三鱼]，红三鱼,水产,贝类,鱼虾蟹贝类-鱼,100g,100,g,,,,未明确,,,原始数据库（来源待追溯）,原始导入,未提供,2026-06-25,中,否,否,是,EXT1584,待来源追溯,原始数据保留；新增结构字段为规则化整理结果。,,101,生熟状态未明确
EXT1585,绿鳍马面魨 [面包鱼、橡皮鱼],面包鱼、橡皮鱼,鱼虾蟹贝类-鱼,83.0,18.1,0.6,1.2,0.0,绿鳍马面魨 [面包鱼、橡皮鱼],绿鳍马面魨 [面包鱼、橡皮鱼]，面包鱼，橡皮鱼,水产,贝类,鱼虾蟹贝类-鱼,100g,100,g,,,,未明确,,,原始数据库（来源待追溯）,原始导入,未提供,2026-06-25,中,否,否,是,EXT1585,待来源追溯,原始数据保留；新增结构字段为规则化整理结果。,,83,生熟状态未明确
EXT1586,梅童鱼 [大头仔鱼、丁珠鱼],大头仔鱼、丁珠鱼,鱼虾蟹贝类-鱼,121.0,18.9,5.0,0.0,0.0,梅童鱼 [大头仔鱼、丁珠鱼],梅童鱼 [大头仔鱼、丁珠鱼]，大头仔鱼，丁珠鱼,水产,贝类,鱼虾蟹贝类-鱼,100g,100,g,,,,未明确,,,原始数据库（来源待追溯）,原始导入,未提供,2026-06-25,中,否,否,是,EXT1586,待来源追溯,原始数据保留；新增结构字段为规则化整理结果。,,121,生熟状态未明确
EXT1587,沙丁鱼 [沙鯖],沙鯖,鱼虾蟹贝类-鱼,89.0,19.8,1.1,0.0,0.0,沙丁鱼 [沙鯖],沙丁鱼 [沙鯖]，沙鯖,水产,贝类,鱼虾蟹贝类-鱼,100g,100,g,,,,未明确,,,原始数据库（来源待追溯）,原始导入,未提供,2026-06-25,中,否,否,是,EXT1587,待来源追溯,原始数据保留；新增结构字段为规则化整理结果。,,89,生熟状态未明确
EXT1588,沙钻鱼 [多鳞鱚、沙梭鱼、麦穗鱼],多鳞鱚、沙梭鱼、麦穗鱼,鱼虾蟹贝类-鱼,84.0,18.4,0.6,1.2,0.0,沙钻鱼 [多鳞鱚、沙梭鱼、麦穗鱼],沙钻鱼 [多鳞鱚、沙梭鱼、麦穗鱼]，多鳞鱚，沙梭鱼，麦穗鱼,水产,贝类,鱼虾蟹贝类-鱼,100g,100,g,,,,未明确,,,原始数据库（来源待追溯）,原始导入,未提供,2026-06-25,中,否,否,是,EXT1588,待来源追溯,原始数据保留；新增结构字段为规则化整理结果。,,84,生熟状态未明确
EXT1589,蛇鯖 [沙梭鱼],沙梭鱼,鱼虾蟹贝类-鱼,122.0,20.8,4.2,0.3,0.0,蛇鯖 [沙梭鱼],蛇鯖 [沙梭鱼]，沙梭鱼,水产,贝类,鱼虾蟹贝类-鱼,100g,100,g,,,,未明确,,,原始数据库（来源待追溯）,原始导入,未提供,2026-06-25,中,否,否,是,EXT1589,待来源追溯,原始数据保留；新增结构字段为规则化整理结果。,,122,生熟状态未明确
EXT1590,舌鳎 [花纹舌头、舌头鱼],花纹舌头、舌头鱼,鱼虾蟹贝类-鱼,83.0,17.7,1.4,0.0,0.0,舌鳎 [花纹舌头、舌头鱼],舌鳎 [花纹舌头、舌头鱼]，花纹舌头，舌头鱼,水产,贝类,鱼虾蟹贝类-鱼,100g,100,g,,,,未明确,,,原始数据库（来源待追溯）,原始导入,未提供,2026-06-25,中,否,否,是,EXT1590,待来源追溯,原始数据保留；新增结构字段为规则化整理结果。,,83,生熟状态未明确
EXT1591,油抒 [香梭鱼],香梭鱼,鱼虾蟹贝类-鱼,145.0,15.9,9.0,0.0,0.0,油抒 [香梭鱼],油抒 [香梭鱼]，香梭鱼,水产,贝类,鱼虾蟹贝类-鱼,100g,100,g,,,,未明确,,,原始数据库（来源待追溯）,原始导入,未提供,2026-06-25,中,否,否,是,EXT1591,待来源追溯,原始数据保留；新增结构字段为规则化整理结果。,,145,生熟状态未明确
EXT1592,颚针鱼 [针量鱼],针量鱼,鱼虾蟹贝类-鱼,180.0,20.2,10.4,1.4,0.0,颚针鱼 [针量鱼],颚针鱼 [针量鱼]，针量鱼,水产,贝类,鱼虾蟹贝类-鱼,100g,100,g,,,,未明确,,,原始数据库（来源待追溯）,原始导入,未提供,2026-06-25,中,否,否,是,EXT1592,待来源追溯,原始数据保留；新增结构字段为规则化整理结果。,,180,生熟状态未明确
EXT1593,鲅鱼 [马鲛鱼、燕鲅鱼、巴鱼],马鲛鱼、燕鲅鱼、巴鱼,鱼虾蟹贝类-鱼,121.0,21.2,3.1,2.1,0.0,鲅鱼 [马鲛鱼、燕鲅鱼、巴鱼],鲅鱼 [马鲛鱼、燕鲅鱼、巴鱼]，马鲛鱼，燕鲅鱼，巴鱼,水产,贝类,鱼虾蟹贝类-鱼,100g,100,g,,,,未明确,,,原始数据库（来源待追溯）,原始导入,未提供,2026-06-25,中,否,否,是,EXT1593,待来源追溯,原始数据保留；新增结构字段为规则化整理结果。,,121,生熟状态未明确
EXT1594,鲅鱼（咸）[咸马鲛],咸马鲛,鱼虾蟹贝类-鱼,157.0,23.3,1.6,12.4,0.0,鲅鱼（咸）[咸马鲛],鲅鱼（咸）[咸马鲛]，咸马鲛,水产,贝类,鱼虾蟹贝类-鱼,100g,100,g,,,,未明确,,,原始数据库（来源待追溯）,原始导入,未提供,2026-06-25,中,否,否,是,EXT1594,待来源追溯,原始数据保留；新增结构字段为规则化整理结果。,,157,生熟状态未明确
EXT1595,鲱 [片口鱼、比目鱼],片口鱼、比目鱼,鱼虾蟹贝类-鱼,112.0,20.8,3.2,0.0,0.0,鲱 [片口鱼、比目鱼],鲱 [片口鱼、比目鱼]，片口鱼，比目鱼,水产,贝类,鱼虾蟹贝类-鱼,100g,100,g,,,,未明确,,,原始数据库（来源待追溯）,原始导入,未提供,2026-06-25,中,否,否,是,EXT1595,待来源追溯,原始数据保留；新增结构字段为规则化整理结果。,,112,生熟状态未明确
EXT1596,鲈鱼 [鲈花],鲈花,鱼虾蟹贝类-鱼,105.0,18.6,3.4,0.0,0.0,鲈鱼 [鲈花],鲈鱼 [鲈花]，鲈花,水产,贝类,鱼虾蟹贝类-鱼,100g,100,g,,,,未明确,,,原始数据库（来源待追溯）,原始导入,未提供,2026-06-25,中,否,否,是,EXT1596,待来源追溯,原始数据保留；新增结构字段为规则化整理结果。,,105,生熟状态未明确
EXT1597,鲱鱼 [青鲐鱼、鲐巴鱼、青砖鱼],青鲐鱼、鲐巴鱼、青砖鱼,鱼虾蟹贝类-鱼,155.0,19.9,7.4,2.2,0.0,鲱鱼 [青鲐鱼、鲐巴鱼、青砖鱼],鲱鱼 [青鲐鱼、鲐巴鱼、青砖鱼]，青鲐鱼，鲐巴鱼，青砖鱼,水产,贝类,鱼虾蟹贝类-鱼,100g,100,g,,,,未明确,,,原始数据库（来源待追溯）,原始导入,未提供,2026-06-25,中,否,否,是,EXT1597,待来源追溯,原始数据保留；新增结构字段为规则化整理结果。,,155,生熟状态未明确
EXT1598,鲑鱼 [大马哈鱼、三文鱼],大马哈鱼、三文鱼,鱼虾蟹贝类-鱼,139.0,17.2,7.8,0.0,0.0,鲑鱼 [大马哈鱼、三文鱼],鲑鱼 [大马哈鱼、三文鱼]，大马哈鱼，三文鱼,水产,贝类,鱼虾蟹贝类-鱼,100g,100,g,,,,未明确,,,原始数据库（来源待追溯）,原始导入,未提供,2026-06-25,中,否,否,是,EXT1598,待来源追溯,原始数据保留；新增结构字段为规则化整理结果。,,139,生熟状态未明确
EXT1599,鲑鱼籽酱 [大马哈鱼籽酱、三文鱼籽酱],大马哈鱼籽酱、三文鱼籽酱,鱼虾蟹贝类-鱼,252.0,10.9,16.8,14.4,0.0,鲑鱼籽酱 [大马哈鱼籽酱、三文鱼籽酱],鲑鱼籽酱 [大马哈鱼籽酱、三文鱼籽酱]，大马哈鱼籽酱，三文鱼籽酱,水产,贝类,鱼虾蟹贝类-鱼,100g,100,g,,,,未明确,,,原始数据库（来源待追溯）,原始导入,未提供,2026-06-25,中,否,否,是,EXT1599,待来源追溯,原始数据保留；新增结构字段为规则化整理结果。,,252,生熟状态未明确
EXT1600,鲱鱼（大）[大凤尾鱼],大凤尾鱼,鱼虾蟹贝类-鱼,106.0,13.2,5.5,0.8,0.0,鲱鱼（大）[大凤尾鱼],鲱鱼（大）[大凤尾鱼]，大凤尾鱼,水产,贝类,鱼虾蟹贝类-鱼,100g,100,g,,,,未明确,,,原始数据库（来源待追溯）,原始导入,未提供,2026-06-25,中,否,否,是,EXT1600,待来源追溯,原始数据保留；新增结构字段为规则化整理结果。,,106,生熟状态未明确
EXT1601,鲱鱼（小）[小凤尾鱼],小凤尾鱼,鱼虾蟹贝类-鱼,124.0,15.5,5.1,4.0,0.0,鲱鱼（小）[小凤尾鱼],鲱鱼（小）[小凤尾鱼]，小凤尾鱼,水产,贝类,鱼虾蟹贝类-鱼,100g,100,g,,,,未明确,,,原始数据库（来源待追溯）,原始导入,未提供,2026-06-25,中,否,否,是,EXT1601,待来源追溯,原始数据保留；新增结构字段为规则化整理结果。,,124,生熟状态未明确
EXT1602,鲨鱼（真鲨、白斑角鲨）,鲨，鱼翅来源，鲛,鱼虾蟹贝类-鱼,118.0,22.2,3.2,0.0,0.0,鲨鱼（真鲨、白斑角鲨）,鲨鱼（真鲨、白斑角鲨），鲨，鱼翅来源，鲛,水产,贝类,鱼虾蟹贝类-鱼,100g,100,g,,,,未明确,,,原始数据库（来源待追溯）,原始导入,未提供,2026-06-25,中,否,否,是,EXT1602,待来源追溯,原始数据保留；新增结构字段为规则化整理结果。,,118,生熟状态未明确
EXT1603,鲷鱼（银鲳鱼）[平鱼],平鱼,鱼虾蟹贝类-鱼,140.0,18.5,7.3,0.0,0.0,鲷鱼（银鲳鱼）[平鱼],鲷鱼（银鲳鱼）[平鱼]，平鱼,水产,贝类,鱼虾蟹贝类-鱼,100g,100,g,,,,未明确,,,原始数据库（来源待追溯）,原始导入,未提供,2026-06-25,中,否,否,是,EXT1603,待来源追溯,原始数据保留；新增结构字段为规则化整理结果。,,140,生熟状态未明确
EXT1604,鲷 [黑鲷、铜盆鱼、大目鱼],黑鲷、铜盆鱼、大目鱼,鱼虾蟹贝类-鱼,106.0,17.9,2.6,2.7,0.0,鲷 [黑鲷、铜盆鱼、大目鱼],鲷 [黑鲷、铜盆鱼、大目鱼]，黑鲷，铜盆鱼，大目鱼,水产,贝类,鱼虾蟹贝类-鱼,100g,100,g,,,,未明确,,,原始数据库（来源待追溯）,原始导入,未提供,2026-06-25,中,否,否,是,EXT1604,待来源追溯,原始数据保留；新增结构字段为规则化整理结果。,,106,生熟状态未明确
EXT1605,鲷鱼 [白眼棱鱼],白眼棱鱼,鱼虾蟹贝类-鱼,119.0,18.9,4.8,0.0,0.0,鲷鱼 [白眼棱鱼],鲷鱼 [白眼棱鱼]，白眼棱鱼,水产,贝类,鱼虾蟹贝类-鱼,100g,100,g,,,,未明确,,,原始数据库（来源待追溯）,原始导入,未提供,2026-06-25,中,否,否,是,EXT1605,待来源追溯,原始数据保留；新增结构字段为规则化整理结果。,,119,生熟状态未明确
EXT1606,鲷 [比目鱼、凸眼鱼],比目鱼、凸眼鱼,鱼虾蟹贝类-鱼,107.0,21.1,2.3,0.5,0.0,鲷 [比目鱼、凸眼鱼],鲷 [比目鱼、凸眼鱼]，比目鱼，凸眼鱼,水产,贝类,鱼虾蟹贝类-鱼,100g,100,g,,,,未明确,,,原始数据库（来源待追溯）,原始导入,未提供,2026-06-25,中,否,否,是,EXT1606,待来源追溯,原始数据保留；新增结构字段为规则化整理结果。,,107,生熟状态未明确
EXT1607,鲷鱼 [夫鱼],夫鱼,鱼虾蟹贝类-鱼,90.0,20.8,0.7,0.0,0.0,鲷鱼 [夫鱼],鲷鱼 [夫鱼]，夫鱼,水产,贝类,鱼虾蟹贝类-鱼,100g,100,g,,,,未明确,,,原始数据库（来源待追溯）,原始导入,未提供,2026-06-25,中,否,否,是,EXT1607,待来源追溯,原始数据保留；新增结构字段为规则化整理结果。,,90,生熟状态未明确
EXT1608,鲹鱼 [快鱼、力鱼],快鱼、力鱼,鱼虾蟹贝类-鱼,159.0,20.7,8.5,0.0,0.0,鲹鱼 [快鱼、力鱼],鲹鱼 [快鱼、力鱼]，快鱼，力鱼,水产,贝类,鱼虾蟹贝类-鱼,100g,100,g,,,,未明确,,,原始数据库（来源待追溯）,原始导入,未提供,2026-06-25,中,否,否,是,EXT1608,待来源追溯,原始数据保留；新增结构字段为规则化整理结果。,,159,生熟状态未明确
EXT1609,鳕鱼 [鳕狭、明太鱼],鳕狭、明太鱼,鱼虾蟹贝类-鱼,88.0,20.4,0.5,0.5,0.0,鳕鱼 [鳕狭、明太鱼],鳕鱼 [鳕狭、明太鱼]，鳕狭，明太鱼,水产,贝类,鱼虾蟹贝类-鱼,100g,100,g,,,,未明确,,,原始数据库（来源待追溯）,原始导入,未提供,2026-06-25,中,否,否,是,EXT1609,待来源追溯,原始数据保留；新增结构字段为规则化整理结果。,,88,生熟状态未明确
EXT1610,鲱鱼 [鲨鱼],鲨鱼,鱼虾蟹贝类-鱼,89.0,20.2,0.9,0.0,0.0,鲱鱼 [鲨鱼],鲱鱼 [鲨鱼]，鲨鱼,水产,贝类,鱼虾蟹贝类-鱼,100g,100,g,,,,未明确,,,原始数据库（来源待追溯）,原始导入,未提供,2026-06-25,中,否,否,是,EXT1610,待来源追溯,原始数据保留；新增结构字段为规则化整理结果。,,89,生熟状态未明确
EXT1611,带鱼(切段),刀鱼，裙带鱼，海刀鱼，牙带,鱼虾蟹贝类-鱼,108.0,17.6,4.2,0.0,0.0,带鱼(切段),带鱼(切段)，刀鱼，裙带鱼，海刀鱼，牙带,水产,贝类,鱼虾蟹贝类-鱼,100g,100,g,,,,未明确,,,原始数据库（来源待追溯）,原始导入,未提供,2026-06-25,中,否,否,是,EXT1611,待来源追溯,原始数据保留；新增结构字段为规则化整理结果。,,108,生熟状态未明确
EXT1612,黄鱼(小黄花鱼),,鱼虾蟹贝类-鱼,114.0,17.0,5.1,0.0,0.0,黄鱼(小黄花鱼),黄鱼(小黄花鱼),水产,贝类,鱼虾蟹贝类-鱼,100g,100,g,,,,未明确,,,原始数据库（来源待追溯）,原始导入,未提供,2026-06-25,中,否,否,是,EXT1612,待来源追溯,原始数据保留；新增结构字段为规则化整理结果。,,114,生熟状态未明确
EXT1613,金鲳鱼,银鲳，白鲳，平鱼，镜鱼,鱼虾蟹贝类-鱼,99.0,18.7,2.7,0.0,0.0,金鲳鱼,金鲳鱼，银鲳，白鲳，平鱼，镜鱼,水产,贝类,鱼虾蟹贝类-鱼,100g,100,g,,,,未明确,,,原始数据库（来源待追溯）,原始导入,未提供,2026-06-25,中,否,否,是,EXT1613,待来源追溯,原始数据保留；新增结构字段为规则化整理结果。,,99,生熟状态未明确
EXT1614,鲭鱼,,鱼虾蟹贝类-鱼,413.0,14.4,39.4,0.2,0.0,鲭鱼,鲭鱼,水产,贝类,鱼虾蟹贝类-鱼,100g,100,g,,,,未明确,,,原始数据库（来源待追溯）,原始导入,未提供,2026-06-25,中,否,否,是,EXT1614,待来源追溯,原始数据保留；新增结构字段为规则化整理结果。,,413,生熟状态未明确
EXT1615,双髻鲨,,鱼虾蟹贝类-鱼,111.0,27.4,0.1,0.0,0.0,双髻鲨,双髻鲨,水产,贝类,鱼虾蟹贝类-鱼,100g,100,g,,,,未明确,,,原始数据库（来源待追溯）,原始导入,未提供,2026-06-25,中,否,否,是,EXT1615,待来源追溯,原始数据保留；新增结构字段为规则化整理结果。,,111,生熟状态未明确
EXT1616,紫青低纹鮨(冰鲜),,鱼虾蟹贝类-鱼,150.0,20.5,7.2,0.8,0.0,紫青低纹鮨(冰鲜),紫青低纹鮨(冰鲜),水产,贝类,鱼虾蟹贝类-鱼,100g,100,g,,,,生/鲜,,,原始数据库（来源待追溯）,原始导入,未提供,2026-06-25,中,否,否,是,EXT1616,待来源追溯,原始数据保留；新增结构字段为规则化整理结果。,,150,
EXT1617,鲅鰶鱼,,鱼虾蟹贝类-鱼,60.0,13.7,0.6,0.0,0.0,鲅鰶鱼,鲅鰶鱼,水产,贝类,鱼虾蟹贝类-鱼,100g,100,g,,,,未明确,,,原始数据库（来源待追溯）,原始导入,未提供,2026-06-25,中,否,否,是,EXT1617,待来源追溯,原始数据保留；新增结构字段为规则化整理结果。,,60,生熟状态未明确
EXT1618,鲅鱼(鲜，刺鲳),蓝点马鲛，马鲛鱼，鲅,鱼虾蟹贝类-鱼,149.0,16.8,6.5,5.9,0.0,鲅鱼(鲜，刺鲳),鲅鱼(鲜，刺鲳)，蓝点马鲛，马鲛鱼，鲅,水产,贝类,鱼虾蟹贝类-鱼,100g,100,g,,,,生/鲜,,,原始数据库（来源待追溯）,原始导入,未提供,2026-06-25,中,否,否,是,EXT1618,待来源追溯,原始数据保留；新增结构字段为规则化整理结果。,,149,
EXT1619,大菱鲆鱼(鲜) [多宝鱼],多宝鱼,鱼虾蟹贝类-鱼,81.0,17.0,1.1,0.7,0.0,大菱鲆鱼(鲜) [多宝鱼],大菱鲆鱼(鲜) [多宝鱼]，多宝鱼,水产,贝类,鱼虾蟹贝类-鱼,100g,100,g,,,,生/鲜,,,原始数据库（来源待追溯）,原始导入,未提供,2026-06-25,中,否,否,是,EXT1619,待来源追溯,原始数据保留；新增结构字段为规则化整理结果。,,81,
EXT1620,海鲈鱼(鲜),花鲈，寨花，鲈板，四肋鱼,鱼虾蟹贝类-鱼,112.0,19.5,3.6,0.4,0.0,海鲈鱼(鲜),海鲈鱼(鲜)，花鲈，寨花，鲈板，四肋鱼,水产,贝类,鱼虾蟹贝类-鱼,100g,100,g,,,,生/鲜,,,原始数据库（来源待追溯）,原始导入,未提供,2026-06-25,中,否,否,是,EXT1620,待来源追溯,原始数据保留；新增结构字段为规则化整理结果。,,112,
EXT1621,红鳍笛鲷 [红鱼],红鱼,鱼虾蟹贝类-鱼,134.0,20.1,4.8,2.7,0.0,红鳍笛鲷 [红鱼],红鳍笛鲷 [红鱼]，红鱼,水产,贝类,鱼虾蟹贝类-鱼,100g,100,g,,,,未明确,,,原始数据库（来源待追溯）,原始导入,未提供,2026-06-25,中,否,否,是,EXT1621,待来源追溯,原始数据保留；新增结构字段为规则化整理结果。,,134,生熟状态未明确
EXT1622,黄姑鱼(鲜),黄姑子，黄婆鸡，春水鱼，铜锣鱼,鱼虾蟹贝类-鱼,88.0,14.7,0.7,5.6,0.0,黄姑鱼(鲜),黄姑鱼(鲜)，黄姑子，黄婆鸡，春水鱼，铜锣鱼,水产,贝类,鱼虾蟹贝类-鱼,100g,100,g,,,,生/鲜,,,原始数据库（来源待追溯）,原始导入,未提供,2026-06-25,中,否,否,是,EXT1622,待来源追溯,原始数据保留；新增结构字段为规则化整理结果。,,88,
EXT1623,鲅鱼 [马鲛鱼],马鲛鱼,鱼虾蟹贝类-鱼,194.0,18.7,11.3,4.4,0.0,鲅鱼 [马鲛鱼],鲅鱼 [马鲛鱼]，马鲛鱼,水产,贝类,鱼虾蟹贝类-鱼,100g,100,g,,,,未明确,,,原始数据库（来源待追溯）,原始导入,未提供,2026-06-25,中,否,否,是,EXT1623,待来源追溯,原始数据保留；新增结构字段为规则化整理结果。,,194,生熟状态未明确
EXT1624,石斑鱼(老虎斑),石斑，过鱼，鲙鱼，海鸡鱼,鱼虾蟹贝类-鱼,130.0,20.2,4.3,2.7,0.0,石斑鱼(老虎斑),石斑鱼(老虎斑)，石斑，过鱼，鲙鱼，海鸡鱼,水产,贝类,鱼虾蟹贝类-鱼,100g,100,g,,,,未明确,,,原始数据库（来源待追溯）,原始导入,未提供,2026-06-25,中,否,否,是,EXT1624,待来源追溯,原始数据保留；新增结构字段为规则化整理结果。,,130,生熟状态未明确
EXT1625,石斑鱼(红石斑鱼),石斑，过鱼，鲙鱼，海鸡鱼,鱼虾蟹贝类-鱼,90.0,19.9,0.4,1.6,0.0,石斑鱼(红石斑鱼),石斑鱼(红石斑鱼)，石斑，过鱼，鲙鱼，海鸡鱼,水产,贝类,鱼虾蟹贝类-鱼,100g,100,g,,,,未明确,,,原始数据库（来源待追溯）,原始导入,未提供,2026-06-25,中,否,否,是,EXT1625,待来源追溯,原始数据保留；新增结构字段为规则化整理结果。,,90,生熟状态未明确
EXT1626,石斑鱼(黑石斑鱼),石斑，过鱼，鲙鱼，海鸡鱼,鱼虾蟹贝类-鱼,95.0,20.2,1.2,0.9,0.0,石斑鱼(黑石斑鱼),石斑鱼(黑石斑鱼)，石斑，过鱼，鲙鱼，海鸡鱼,水产,贝类,鱼虾蟹贝类-鱼,100g,100,g,,,,未明确,,,原始数据库（来源待追溯）,原始导入,未提供,2026-06-25,中,否,否,是,EXT1626,待来源追溯,原始数据保留；新增结构字段为规则化整理结果。,,95,生熟状态未明确
EXT1627,石斑鱼(花石斑鱼),石斑，过鱼，鲙鱼，海鸡鱼,鱼虾蟹贝类-鱼,95.0,20.2,0.8,1.7,0.0,石斑鱼(花石斑鱼),石斑鱼(花石斑鱼)，石斑，过鱼，鲙鱼，海鸡鱼,水产,贝类,鱼虾蟹贝类-鱼,100g,100,g,,,,未明确,,,原始数据库（来源待追溯）,原始导入,未提供,2026-06-25,中,否,否,是,EXT1627,待来源追溯,原始数据保留；新增结构字段为规则化整理结果。,,95,生熟状态未明确
EXT1628,苏眉鱼,,鱼虾蟹贝类-鱼,70.0,16.5,0.4,0.0,0.0,苏眉鱼,苏眉鱼,水产,贝类,鱼虾蟹贝类-鱼,100g,100,g,,,,未明确,,,原始数据库（来源待追溯）,原始导入,未提供,2026-06-25,中,否,否,是,EXT1628,待来源追溯,原始数据保留；新增结构字段为规则化整理结果。,,70,生熟状态未明确
EXT1629,青衣(红色),,鱼虾蟹贝类-鱼,84.0,20.1,0.3,0.2,0.0,青衣(红色),青衣(红色),水产,贝类,鱼虾蟹贝类-鱼,100g,100,g,,,,未明确,,,原始数据库（来源待追溯）,原始导入,未提供,2026-06-25,中,否,否,是,EXT1629,待来源追溯,原始数据保留；新增结构字段为规则化整理结果。,,84,生熟状态未明确
EXT1630,青衣(孔雀绿色),,鱼虾蟹贝类-鱼,82.0,19.2,0.3,0.6,0.0,青衣(孔雀绿色),青衣(孔雀绿色),水产,贝类,鱼虾蟹贝类-鱼,100g,100,g,,,,未明确,,,原始数据库（来源待追溯）,原始导入,未提供,2026-06-25,中,否,否,是,EXT1630,待来源追溯,原始数据保留；新增结构字段为规则化整理结果。,,82,生熟状态未明确
EXT1631,笠鱼,,鱼虾蟹贝类-鱼,97.0,22.2,0.5,0.9,0.0,笠鱼,笠鱼,水产,贝类,鱼虾蟹贝类-鱼,100g,100,g,,,,未明确,,,原始数据库（来源待追溯）,原始导入,未提供,2026-06-25,中,否,否,是,EXT1631,待来源追溯,原始数据保留；新增结构字段为规则化整理结果。,,97,生熟状态未明确
EXT1632,金枪鱼肉,吞拿鱼，鲔鱼，金枪，吞拿,鱼虾蟹贝类-鱼,102.0,23.7,0.3,1.1,0.0,金枪鱼肉,金枪鱼肉，吞拿鱼，鲔鱼，金枪，吞拿,水产,贝类,鱼虾蟹贝类-鱼,100g,100,g,,,,未明确,,,原始数据库（来源待追溯）,原始导入,未提供,2026-06-25,中,否,否,是,EXT1632,待来源追溯,原始数据保留；新增结构字段为规则化整理结果。,,102,生熟状态未明确
EXT1633,鲅鱼肉 [马鲛鱼肉],马鲛鱼肉,鱼虾蟹贝类-鱼,102.0,23.7,0.3,1.0,0.0,鲅鱼肉 [马鲛鱼肉],鲅鱼肉 [马鲛鱼肉]，马鲛鱼肉,水产,贝类,鱼虾蟹贝类-鱼,100g,100,g,,,,未明确,,,原始数据库（来源待追溯）,原始导入,未提供,2026-06-25,中,否,否,是,EXT1633,待来源追溯,原始数据保留；新增结构字段为规则化整理结果。,,102,生熟状态未明确
EXT1634,刺泡鱼 [刺鲍鱼],刺鲍鱼,鱼虾蟹贝类-鱼,94.0,23.0,0.2,0.0,0.0,刺泡鱼 [刺鲍鱼],刺泡鱼 [刺鲍鱼]，刺鲍鱼,水产,贝类,鱼虾蟹贝类-鱼,100g,100,g,,,,未明确,,,原始数据库（来源待追溯）,原始导入,未提供,2026-06-25,中,否,否,是,EXT1634,待来源追溯,原始数据保留；新增结构字段为规则化整理结果。,,94,生熟状态未明确
EXT1635,鱼片干,,鱼虾蟹贝类-鱼,303.0,46.1,3.4,22.0,0.0,鱼片干,鱼片干,水产,贝类,鱼虾蟹贝类-鱼,100g,100,g,,,,未明确,,,原始数据库（来源待追溯）,原始导入,未提供,2026-06-25,中,否,否,是,EXT1635,待来源追溯,原始数据保留；新增结构字段为规则化整理结果。,,303,生熟状态未明确
EXT1636,鱼奇油 [鱼露、虾油],鱼露、虾油,鱼虾蟹贝类-鱼,47.0,11.2,0.2,0.0,0.0,鱼奇油 [鱼露、虾油],鱼奇油 [鱼露、虾油]，鱼露，虾油,水产,贝类,鱼虾蟹贝类-鱼,100g,100,g,,,,未明确,,,原始数据库（来源待追溯）,原始导入,未提供,2026-06-25,中,否,否,是,EXT1636,待来源追溯,原始数据保留；新增结构字段为规则化整理结果。,,47,生熟状态未明确
EXT1637,鱼排,,鱼虾蟹贝类-鱼,160.0,10.1,2.4,24.5,0.0,鱼排,鱼排,水产,贝类,鱼虾蟹贝类-鱼,100g,100,g,,,,未明确,,,原始数据库（来源待追溯）,原始导入,未提供,2026-06-25,中,否,否,是,EXT1637,待来源追溯,原始数据保留；新增结构字段为规则化整理结果。,,160,生熟状态未明确
EXT1638,鱼丸,,鱼虾蟹贝类-鱼,107.0,11.1,1.3,12.7,0.0,鱼丸,鱼丸,水产,贝类,鱼虾蟹贝类-鱼,100g,100,g,,,,未明确,,,原始数据库（来源待追溯）,原始导入,未提供,2026-06-25,低,否,否,否,EXT1638,同名冲突待核验,原始数据保留；新增结构字段为规则化整理结果。,,107,生熟状态未明确
EXT1639,鱼子酱,,鱼虾蟹贝类-鱼,201.0,9.6,7.1,24.7,0.0,鱼子酱,鱼子酱,水产,贝类,鱼虾蟹贝类-鱼,100g,100,g,,,,未明确,,,原始数据库（来源待追溯）,原始导入,未提供,2026-06-25,中,否,否,是,EXT1639,待来源追溯,原始数据保留；新增结构字段为规则化整理结果。,,201,生熟状态未明确
EXT1640,草鱼（熏）,鲩鱼，草鲩，油鲩，白鲩,鱼虾蟹贝类-鱼,283.0,24.0,16.5,9.6,0.0,草鱼（熏）,草鱼（熏），鲩鱼，草鲩，油鲩，白鲩,水产,贝类,鱼虾蟹贝类-鱼,100g,100,g,,,,未明确,,,原始数据库（来源待追溯）,原始导入,未提供,2026-06-25,中,否,否,是,EXT1640,待来源追溯,原始数据保留；新增结构字段为规则化整理结果。,,283,生熟状态未明确
EXT1641,丁香鱼（香辣味）,鲇鱼（香鱼），年鱼，油香鱼,鱼虾蟹贝类-鱼,403.0,19.0,28.2,18.3,0.0,丁香鱼（香辣味）,丁香鱼（香辣味），鲇鱼（香鱼），年鱼，油香鱼,水产,贝类,鱼虾蟹贝类-鱼,100g,100,g,,,,未明确,,,原始数据库（来源待追溯）,原始导入,未提供,2026-06-25,中,否,否,是,EXT1641,待来源追溯,原始数据保留；新增结构字段为规则化整理结果。,,403,生熟状态未明确
EXT1642,凤尾鱼（熟）,凤鲚，烤子鱼，子鲚，刀鲚,鱼虾蟹贝类-鱼,520.0,23.5,43.0,9.7,0.0,凤尾鱼（熟）,凤尾鱼（熟），凤鲚，烤子鱼，子鲚，刀鲚,水产,贝类,鱼虾蟹贝类-鱼,100g,100,g,,,,熟,,,原始数据库（来源待追溯）,原始导入,未提供,2026-06-25,中,否,否,是,EXT1642,待来源追溯,原始数据保留；新增结构字段为规则化整理结果。,,520,
EXT1643,箭鱼（炸）,,鱼虾蟹贝类-鱼,271.0,20.8,16.1,10.7,0.0,箭鱼（炸）,箭鱼（炸）,水产,贝类,鱼虾蟹贝类-鱼,100g,100,g,,,,未明确,炸,,原始数据库（来源待追溯）,原始导入,未提供,2026-06-25,中,否,否,是,EXT1643,待来源追溯,原始数据保留；新增结构字段为规则化整理结果。,,271,生熟状态未明确
EXT1644,金枪鱼（盐水浸）,吞拿鱼，鲔鱼，金枪，吞拿,鱼虾蟹贝类-鱼,99.0,23.5,0.6,0.0,0.0,金枪鱼（盐水浸）,金枪鱼（盐水浸），吞拿鱼，鲔鱼，金枪，吞拿,水产,贝类,鱼虾蟹贝类-鱼,100g,100,g,,,,未明确,,,原始数据库（来源待追溯）,原始导入,未提供,2026-06-25,中,否,否,是,EXT1644,待来源追溯,原始数据保留；新增结构字段为规则化整理结果。,,99,生熟状态未明确
EXT1645,金枪鱼（油浸）,吞拿鱼，鲔鱼，金枪，吞拿,鱼虾蟹贝类-鱼,189.0,27.1,9.0,0.0,0.0,金枪鱼（油浸）,金枪鱼（油浸），吞拿鱼，鲔鱼，金枪，吞拿,水产,贝类,鱼虾蟹贝类-鱼,100g,100,g,,,,未明确,,,原始数据库（来源待追溯）,原始导入,未提供,2026-06-25,中,否,否,是,EXT1645,待来源追溯,原始数据保留；新增结构字段为规则化整理结果。,,189,生熟状态未明确
EXT1646,鲱鱼（豆豉，熟）,豆豉，香豉，幽菽,鱼虾蟹贝类-鱼,472.0,25.5,33.1,17.9,0.0,鲱鱼（豆豉，熟）,鲱鱼（豆豉，熟），豆豉，香豉，幽菽,水产,贝类,鱼虾蟹贝类-鱼,100g,100,g,,,,熟,,,原始数据库（来源待追溯）,原始导入,未提供,2026-06-25,中,否,否,是,EXT1646,待来源追溯,原始数据保留；新增结构字段为规则化整理结果。,,472,
EXT1647,鳗鱼（红烧）,鳗鲡，白鳝，河鳗，日本鳗,鱼虾蟹贝类-鱼,211.0,21.3,9.8,9.5,0.0,鳗鱼（红烧）,鳗鱼（红烧），鳗鲡，白鳝，河鳗，日本鳗,水产,贝类,鱼虾蟹贝类-鱼,100g,100,g,,,,未明确,烧,,原始数据库（来源待追溯）,原始导入,未提供,2026-06-25,中,否,否,是,EXT1647,待来源追溯,原始数据保留；新增结构字段为规则化整理结果。,,211,生熟状态未明确
EXT1648,鲭鱼（烤，150℃，20分）,,鱼虾蟹贝类-鱼,390.0,19.1,34.8,0.0,0.0,鲭鱼（烤，150℃，20分）,鲭鱼（烤，150℃，20分）,水产,贝类,鱼虾蟹贝类-鱼,100g,100,g,,,,未明确,烤,,原始数据库（来源待追溯）,原始导入,未提供,2026-06-25,中,否,否,是,EXT1648,待来源追溯,原始数据保留；新增结构字段为规则化整理结果。,,390,生熟状态未明确
EXT1649,鲭鱼（炸）,,鱼虾蟹贝类-鱼,550.0,17.2,53.4,0.1,0.0,鲭鱼（炸）,鲭鱼（炸）,水产,贝类,鱼虾蟹贝类-鱼,100g,100,g,,,,未明确,炸,,原始数据库（来源待追溯）,原始导入,未提供,2026-06-25,中,否,否,是,EXT1649,待来源追溯,原始数据保留；新增结构字段为规则化整理结果。,,550,生熟状态未明确
EXT1650,鲭鱼（蒸）,,鱼虾蟹贝类-鱼,390.0,14.6,36.5,0.7,0.0,鲭鱼（蒸）,鲭鱼（蒸）,水产,贝类,鱼虾蟹贝类-鱼,100g,100,g,,,,未明确,蒸,,原始数据库（来源待追溯）,原始导入,未提供,2026-06-25,中,否,否,是,EXT1650,待来源追溯,原始数据保留；新增结构字段为规则化整理结果。,,390,生熟状态未明确
EXT1651,鲭鱼（煮）,,鱼虾蟹贝类-鱼,372.0,14.9,34.5,0.4,0.0,鲭鱼（煮）,鲭鱼（煮）,水产,贝类,鱼虾蟹贝类-鱼,100g,100,g,,,,未明确,煮,,原始数据库（来源待追溯）,原始导入,未提供,2026-06-25,中,否,否,是,EXT1651,待来源追溯,原始数据保留；新增结构字段为规则化整理结果。,,372,生熟状态未明确
EXT1652,沙丁鱼（茄汁，熟）,沙甸鱼，萨丁鱼，鳁,鱼虾蟹贝类-鱼,155.0,13.8,9.8,3.0,0.0,沙丁鱼（茄汁，熟）,沙丁鱼（茄汁，熟），沙甸鱼，萨丁鱼，鳁,水产,贝类,鱼虾蟹贝类-鱼,100g,100,g,,,,熟,,,原始数据库（来源待追溯）,原始导入,未提供,2026-06-25,中,否,否,是,EXT1652,待来源追溯,原始数据保留；新增结构字段为规则化整理结果。,,155,
EXT1653,沙丁鱼（盐水浸）,沙甸鱼，萨丁鱼，鳁,鱼虾蟹贝类-鱼,172.0,21.5,9.6,0.0,0.0,沙丁鱼（盐水浸）,沙丁鱼（盐水浸），沙甸鱼，萨丁鱼，鳁,水产,贝类,鱼虾蟹贝类-鱼,100g,100,g,,,,未明确,,,原始数据库（来源待追溯）,原始导入,未提供,2026-06-25,中,否,否,是,EXT1653,待来源追溯,原始数据保留；新增结构字段为规则化整理结果。,,172,生熟状态未明确
EXT1654,沙丁鱼（油浸）,沙甸鱼，萨丁鱼，鳁,鱼虾蟹贝类-鱼,220.0,23.3,14.1,0.0,0.0,沙丁鱼（油浸）,沙丁鱼（油浸），沙甸鱼，萨丁鱼，鳁,水产,贝类,鱼虾蟹贝类-鱼,100g,100,g,,,,未明确,,,原始数据库（来源待追溯）,原始导入,未提供,2026-06-25,中,否,否,是,EXT1654,待来源追溯,原始数据保留；新增结构字段为规则化整理结果。,,220,生熟状态未明确
EXT1655,午餐鱼（香辣味）,,鱼虾蟹贝类-鱼,383.0,24.4,30.2,3.3,0.0,午餐鱼（香辣味）,午餐鱼（香辣味）,水产,贝类,鱼虾蟹贝类-鱼,100g,100,g,,,,未明确,,,原始数据库（来源待追溯）,原始导入,未提供,2026-06-25,中,否,否,是,EXT1655,待来源追溯,原始数据保留；新增结构字段为规则化整理结果。,,383,生熟状态未明确
EXT1656,鳕鱼（烤）,明太鱼，大头鳕，真鳕,鱼虾蟹贝类-鱼,96.0,21.4,1.2,0.0,0.0,鳕鱼（烤）,鳕鱼（烤），明太鱼，大头鳕，真鳕,水产,贝类,鱼虾蟹贝类-鱼,100g,100,g,,,,未明确,烤,,原始数据库（来源待追溯）,原始导入,未提供,2026-06-25,中,否,否,是,EXT1656,待来源追溯,原始数据保留；新增结构字段为规则化整理结果。,,96,生熟状态未明确
EXT1657,鳕鱼（炸）,明太鱼，大头鳕，真鳕,鱼虾蟹贝类-鱼,241.0,12.4,14.3,15.6,0.0,鳕鱼（炸）,鳕鱼（炸），明太鱼，大头鳕，真鳕,水产,贝类,鱼虾蟹贝类-鱼,100g,100,g,,,,未明确,炸,,原始数据库（来源待追溯）,原始导入,未提供,2026-06-25,中,否,否,是,EXT1657,待来源追溯,原始数据保留；新增结构字段为规则化整理结果。,,241,生熟状态未明确
EXT1658,三只松鼠每日坚果,每日坚果，混合坚果，坚果礼包,电商零食-坚果混合,566.0,18.0,45.0,25.0,7.0,三只松鼠每日坚果,三只松鼠每日坚果，每日坚果，混合坚果，坚果礼包,坚果及种子,坚果,电商零食-坚果混合,100g,100,g,,,,未明确,,,原始数据库（来源待追溯）,原始导入,未提供,2026-06-25,中,否,否,是,EXT1658,待来源追溯,原始数据保留；新增结构字段为规则化整理结果。,,566,
EXT1659,良品铺子猪肉脯,猪肉脯，猪肉干，肉脯,电商零食-肉制品,378.0,33.0,7.5,45.0,0.0,良品铺子猪肉脯,良品铺子猪肉脯，猪肉脯，猪肉干，肉脯,畜肉,猪肉及制品,电商零食-肉制品,100g,100,g,,,,未明确,,,原始数据库（来源待追溯）,原始导入,未提供,2026-06-25,中,否,否,是,EXT1659,待来源追溯,原始数据保留；新增结构字段为规则化整理结果。,,378,生熟状态未明确
EXT1660,百草味芒果干,芒果干，芒果果干，干芒果,电商零食-果干,340.0,1.5,0.5,82.0,2.5,百草味芒果干,百草味芒果干，芒果干，芒果果干，干芒果,零食甜品,零食糖果,电商零食-果干,100g,100,g,,,,未明确,,,原始数据库（来源待追溯）,原始导入,未提供,2026-06-25,中,否,否,是,EXT1660,待来源追溯,原始数据保留；新增结构字段为规则化整理结果。,,340,
EXT1661,卫龙辣条,辣条，麻辣面筋，调味面制品,电商零食-调味面制,432.0,8.5,25.0,43.0,1.5,卫龙辣条,卫龙辣条，辣条，麻辣面筋，调味面制品,调味品,基础调味及香辛料,电商零食-调味面制,100g,100,g,,,,未明确,,,原始数据库（来源待追溯）,原始导入,未提供,2026-06-25,中,否,否,是,EXT1661,待来源追溯,原始数据保留；新增结构字段为规则化整理结果。,,432,
EXT1662,魔芋爽,素毛肚，魔芋辣条，即食魔芋,电商零食-魔芋制品,98.0,1.0,5.0,12.0,6.0,魔芋爽,魔芋爽，素毛肚，魔芋辣条，即食魔芋,零食甜品,零食糖果,电商零食-魔芋制品,100g,100,g,,,,未明确,,,原始数据库（来源待追溯）,原始导入,未提供,2026-06-25,中,否,否,是,EXT1662,待来源追溯,原始数据保留；新增结构字段为规则化整理结果。,,98,
EXT1663,王小卤虎皮凤爪,虎皮凤爪，卤鸡爪，虎皮鸡爪,电商零食-肉制品,289.0,22.0,18.0,10.0,0.0,王小卤虎皮凤爪,王小卤虎皮凤爪，虎皮凤爪，卤鸡爪，虎皮鸡爪,零食甜品,零食糖果,电商零食-肉制品,100g,100,g,,,,未明确,卤,,原始数据库（来源待追溯）,原始导入,未提供,2026-06-25,中,否,否,是,EXT1663,待来源追溯,原始数据保留；新增结构字段为规则化整理结果。,,289,
EXT1664,良品铺子手撕面包,手撕面包，软面包，奶香面包,电商零食-烘焙,378.0,9.0,12.0,58.0,2.0,良品铺子手撕面包,良品铺子手撕面包，手撕面包，软面包，奶香面包,谷薯及主食,面食及面点,电商零食-烘焙,100g,100,g,,,,未明确,,,原始数据库（来源待追溯）,原始导入,未提供,2026-06-25,中,否,否,是,EXT1664,待来源追溯,原始数据保留；新增结构字段为规则化整理结果。,,378,生熟状态未明确
EXT1665,三只松鼠夏威夷果,夏威夷果，澳洲坚果，火山豆,电商零食-坚果,720.0,8.0,76.0,8.0,4.5,三只松鼠夏威夷果,三只松鼠夏威夷果，夏威夷果，澳洲坚果，火山豆,坚果及种子,坚果,电商零食-坚果,100g,100,g,,,,未明确,,,原始数据库（来源待追溯）,原始导入,未提供,2026-06-25,中,否,否,是,EXT1665,待来源追溯,原始数据保留；新增结构字段为规则化整理结果。,,720,
EXT1666,百草味炭烧腰果,腰果，炭烧腰果，烤腰果,电商零食-坚果,595.0,20.0,48.0,26.0,3.5,百草味炭烧腰果,百草味炭烧腰果，腰果，炭烧腰果，烤腰果,坚果及种子,坚果,电商零食-坚果,100g,100,g,,,,未明确,烧,,原始数据库（来源待追溯）,原始导入,未提供,2026-06-25,中,否,否,是,EXT1666,待来源追溯,原始数据保留；新增结构字段为规则化整理结果。,,595,
EXT1667,旺旺仙贝,仙贝，米饼，旺旺米饼,电商零食-米制品,490.0,5.0,22.0,68.0,0.5,旺旺仙贝,旺旺仙贝，仙贝，米饼，旺旺米饼,零食甜品,零食糖果,电商零食-米制品,100g,100,g,,,,未明确,,,原始数据库（来源待追溯）,原始导入,未提供,2026-06-25,中,否,否,是,EXT1667,待来源追溯,原始数据保留；新增结构字段为规则化整理结果。,,490,
EXT1668,旺旺雪饼,雪饼，米饼，甜米饼,电商零食-米制品,500.0,5.5,23.0,67.0,0.5,旺旺雪饼,旺旺雪饼，雪饼，米饼，甜米饼,零食甜品,零食糖果,电商零食-米制品,100g,100,g,,,,未明确,,,原始数据库（来源待追溯）,原始导入,未提供,2026-06-25,中,否,否,是,EXT1668,待来源追溯,原始数据保留；新增结构字段为规则化整理结果。,,500,
EXT1669,奥利奥饼干,奥利奥，夹心饼干，扭一扭,电商零食-饼干,480.0,5.0,20.0,69.0,1.0,奥利奥饼干,奥利奥饼干，奥利奥，夹心饼干，扭一扭,零食甜品,零食糖果,电商零食-饼干,100g,100,g,,,,未明确,,,原始数据库（来源待追溯）,原始导入,未提供,2026-06-25,中,否,否,是,EXT1669,待来源追溯,原始数据保留；新增结构字段为规则化整理结果。,,480,
EXT1670,乐事薯片原味,薯片，原味薯片，油炸土豆片,电商零食-膨化,536.0,5.0,34.0,53.0,4.0,乐事薯片原味,乐事薯片原味，薯片，原味薯片，油炸土豆片,零食甜品,零食糖果,电商零食-膨化,100g,100,g,,,,未明确,,,原始数据库（来源待追溯）,原始导入,未提供,2026-06-25,中,否,否,是,EXT1670,待来源追溯,原始数据保留；新增结构字段为规则化整理结果。,,536,
EXT1671,好丽友派,巧克力派，好丽友，蛋黄派,电商零食-糕点,445.0,5.5,17.0,66.0,1.5,好丽友派,好丽友派，巧克力派，好丽友，蛋黄派,零食甜品,糕点甜品,电商零食-糕点,100g,100,g,,,,未明确,,,原始数据库（来源待追溯）,原始导入,未提供,2026-06-25,中,否,否,是,EXT1671,待来源追溯,原始数据保留；新增结构字段为规则化整理结果。,,445,
EXT1672,黄焖鸡米饭,黄焖鸡，焖鸡饭，黄焖鸡套餐,外卖菜品-盖饭,190.0,14.0,8.0,18.0,1.0,黄焖鸡米饭,黄焖鸡米饭，黄焖鸡，焖鸡饭，黄焖鸡套餐,餐饮菜品,快餐及套餐,外卖菜品-盖饭,100g,100,g,,,,未明确,,,原始数据库（来源待追溯）,原始导入,未提供,2026-06-25,低,是,是,是,EXT1672,待来源追溯,原始数据保留；新增结构字段为规则化整理结果。,,190,
EXT1673,麻辣烫（清汤）,清汤麻辣烫，骨汤麻辣烫，素麻辣烫,外卖菜品-麻辣烫,75.0,6.0,3.5,5.0,2.0,麻辣烫（清汤）,麻辣烫（清汤），清汤麻辣烫，骨汤麻辣烫，素麻辣烫,餐饮菜品,汤羹,外卖菜品-麻辣烫,100g,100,g,,,,未明确,,,原始数据库（来源待追溯）,原始导入,未提供,2026-06-25,低,是,是,是,EXT1673,待来源追溯,原始数据保留；新增结构字段为规则化整理结果。,,75,
EXT1674,螺蛳粉,柳州螺蛳粉，螺蛳粉，酸笋粉,外卖菜品-粉面,210.0,7.0,9.0,28.0,2.5,螺蛳粉,螺蛳粉，柳州螺蛳粉，酸笋粉,餐饮菜品,面食,外卖菜品-粉面,100g,100,g,,,,未明确,,,原始数据库（来源待追溯）,原始导入,未提供,2026-06-25,低,是,是,否,EXT1674,同名冲突待核验,原始数据保留；新增结构字段为规则化整理结果。,,210,
EXT1675,酸辣粉,川味酸辣粉，酸辣粉条，红苕粉,外卖菜品-粉面,195.0,4.0,5.5,34.0,2.0,酸辣粉,酸辣粉，川味酸辣粉，酸辣粉条，红苕粉,餐饮菜品,面食,外卖菜品-粉面,100g,100,g,,,,未明确,,,原始数据库（来源待追溯）,原始导入,未提供,2026-06-25,低,是,是,否,EXT1675,同名冲突待核验,原始数据保留；新增结构字段为规则化整理结果。,,195,
EXT1676,兰州拉面,牛肉面，拉面，清汤牛肉面,外卖菜品-面食,140.0,7.0,2.0,24.0,1.0,兰州拉面,兰州拉面，牛肉面，拉面，清汤牛肉面,餐饮菜品,面食,外卖菜品-面食,100g,100,g,,,,未明确,,,原始数据库（来源待追溯）,原始导入,未提供,2026-06-25,低,是,是,否,EXT1676,同名冲突待核验,原始数据保留；新增结构字段为规则化整理结果。,,140,
EXT1677,沙县小吃蒸饺,蒸饺，沙县蒸饺，猪肉蒸饺,外卖菜品-饺子,220.0,9.0,8.0,28.0,1.5,沙县小吃蒸饺,沙县小吃蒸饺，蒸饺，沙县蒸饺，猪肉蒸饺,餐饮菜品,小吃,外卖菜品-饺子,100g,100,g,,,,未明确,蒸,,原始数据库（来源待追溯）,原始导入,未提供,2026-06-25,低,是,是,是,EXT1677,待来源追溯,原始数据保留；新增结构字段为规则化整理结果。,,220,
EXT1678,隆江猪脚饭,猪脚饭，隆江卤猪脚，猪蹄饭,外卖菜品-盖饭,250.0,15.0,13.0,18.0,0.5,隆江猪脚饭,隆江猪脚饭，猪脚饭，隆江卤猪脚，猪蹄饭,餐饮菜品,快餐及套餐,外卖菜品-盖饭,100g,100,g,,,,未明确,,,原始数据库（来源待追溯）,原始导入,未提供,2026-06-25,低,是,是,是,EXT1678,待来源追溯,原始数据保留；新增结构字段为规则化整理结果。,,250,
EXT1679,冒菜（红油）,红油冒菜，四川冒菜，麻辣冒菜,外卖菜品-冒菜,120.0,8.0,7.5,6.0,2.0,冒菜（红油）,冒菜（红油），红油冒菜，四川冒菜，麻辣冒菜,餐饮菜品,中式热菜及其他餐饮,外卖菜品-冒菜,100g,100,g,,,,未明确,,,原始数据库（来源待追溯）,原始导入,未提供,2026-06-25,低,是,是,是,EXT1679,待来源追溯,原始数据保留；新增结构字段为规则化整理结果。,,120,
EXT1680,麻辣香锅,香锅，麻辣干锅，炒香锅,外卖菜品-干锅,165.0,10.0,10.0,8.0,2.0,麻辣香锅,麻辣香锅，香锅，麻辣干锅，炒香锅,餐饮菜品,中式热菜及其他餐饮,外卖菜品-干锅,100g,100,g,,,,未明确,,,原始数据库（来源待追溯）,原始导入,未提供,2026-06-25,低,是,是,否,EXT1680,同名冲突待核验,原始数据保留；新增结构字段为规则化整理结果。,,165,
EXT1681,炸鸡汉堡套餐,汉堡套餐，炸鸡汉堡，鸡腿堡套餐,外卖菜品-西式快餐,290.0,16.0,14.0,26.0,1.5,炸鸡汉堡套餐,炸鸡汉堡套餐，汉堡套餐，炸鸡汉堡，鸡腿堡套餐,餐饮菜品,快餐及套餐,外卖菜品-西式快餐,100g,100,g,,,,未明确,炸,,原始数据库（来源待追溯）,原始导入,未提供,2026-06-25,低,是,是,是,EXT1681,待来源追溯,原始数据保留；新增结构字段为规则化整理结果。,,290,
EXT1682,照烧鸡腿饭,照烧鸡腿，日式鸡腿饭，照烧鸡肉饭,外卖菜品-盖饭,195.0,15.0,6.0,20.0,1.0,照烧鸡腿饭,照烧鸡腿饭，照烧鸡腿，日式鸡腿饭，照烧鸡肉饭,餐饮菜品,快餐及套餐,外卖菜品-盖饭,100g,100,g,,,,未明确,烧,,原始数据库（来源待追溯）,原始导入,未提供,2026-06-25,低,是,是,是,EXT1682,待来源追溯,原始数据保留；新增结构字段为规则化整理结果。,,195,
EXT1683,鱼香肉丝盖饭,鱼香肉丝，鱼香肉丝饭，盖浇饭,外卖菜品-盖饭,175.0,9.0,7.0,19.0,1.5,鱼香肉丝盖饭,鱼香肉丝盖饭，鱼香肉丝，鱼香肉丝饭，盖浇饭,餐饮菜品,快餐及套餐,外卖菜品-盖饭,100g,100,g,,,,未明确,,,原始数据库（来源待追溯）,原始导入,未提供,2026-06-25,低,是,是,是,EXT1683,待来源追溯,原始数据保留；新增结构字段为规则化整理结果。,,175,
EXT1684,宫保鸡丁盖饭,宫保鸡丁，宫保鸡丁饭，鸡丁盖饭,外卖菜品-盖饭,195.0,12.0,8.5,17.0,1.5,宫保鸡丁盖饭,宫保鸡丁盖饭，宫保鸡丁，宫保鸡丁饭，鸡丁盖饭,餐饮菜品,快餐及套餐,外卖菜品-盖饭,100g,100,g,,,,未明确,,,原始数据库（来源待追溯）,原始导入,未提供,2026-06-25,低,是,是,是,EXT1684,待来源追溯,原始数据保留；新增结构字段为规则化整理结果。,,195,
EXT1685,水煮鱼,水煮鱼片，川味水煮鱼，麻辣鱼片,外卖菜品-川菜,150.0,15.0,8.0,4.0,1.0,水煮鱼,水煮鱼，水煮鱼片，川味水煮鱼，麻辣鱼片,餐饮菜品,中式热菜及其他餐饮,外卖菜品-川菜,100g,100,g,,,,未明确,煮,,原始数据库（来源待追溯）,原始导入,未提供,2026-06-25,低,是,是,否,EXT1685,同名冲突待核验,原始数据保留；新增结构字段为规则化整理结果。,,150,
EXT1686,酸菜鱼,酸菜鱼片，老坛酸菜鱼，酸汤鱼,外卖菜品-川菜,130.0,14.0,6.0,4.0,1.0,酸菜鱼,酸菜鱼，酸菜鱼片，老坛酸菜鱼，酸汤鱼,餐饮菜品,中式热菜及其他餐饮,外卖菜品-川菜,100g,100,g,,,,未明确,,,原始数据库（来源待追溯）,原始导入,未提供,2026-06-25,低,是,是,否,EXT1686,同名冲突待核验,原始数据保留；新增结构字段为规则化整理结果。,,130,
EXT1687,糖醋里脊,糖醋肉，糖醋里肌，酸甜肉,外卖菜品-炒菜,240.0,12.0,11.0,24.0,0.5,糖醋里脊,糖醋里脊，糖醋肉，糖醋里肌，酸甜肉,餐饮菜品,中式热菜及其他餐饮,外卖菜品-炒菜,100g,100,g,,,,未明确,,,原始数据库（来源待追溯）,原始导入,未提供,2026-06-25,低,是,是,否,EXT1687,同名冲突待核验,原始数据保留；新增结构字段为规则化整理结果。,,240,
EXT1688,回锅肉,回锅肉，川味回锅肉，蒜苗回锅肉,外卖菜品-炒菜,270.0,13.0,18.0,14.0,1.5,回锅肉,回锅肉，川味回锅肉，蒜苗回锅肉,餐饮菜品,中式热菜及其他餐饮,外卖菜品-炒菜,100g,100,g,,,,未明确,,,原始数据库（来源待追溯）,原始导入,未提供,2026-06-25,低,是,是,否,EXT1688,同名冲突待核验,原始数据保留；新增结构字段为规则化整理结果。,,270,
EXT1689,地三鲜,地三鲜，土豆茄子青椒，东北地三鲜,外卖菜品-炒菜,115.0,3.0,6.5,12.0,2.5,地三鲜,地三鲜，土豆茄子青椒，东北地三鲜,餐饮菜品,中式热菜及其他餐饮,外卖菜品-炒菜,100g,100,g,,,,生/鲜,,,原始数据库（来源待追溯）,原始导入,未提供,2026-06-25,低,是,是,否,EXT1689,同名冲突待核验,原始数据保留；新增结构字段为规则化整理结果。,,115,
EXT1690,速冻水饺（猪肉白菜）,水饺，猪肉白菜饺子，速冻饺子,速冻食品-水饺,220.0,8.0,8.5,27.0,1.5,速冻水饺（猪肉白菜）,速冻水饺（猪肉白菜），水饺，猪肉白菜饺子，速冻饺子,畜肉,猪肉及制品,速冻食品-水饺,100g,100,g,,,,冷冻,,,原始数据库（来源待追溯）,原始导入,未提供,2026-06-25,低,是,是,是,EXT1690,待来源追溯,原始数据保留；新增结构字段为规则化整理结果。,,220,
EXT1691,速冻汤圆（黑芝麻）,汤圆，黑芝麻汤圆，元宵,速冻食品-汤圆,330.0,5.0,12.0,52.0,2.0,速冻汤圆（黑芝麻）,速冻汤圆（黑芝麻），汤圆，黑芝麻汤圆，元宵,坚果及种子,坚果,速冻食品-汤圆,100g,100,g,,,,冷冻,,,原始数据库（来源待追溯）,原始导入,未提供,2026-06-25,低,是,是,是,EXT1691,待来源追溯,原始数据保留；新增结构字段为规则化整理结果。,,330,
EXT1692,自热火锅（麻辣）,自热火锅，方便火锅，懒人火锅,方便食品-自热火锅,180.0,8.0,10.0,15.0,3.0,自热火锅（麻辣）,自热火锅（麻辣），自热火锅，方便火锅，懒人火锅,餐饮菜品,中式热菜及其他餐饮,方便食品-自热火锅,100g,100,g,,,,未明确,,,原始数据库（来源待追溯）,原始导入,未提供,2026-06-25,低,是,是,是,EXT1692,待来源追溯,原始数据保留；新增结构字段为规则化整理结果。,,180,
EXT1693,螺蛳粉（袋装）,袋装螺蛳粉，速食螺蛳粉，柳州螺蛳粉,方便食品-粉面,280.0,6.0,12.0,38.0,2.0,螺蛳粉（袋装）,螺蛳粉（袋装），袋装螺蛳粉，速食螺蛳粉，柳州螺蛳粉,预包装食品,加工食品,方便食品-粉面,100g,100,g,,,,未明确,,,原始数据库（来源待追溯）,原始导入,未提供,2026-06-25,中,否,否,是,EXT1693,待来源追溯,原始数据保留；新增结构字段为规则化整理结果。,,280,
EXT1694,酸辣粉（袋装）,袋装酸辣粉，速食酸辣粉，桶装酸辣粉,方便食品-粉面,260.0,3.5,10.0,40.0,1.5,酸辣粉（袋装）,酸辣粉（袋装），袋装酸辣粉，速食酸辣粉，桶装酸辣粉,预包装食品,加工食品,方便食品-粉面,100g,100,g,,,,未明确,,,原始数据库（来源待追溯）,原始导入,未提供,2026-06-25,中,否,否,是,EXT1694,待来源追溯,原始数据保留；新增结构字段为规则化整理结果。,,260,
EXT1695,手抓饼（速冻）,手抓饼，葱油手抓饼，速冻手抓饼,速冻食品-面饼,310.0,6.5,14.0,40.0,1.5,手抓饼（速冻）,手抓饼（速冻），手抓饼，葱油手抓饼，速冻手抓饼,预包装食品,加工食品,速冻食品-面饼,100g,100,g,,,,冷冻,,,原始数据库（来源待追溯）,原始导入,未提供,2026-06-25,中,否,否,是,EXT1695,待来源追溯,原始数据保留；新增结构字段为规则化整理结果。,,310,
EXT1696,烤肠（速冻）,烤肠，热狗肠，脆皮肠，台式烤肠,速冻食品-肉制品,280.0,10.0,22.0,10.0,0.0,烤肠（速冻）,烤肠（速冻），烤肠，热狗肠，脆皮肠，台式烤肠,预包装食品,加工食品,速冻食品-肉制品,100g,100,g,,,,冷冻,烤,,原始数据库（来源待追溯）,原始导入,未提供,2026-06-25,中,否,否,是,EXT1696,待来源追溯,原始数据保留；新增结构字段为规则化整理结果。,,280,
EXT1697,鸡胸肉（冷冻）,冷冻鸡胸肉，冻鸡胸，冻鸡脯肉,冷冻食材-禽肉,105.0,22.0,1.5,0.5,0.0,鸡胸肉（冷冻）,鸡胸肉（冷冻），冷冻鸡胸肉，冻鸡胸，冻鸡脯肉,禽肉,鸡肉及制品,冷冻食材-禽肉,100g,100,g,,,,冷冻,,,原始数据库（来源待追溯）,原始导入,未提供,2026-06-25,中,否,否,是,EXT1697,待来源追溯,原始数据保留；新增结构字段为规则化整理结果。,,105,
EXT1698,混合坚果（每日坚果）,每日坚果，坚果混合装，综合坚果,坚果种子-混合坚果,600.0,16.0,52.0,20.0,6.0,混合坚果（每日坚果）,混合坚果（每日坚果），每日坚果，坚果混合装，综合坚果,坚果及种子,种子,坚果种子-混合坚果,100g,100,g,,,,未明确,,,原始数据库（来源待追溯）,原始导入,未提供,2026-06-25,中,否,否,是,EXT1698,待来源追溯,原始数据保留；新增结构字段为规则化整理结果。,,600,
EXT1699,蛋白棒,蛋白质棒，能量蛋白棒，健身蛋白棒,运动营养-蛋白棒,380.0,28.0,10.0,42.0,8.0,蛋白棒,蛋白棒，蛋白质棒，能量蛋白棒，健身蛋白棒,运动营养,其他,运动营养-蛋白棒,100g,100,g,,,,未明确,,,原始数据库（来源待追溯）,原始导入,未提供,2026-06-25,低,否,否,否,EXT1699,同名冲突待核验,原始数据保留；新增结构字段为规则化整理结果。,,380,
EXT1700,代餐奶昔,奶昔代餐，代餐粉，营养奶昔，瘦身奶昔,运动营养-代餐,360.0,20.0,8.0,52.0,10.0,代餐奶昔,代餐奶昔，奶昔代餐，代餐粉，营养奶昔，瘦身奶昔,运动营养,其他,运动营养-代餐,100g,100,g,,,,未明确,,,原始数据库（来源待追溯）,原始导入,未提供,2026-06-25,中,否,否,是,EXT1700,待来源追溯,原始数据保留；新增结构字段为规则化整理结果。,,360,
EXT1701,全麦面包（预包装）,全麦面包，全麦吐司，黑麦面包,烘焙食品-全麦面包,260.0,10.0,4.0,45.0,6.5,全麦面包（预包装）,全麦面包（预包装），全麦面包，全麦吐司，黑麦面包,谷薯及主食,面食及面点,烘焙食品-全麦面包,100g,100,g,,,,未明确,,,原始数据库（来源待追溯）,原始导入,未提供,2026-06-25,中,否,否,是,EXT1701,待来源追溯,原始数据保留；新增结构字段为规则化整理结果。,,260,生熟状态未明确
EXT1702,奇亚籽,奇亚籽，芡欧鼠尾草籽，超级种子,坚果种子-奇亚籽,486.0,16.5,30.7,42.1,34.4,奇亚籽,奇亚籽，芡欧鼠尾草籽，超级种子,坚果及种子,种子,坚果种子-奇亚籽,100g,100,g,,,,未明确,,,原始数据库（来源待追溯）,原始导入,未提供,2026-06-25,中,否,否,是,EXT1702,待来源追溯,原始数据保留；新增结构字段为规则化整理结果。,,486,
EXT1703,牛油果,鳄梨，奶油果，森林黄油，樟梨,水果-牛油果,160.0,2.0,14.7,8.5,6.7,牛油果,牛油果，鳄梨，奶油果，森林黄油，樟梨,油脂,动物油及其他油脂,水果-牛油果,100g,100,g,,,,未明确,,,原始数据库（来源待追溯）,原始导入,未提供,2026-06-25,中,否,否,是,EXT1703,待来源追溯,原始数据保留；新增结构字段为规则化整理结果。,,160,
EXT1704,羽衣甘蓝,无头甘蓝，叶牡丹，Kale，绿叶甘蓝,蔬菜-叶菜类,60.5,4.3,0.9,8.8,3.6,羽衣甘蓝,羽衣甘蓝，无头甘蓝，叶牡丹，Kale，绿叶甘蓝,蔬菜,鲜蔬菜及制品,蔬菜-叶菜类,100g,100,g,,,,未明确,,,原始数据库（来源待追溯）,原始导入,未提供,2026-06-25,低,否,否,否,EXT1704,同名冲突待核验,原始数据保留；新增结构字段为规则化整理结果。,,60.5,生熟状态未明确
EXT1705,巴西莓碗,巴西莓碗，阿萨伊碗，Acai bowl,短视频热门-轻食,180.0,4.0,8.0,24.0,6.0,巴西莓碗,巴西莓碗，阿萨伊碗，Acai bowl,水果,鲜果,短视频热门-轻食,100g,100,g,,,,未明确,,,原始数据库（来源待追溯）,原始导入,未提供,2026-06-25,中,否,否,是,EXT1705,待来源追溯,原始数据保留；新增结构字段为规则化整理结果。,,180,
EXT1706,燕麦奶,燕麦饮，燕麦露，植物奶，燕麦乳,饮品-植物奶,45.0,1.0,1.5,7.0,0.8,燕麦奶,燕麦奶，燕麦饮，燕麦露，植物奶，燕麦乳,谷薯及主食,谷物及制品,饮品-植物奶,100g,100,g,,,,未明确,,,原始数据库（来源待追溯）,原始导入,未提供,2026-06-25,中,否,否,是,EXT1706,待来源追溯,原始数据保留；新增结构字段为规则化整理结果。,,45,生熟状态未明确
EXT1707,希腊酸奶,希腊式酸奶，脱乳清酸奶，浓缩酸奶，希腊优格,乳制品-酸奶,97.0,9.0,5.0,4.0,0.0,希腊酸奶,希腊酸奶，希腊式酸奶，脱乳清酸奶，浓缩酸奶，希腊优格,奶及乳制品,发酵乳,乳制品-酸奶,100g,100,g,,,,未明确,,,原始数据库（来源待追溯）,原始导入,未提供,2026-06-25,中,否,否,是,EXT1707,待来源追溯,原始数据保留；新增结构字段为规则化整理结果。,,97,
EXT1708,即食鸡胸肉,即食鸡胸，速食鸡胸肉，健身鸡胸肉,方便食品-即食肉类,125.0,25.0,2.0,1.5,0.0,即食鸡胸肉,即食鸡胸肉，即食鸡胸，速食鸡胸肉，健身鸡胸肉,预包装食品,加工食品,方便食品-即食肉类,100g,100,g,,,,未明确,,,原始数据库（来源待追溯）,原始导入,未提供,2026-06-25,中,否,否,是,EXT1708,待来源追溯,原始数据保留；新增结构字段为规则化整理结果。,,125,
EXT1709,蛋白粉（乳清蛋白）,乳清蛋白粉，Whey蛋白粉，健身蛋白粉，WPC,运动营养-蛋白粉,400.0,75.0,7.0,8.0,0.0,蛋白粉（乳清蛋白）,蛋白粉（乳清蛋白），乳清蛋白粉，Whey蛋白粉，健身蛋白粉，WPC,运动营养,其他,运动营养-蛋白粉,100g,100,g,,,,未明确,,,原始数据库（来源待追溯）,原始导入,未提供,2026-06-25,中,否,否,是,EXT1709,待来源追溯,原始数据保留；新增结构字段为规则化整理结果。,,400,
EXT1710,肌酸,一水肌酸，Creatine，肌肉素，肌氨酸,运动营养-补剂,0.0,0.0,0.0,0.0,0.0,肌酸,肌酸，一水肌酸，Creatine，肌肉素，肌氨酸,运动营养,其他,运动营养-补剂,100g,100,g,,,,未明确,,,原始数据库（来源待追溯）,原始导入,未提供,2026-06-25,中,否,否,是,EXT1710,待来源追溯,原始数据保留；新增结构字段为规则化整理结果。,,0,
EXT1711,BCAA支链氨基酸,BCAA，支链氨基酸，亮异缬氨酸，支链氨基酸粉,运动营养-补剂,0.0,0.0,0.0,0.0,0.0,BCAA支链氨基酸,BCAA支链氨基酸，BCAA，支链氨基酸，亮异缬氨酸，支链氨基酸粉,运动营养,其他,运动营养-补剂,100g,100,g,,,,未明确,,,原始数据库（来源待追溯）,原始导入,未提供,2026-06-25,中,否,否,是,EXT1711,待来源追溯,原始数据保留；新增结构字段为规则化整理结果。,,0,
EXT1712,左旋肉碱,肉碱，L-肉碱，L-Carnitine，维生素Bt,运动营养-补剂,0.0,0.0,0.0,0.0,0.0,左旋肉碱,左旋肉碱，肉碱，L-肉碱，L-Carnitine，维生素Bt,运动营养,其他,运动营养-补剂,100g,100,g,,,,未明确,,,原始数据库（来源待追溯）,原始导入,未提供,2026-06-25,中,否,否,是,EXT1712,待来源追溯,原始数据保留；新增结构字段为规则化整理结果。,,0,
EXT1713,荞麦面,荞面条，そば，荞麦挂面，黑荞面,谷类-荞麦面,340.0,12.0,2.5,68.0,5.0,荞麦面,荞麦面，荞面条，そば，荞麦挂面，黑荞面,谷薯及主食,谷物及制品,谷类-荞麦面,100g,100,g,,,,未明确,,,原始数据库（来源待追溯）,原始导入,未提供,2026-06-25,低,否,否,否,EXT1713,同名冲突待核验,原始数据保留；新增结构字段为规则化整理结果。,,340,生熟状态未明确
EXT1714,意面（干）,意大利面，意粉，通心粉，spaghetti,谷类-意面,350.0,13.0,1.5,72.0,3.0,意面（干）,意面（干），意大利面，意粉，通心粉，spaghetti,谷薯及主食,谷物及制品,谷类-意面,100g,100,g,,,,干制,,,原始数据库（来源待追溯）,原始导入,未提供,2026-06-25,中,否,否,是,EXT1714,待来源追溯,原始数据保留；新增结构字段为规则化整理结果。,,350,
EXT1715,鹰嘴豆,桃豆，鸡头豆，回鹘豆，Chickpea,豆类-鹰嘴豆,364.0,19.0,6.0,61.0,12.0,鹰嘴豆,鹰嘴豆，桃豆，鸡头豆，回鹘豆，Chickpea,豆类及豆制品,豆类,豆类-鹰嘴豆,100g,100,g,,,,未明确,,,原始数据库（来源待追溯）,原始导入,未提供,2026-06-25,中,否,否,是,EXT1715,待来源追溯,原始数据保留；新增结构字段为规则化整理结果。,,364,
EXT1716,藜麦,南美藜，奎藜，印第安麦，Quinoa,谷类-藜麦,368.0,14.0,6.0,64.0,7.0,藜麦,藜麦，南美藜，奎藜，印第安麦，Quinoa,谷薯及主食,谷物及制品,谷类-藜麦,100g,100,g,,,,未明确,,,原始数据库（来源待追溯）,原始导入,未提供,2026-06-25,中,否,否,是,EXT1716,待来源追溯,原始数据保留；新增结构字段为规则化整理结果。,,368,生熟状态未明确
EXT1717,亚麻籽,胡麻籽，亚麻仁，Flaxseed，linseed,坚果种子-亚麻籽,534.0,18.3,42.2,28.9,27.3,亚麻籽,亚麻籽，胡麻籽，亚麻仁，Flaxseed，linseed,坚果及种子,种子,坚果种子-亚麻籽,100g,100,g,,,,未明确,,,原始数据库（来源待追溯）,原始导入,未提供,2026-06-25,中,否,否,是,EXT1717,待来源追溯,原始数据保留；新增结构字段为规则化整理结果。,,534,
EXT1718,鸡胸肉（去皮）,去皮鸡胸，鸡胸脯，瘦鸡胸,禽肉-鸡胸,110.0,23.0,1.5,1.0,0.0,鸡胸肉（去皮）,鸡胸肉（去皮），去皮鸡胸，鸡胸脯，瘦鸡胸,禽肉,鸡肉及制品,禽肉-鸡胸,100g,100,g,,,,未明确,,,原始数据库（来源待追溯）,原始导入,未提供,2026-06-25,中,否,否,是,EXT1718,待来源追溯,原始数据保留；新增结构字段为规则化整理结果。,,110,生熟状态未明确
EXT1719,牛肉（牛腱子）,牛腱肉，腱子肉，牛腱，金钱腱,畜肉-牛腱子,120.0,21.0,3.5,0.5,0.0,牛肉（牛腱子）,牛肉（牛腱子），牛腱肉，腱子肉，牛腱，金钱腱,畜肉,牛肉及制品,畜肉-牛腱子,100g,100,g,,,,未明确,,,原始数据库（来源待追溯）,原始导入,未提供,2026-06-25,中,否,否,是,EXT1719,待来源追溯,原始数据保留；新增结构字段为规则化整理结果。,,120,生熟状态未明确
EXT1720,虾仁（冷冻）,冻虾仁，去壳虾，冷冻虾肉,水产-虾仁,60.0,13.0,0.5,1.0,0.0,虾仁（冷冻）,虾仁（冷冻），冻虾仁，去壳虾，冷冻虾肉,水产,虾蟹类,水产-虾仁,100g,100,g,,,,冷冻,,,原始数据库（来源待追溯）,原始导入,未提供,2026-06-25,中,否,否,是,EXT1720,待来源追溯,原始数据保留；新增结构字段为规则化整理结果。,,60,
EXT1721,三文鱼（养殖）,三文鱼，鲑鱼片，大西洋鲑，刺身三文鱼,水产-鲑鱼,208.0,20.4,13.4,0.0,0.0,三文鱼（养殖）,三文鱼（养殖），三文鱼，鲑鱼片，大西洋鲑，刺身三文鱼,水产,鱼类及其他水产,水产-鲑鱼,100g,100,g,,,,未明确,,,原始数据库（来源待追溯）,原始导入,未提供,2026-06-25,中,否,否,是,EXT1721,待来源追溯,原始数据保留；新增结构字段为规则化整理结果。,,208,生熟状态未明确
EXT1722,全麦馒头,全麦馍，麸皮馒头，粗粮馒头,谷类-全麦馒头,230.0,8.0,2.0,45.0,5.0,全麦馒头,全麦馒头，全麦馍，麸皮馒头，粗粮馒头,谷薯及主食,面食及面点,谷类-全麦馒头,100g,100,g,,,,未明确,,,原始数据库（来源待追溯）,原始导入,未提供,2026-06-25,中,否,否,是,EXT1722,待来源追溯,原始数据保留；新增结构字段为规则化整理结果。,,230,生熟状态未明确
EXT1723,豆腐（韧豆腐）,中豆腐，韧豆腐，半嫩豆腐,豆制品-韧豆腐,82.0,8.5,4.0,3.0,0.5,豆腐（韧豆腐）,豆腐（韧豆腐），中豆腐，韧豆腐，半嫩豆腐,豆类及豆制品,豆制品,豆制品-韧豆腐,100g,100,g,,,,未明确,,,原始数据库（来源待追溯）,原始导入,未提供,2026-06-25,中,否,否,是,EXT1723,待来源追溯,原始数据保留；新增结构字段为规则化整理结果。,,82,
EXT1724,无糖豆浆,原味豆浆，无糖豆乳，纯豆浆,饮品-豆浆,30.0,3.0,1.5,1.0,0.5,无糖豆浆,无糖豆浆，原味豆浆，无糖豆乳，纯豆浆,豆类及豆制品,豆制品,饮品-豆浆,100g,100,g,,,,未明确,,,原始数据库（来源待追溯）,原始导入,未提供,2026-06-25,中,否,否,是,EXT1724,待来源追溯,原始数据保留；新增结构字段为规则化整理结果。,,30,
EXT1725,红薯（烤）,烤红薯，烤地瓜，烤番薯，焗番薯,薯类-烤红薯,105.0,1.5,0.2,24.0,3.0,红薯（烤）,红薯（烤），烤红薯，烤地瓜，烤番薯，焗番薯,谷薯及主食,薯类,薯类-烤红薯,100g,100,g,,,,未明确,烤,,原始数据库（来源待追溯）,原始导入,未提供,2026-06-25,中,否,否,是,EXT1725,待来源追溯,原始数据保留；新增结构字段为规则化整理结果。,,105,生熟状态未明确
EXT1726,紫薯,黑薯，紫心甘薯，紫芋，紫薯,薯类-紫薯,95.0,2.0,0.3,21.0,2.8,紫薯,紫薯，黑薯，紫心甘薯，紫芋,谷薯及主食,薯类,薯类-紫薯,100g,100,g,,,,未明确,,,原始数据库（来源待追溯）,原始导入,未提供,2026-06-25,中,否,否,是,EXT1726,待来源追溯,原始数据保留；新增结构字段为规则化整理结果。,,95,生熟状态未明确
EXT1727,玉米（甜玉米，鲜）,甜玉米，水果玉米，超甜玉米,谷类-玉米,105.0,3.2,1.2,20.0,2.7,玉米（甜玉米，鲜）,玉米（甜玉米，鲜），甜玉米，水果玉米，超甜玉米,谷薯及主食,谷物及制品,谷类-玉米,100g,100,g,,,,生/鲜,,,原始数据库（来源待追溯）,原始导入,未提供,2026-06-25,中,否,否,是,EXT1727,待来源追溯,原始数据保留；新增结构字段为规则化整理结果。,,105,
EXT1728,寿司（三文鱼）,三文鱼寿司，握寿司，刺身寿司,外卖菜品-日料,155.0,8.0,3.5,23.0,1.0,寿司（三文鱼）,寿司（三文鱼），三文鱼寿司，握寿司，刺身寿司,餐饮菜品,中式热菜及其他餐饮,外卖菜品-日料,100g,100,g,,,,未明确,,,原始数据库（来源待追溯）,原始导入,未提供,2026-06-25,低,是,是,是,EXT1728,待来源追溯,原始数据保留；新增结构字段为规则化整理结果。,,155,
EXT1729,酸辣粉（桶装）,桶装酸辣粉，即食酸辣粉，冲泡酸辣粉,方便食品-粉面,290.0,4.0,12.0,42.0,1.5,酸辣粉（桶装）,酸辣粉（桶装），桶装酸辣粉，即食酸辣粉，冲泡酸辣粉,预包装食品,加工食品,方便食品-粉面,100g,100,g,,,,未明确,,,原始数据库（来源待追溯）,原始导入,未提供,2026-06-25,中,否,否,是,EXT1729,待来源追溯,原始数据保留；新增结构字段为规则化整理结果。,,290,
EXT1730,三只松鼠碧根果,"碧根果,山核桃",电商-三只松鼠,726.0,9.5,72.0,10.0,6.0,三只松鼠碧根果,三只松鼠碧根果，碧根果，山核桃,其他,其他,电商-三只松鼠,100g,100,g,,,,未明确,,,原始数据库（来源待追溯）,原始导入,未提供,2026-06-25,中,否,否,是,EXT1730,待来源追溯,原始数据保留；新增结构字段为规则化整理结果。,,726,
EXT1731,三只松鼠紫皮腰果,"腰果,紫皮腰果",电商-三只松鼠,557.0,18.5,43.0,24.0,3.5,三只松鼠紫皮腰果,三只松鼠紫皮腰果，腰果，紫皮腰果,其他,其他,电商-三只松鼠,100g,100,g,,,,未明确,,,原始数据库（来源待追溯）,原始导入,未提供,2026-06-25,中,否,否,是,EXT1731,待来源追溯,原始数据保留；新增结构字段为规则化整理结果。,,557,
EXT1732,三只松鼠开心果,"开心果,阿月浑子",电商-三只松鼠,570.0,21.0,46.0,18.0,9.0,三只松鼠开心果,三只松鼠开心果，开心果，阿月浑子,其他,其他,电商-三只松鼠,100g,100,g,,,,未明确,,,原始数据库（来源待追溯）,原始导入,未提供,2026-06-25,中,否,否,是,EXT1732,待来源追溯,原始数据保留；新增结构字段为规则化整理结果。,,570,
EXT1733,三只松鼠山核桃仁,"山核桃仁,小核桃仁",电商-三只松鼠,712.0,8.5,70.0,12.0,6.0,三只松鼠山核桃仁,三只松鼠山核桃仁，山核桃仁，小核桃仁,水果,鲜果,电商-三只松鼠,100g,100,g,,,,未明确,,,原始数据库（来源待追溯）,原始导入,未提供,2026-06-25,中,否,否,是,EXT1733,待来源追溯,原始数据保留；新增结构字段为规则化整理结果。,,712,
EXT1734,三只松鼠开口松子,"松子,开口松子",电商-三只松鼠,708.0,14.0,68.0,10.0,5.0,三只松鼠开口松子,三只松鼠开口松子，松子，开口松子,其他,其他,电商-三只松鼠,100g,100,g,,,,未明确,,,原始数据库（来源待追溯）,原始导入,未提供,2026-06-25,中,否,否,是,EXT1734,待来源追溯,原始数据保留；新增结构字段为规则化整理结果。,,708,
EXT1735,三只松鼠多味花生,"多味花生,鱼皮花生",电商-三只松鼠,494.0,14.0,30.0,42.0,3.0,三只松鼠多味花生,三只松鼠多味花生，多味花生，鱼皮花生,坚果及种子,坚果,电商-三只松鼠,100g,100,g,,,,生/鲜,,,原始数据库（来源待追溯）,原始导入,未提供,2026-06-25,中,否,否,是,EXT1735,待来源追溯,原始数据保留；新增结构字段为规则化整理结果。,,494,
EXT1736,三只松鼠灯影牛肉丝,"灯影牛肉丝,麻辣牛肉丝",电商-三只松鼠,326.0,35.0,14.0,15.0,0.0,三只松鼠灯影牛肉丝,三只松鼠灯影牛肉丝，灯影牛肉丝，麻辣牛肉丝,畜肉,牛肉及制品,电商-三只松鼠,100g,100,g,,,,未明确,,,原始数据库（来源待追溯）,原始导入,未提供,2026-06-25,中,否,否,是,EXT1736,待来源追溯,原始数据保留；新增结构字段为规则化整理结果。,,326,生熟状态未明确
EXT1737,三只松鼠乳酸菌小口袋面包,"小口袋面包,乳酸菌面包",电商-三只松鼠,370.0,6.0,14.0,55.0,1.5,三只松鼠乳酸菌小口袋面包,三只松鼠乳酸菌小口袋面包，小口袋面包，乳酸菌面包,谷薯及主食,面食及面点,电商-三只松鼠,100g,100,g,,,,未明确,,,原始数据库（来源待追溯）,原始导入,未提供,2026-06-25,中,否,否,是,EXT1737,待来源追溯,原始数据保留；新增结构字段为规则化整理结果。,,370,生熟状态未明确
EXT1738,三只松鼠蜀香牛肉干,"蜀香牛肉干,麻辣牛肉干",电商-三只松鼠,284.0,38.0,8.0,15.0,0.0,三只松鼠蜀香牛肉干,三只松鼠蜀香牛肉干，蜀香牛肉干，麻辣牛肉干,畜肉,牛肉及制品,电商-三只松鼠,100g,100,g,,,,未明确,,,原始数据库（来源待追溯）,原始导入,未提供,2026-06-25,中,否,否,是,EXT1738,待来源追溯,原始数据保留；新增结构字段为规则化整理结果。,,284,生熟状态未明确
EXT1739,良品铺子海带结,"海带结,香辣海带",电商-良品铺子,89.0,1.3,7.4,4.4,2.0,良品铺子海带结,良品铺子海带结，海带结，香辣海带,菌藻类,藻类,电商-良品铺子,100g,100,g,,,,未明确,,,原始数据库（来源待追溯）,原始导入,未提供,2026-06-25,中,否,否,是,EXT1739,待来源追溯,原始数据保留；新增结构字段为规则化整理结果。,,89,
EXT1740,良品铺子紫衣腰果,"腰果,紫衣腰果",电商-良品铺子,548.0,18.5,42.0,24.0,3.5,良品铺子紫衣腰果,良品铺子紫衣腰果，腰果，紫衣腰果,其他,其他,电商-良品铺子,100g,100,g,,,,未明确,,,原始数据库（来源待追溯）,原始导入,未提供,2026-06-25,中,否,否,是,EXT1740,待来源追溯,原始数据保留；新增结构字段为规则化整理结果。,,548,
EXT1741,良品铺子五香牛肉干,"牛肉干,五香牛肉",电商-良品铺子,262.0,40.0,6.0,12.0,0.0,良品铺子五香牛肉干,良品铺子五香牛肉干，牛肉干，五香牛肉,畜肉,牛肉及制品,电商-良品铺子,100g,100,g,,,,未明确,,,原始数据库（来源待追溯）,原始导入,未提供,2026-06-25,中,否,否,是,EXT1741,待来源追溯,原始数据保留；新增结构字段为规则化整理结果。,,262,生熟状态未明确
EXT1742,良品铺子卤藕,"卤藕,香辣藕片",电商-良品铺子,160.0,2.8,8.5,18.0,2.0,良品铺子卤藕,良品铺子卤藕，卤藕，香辣藕片,其他,其他,电商-良品铺子,100g,100,g,,,,未明确,卤,,原始数据库（来源待追溯）,原始导入,未提供,2026-06-25,中,否,否,是,EXT1742,待来源追溯,原始数据保留；新增结构字段为规则化整理结果。,,160,
EXT1743,良品铺子猪肉脯自然片,"猪肉脯,猪肉自然片",电商-良品铺子,312.0,28.0,8.0,32.0,0.0,良品铺子猪肉脯自然片,良品铺子猪肉脯自然片，猪肉脯，猪肉自然片,畜肉,猪肉及制品,电商-良品铺子,100g,100,g,,,,未明确,,,原始数据库（来源待追溯）,原始导入,未提供,2026-06-25,中,否,否,是,EXT1743,待来源追溯,原始数据保留；新增结构字段为规则化整理结果。,,312,生熟状态未明确
EXT1744,良品铺子小米锅巴,"小米锅巴,膨化锅巴",电商-良品铺子,476.0,7.0,24.0,58.0,1.5,良品铺子小米锅巴,良品铺子小米锅巴，小米锅巴，膨化锅巴,其他,其他,电商-良品铺子,100g,100,g,,,,未明确,,,原始数据库（来源待追溯）,原始导入,未提供,2026-06-25,中,否,否,是,EXT1744,待来源追溯,原始数据保留；新增结构字段为规则化整理结果。,,476,
EXT1745,良品铺子牛蹄筋,"牛蹄筋,香辣牛蹄筋",电商-良品铺子,156.0,28.0,4.0,2.0,0.0,良品铺子牛蹄筋,良品铺子牛蹄筋，牛蹄筋，香辣牛蹄筋,其他,其他,电商-良品铺子,100g,100,g,,,,未明确,,,原始数据库（来源待追溯）,原始导入,未提供,2026-06-25,中,否,否,是,EXT1745,待来源追溯,原始数据保留；新增结构字段为规则化整理结果。,,156,
EXT1746,良品铺子炒米,"炒米,香脆炒米",电商-良品铺子,442.0,8.0,18.0,62.0,1.0,良品铺子炒米,良品铺子炒米，炒米，香脆炒米,其他,其他,电商-良品铺子,100g,100,g,,,,未明确,炒,,原始数据库（来源待追溯）,原始导入,未提供,2026-06-25,中,否,否,是,EXT1746,待来源追溯,原始数据保留；新增结构字段为规则化整理结果。,,442,
EXT1747,良品铺子小鱼仔,"小鱼仔,香辣小鱼",电商-良品铺子,268.0,35.0,12.0,5.0,0.0,良品铺子小鱼仔,良品铺子小鱼仔，小鱼仔，香辣小鱼,其他,其他,电商-良品铺子,100g,100,g,,,,未明确,,,原始数据库（来源待追溯）,原始导入,未提供,2026-06-25,中,否,否,是,EXT1747,待来源追溯,原始数据保留；新增结构字段为规则化整理结果。,,268,
EXT1748,良品铺子鱼豆腐,"鱼豆腐,烧烤鱼豆腐",电商-良品铺子,199.0,12.0,10.5,14.0,0.0,良品铺子鱼豆腐,良品铺子鱼豆腐，鱼豆腐，烧烤鱼豆腐,豆类及豆制品,豆制品,电商-良品铺子,100g,100,g,,,,未明确,,,原始数据库（来源待追溯）,原始导入,未提供,2026-06-25,中,否,否,是,EXT1748,待来源追溯,原始数据保留；新增结构字段为规则化整理结果。,,199,
EXT1749,卫龙魔芋爽,"魔芋爽,素毛肚,魔芋丝",电商-卫龙,123.0,0.9,9.6,5.6,12.0,卫龙魔芋爽,卫龙魔芋爽，魔芋爽，素毛肚，魔芋丝,其他,其他,电商-卫龙,100g,100,g,,,,未明确,,,原始数据库（来源待追溯）,原始导入,未提供,2026-06-25,中,否,否,是,EXT1749,待来源追溯,原始数据保留；新增结构字段为规则化整理结果。,,123,
EXT1750,卫龙辣条大面筋,"辣条,大面筋,麻辣面筋",电商-卫龙,435.0,7.2,25.0,45.5,2.0,卫龙辣条大面筋,卫龙辣条大面筋，辣条，大面筋，麻辣面筋,其他,其他,电商-卫龙,100g,100,g,,,,未明确,,,原始数据库（来源待追溯）,原始导入,未提供,2026-06-25,中,否,否,是,EXT1750,待来源追溯,原始数据保留；新增结构字段为规则化整理结果。,,435,
EXT1751,卫龙亲嘴烧,"亲嘴烧,辣片,豆皮辣条",电商-卫龙,414.0,7.0,22.0,47.0,2.0,卫龙亲嘴烧,卫龙亲嘴烧，亲嘴烧，辣片，豆皮辣条,其他,其他,电商-卫龙,100g,100,g,,,,未明确,烧,,原始数据库（来源待追溯）,原始导入,未提供,2026-06-25,中,否,否,是,EXT1751,待来源追溯,原始数据保留；新增结构字段为规则化整理结果。,,414,
EXT1752,卫龙海带,"海带,香辣海带片",电商-卫龙,94.0,2.0,6.0,8.0,6.0,卫龙海带,卫龙海带，海带，香辣海带片,菌藻类,藻类,电商-卫龙,100g,100,g,,,,未明确,,,原始数据库（来源待追溯）,原始导入,未提供,2026-06-25,中,否,否,是,EXT1752,待来源追溯,原始数据保留；新增结构字段为规则化整理结果。,,94,
EXT1753,卫龙小面筋,"小面筋,麻辣小面筋",电商-卫龙,422.0,7.5,24.0,44.0,2.0,卫龙小面筋,卫龙小面筋，小面筋，麻辣小面筋,其他,其他,电商-卫龙,100g,100,g,,,,未明确,,,原始数据库（来源待追溯）,原始导入,未提供,2026-06-25,中,否,否,是,EXT1753,待来源追溯,原始数据保留；新增结构字段为规则化整理结果。,,422,
EXT1754,百草味泡椒脆笋,"泡椒脆笋,泡椒竹笋",电商-百草味,35.0,1.3,0.0,7.3,2.0,百草味泡椒脆笋,百草味泡椒脆笋，泡椒脆笋，泡椒竹笋,其他,其他,电商-百草味,100g,100,g,,,,未明确,,,原始数据库（来源待追溯）,原始导入,未提供,2026-06-25,中,否,否,是,EXT1754,待来源追溯,原始数据保留；新增结构字段为规则化整理结果。,,35,
EXT1755,百草味山楂卷,"山楂卷,果丹皮",电商-百草味,316.0,0.5,0.2,78.0,3.0,百草味山楂卷,百草味山楂卷，山楂卷，果丹皮,其他,其他,电商-百草味,100g,100,g,,,,未明确,,,原始数据库（来源待追溯）,原始导入,未提供,2026-06-25,中,否,否,是,EXT1755,待来源追溯,原始数据保留；新增结构字段为规则化整理结果。,,316,
EXT1756,百草味牛肉粒,"牛肉粒,五香牛肉粒",电商-百草味,263.0,40.0,6.5,11.0,0.0,百草味牛肉粒,百草味牛肉粒，牛肉粒，五香牛肉粒,畜肉,牛肉及制品,电商-百草味,100g,100,g,,,,未明确,,,原始数据库（来源待追溯）,原始导入,未提供,2026-06-25,中,否,否,是,EXT1756,待来源追溯,原始数据保留；新增结构字段为规则化整理结果。,,263,生熟状态未明确
EXT1757,百草味川香狼牙土豆,"狼牙土豆,香辣土豆条",电商-百草味,344.0,3.0,20.0,38.0,3.0,百草味川香狼牙土豆,百草味川香狼牙土豆，狼牙土豆，香辣土豆条,其他,其他,电商-百草味,100g,100,g,,,,未明确,,,原始数据库（来源待追溯）,原始导入,未提供,2026-06-25,中,否,否,是,EXT1757,待来源追溯,原始数据保留；新增结构字段为规则化整理结果。,,344,
EXT1758,旺旺小小酥,"小小酥,米果,膨化食品",电商-旺旺,494.0,6.0,30.0,50.0,1.0,旺旺小小酥,旺旺小小酥，小小酥，米果，膨化食品,其他,其他,电商-旺旺,100g,100,g,,,,未明确,,,原始数据库（来源待追溯）,原始导入,未提供,2026-06-25,中,否,否,是,EXT1758,待来源追溯,原始数据保留；新增结构字段为规则化整理结果。,,494,
EXT1759,旺旺浪味仙,"浪味仙,蔬菜味膨化",电商-旺旺,492.0,4.0,28.0,56.0,1.5,旺旺浪味仙,旺旺浪味仙，浪味仙，蔬菜味膨化,其他,其他,电商-旺旺,100g,100,g,,,,未明确,,,原始数据库（来源待追溯）,原始导入,未提供,2026-06-25,中,否,否,是,EXT1759,待来源追溯,原始数据保留；新增结构字段为规则化整理结果。,,492,
EXT1760,旺仔小馒头,"小馒头,蛋奶饼干",电商-旺旺,382.0,5.5,8.0,72.0,0.5,旺仔小馒头,旺仔小馒头，小馒头，蛋奶饼干,谷薯及主食,面食及面点,电商-旺旺,100g,100,g,,,,未明确,,,原始数据库（来源待追溯）,原始导入,未提供,2026-06-25,中,否,否,是,EXT1760,待来源追溯,原始数据保留；新增结构字段为规则化整理结果。,,382,生熟状态未明确
EXT1761,旺旺大米饼,"大米饼,原味米饼",电商-旺旺,451.0,5.0,19.0,65.0,0.5,旺旺大米饼,旺旺大米饼，大米饼，原味米饼,其他,其他,电商-旺旺,100g,100,g,,,,未明确,,,原始数据库（来源待追溯）,原始导入,未提供,2026-06-25,中,否,否,是,EXT1761,待来源追溯,原始数据保留；新增结构字段为规则化整理结果。,,451,
EXT1762,奥利奥原味夹心饼干,"奥利奥,夹心饼干,巧克力饼干",电商-奥利奥,484.0,4.8,21.1,67.8,0.0,奥利奥原味夹心饼干,奥利奥原味夹心饼干，奥利奥，夹心饼干，巧克力饼干,零食甜品,零食糖果,电商-奥利奥,100g,100,g,,,,未明确,,,原始数据库（来源待追溯）,原始导入,未提供,2026-06-25,中,否,否,是,EXT1762,待来源追溯,原始数据保留；新增结构字段为规则化整理结果。,,484,
EXT1763,奥利奥0糖夹心饼干,"零糖奥利奥,无糖饼干",电商-奥利奥,431.0,5.4,21.2,61.8,0.0,奥利奥0糖夹心饼干,奥利奥0糖夹心饼干，零糖奥利奥，无糖饼干,零食甜品,零食糖果,电商-奥利奥,100g,100,g,,,,未明确,,,原始数据库（来源待追溯）,原始导入,未提供,2026-06-25,中,否,否,是,EXT1763,待来源追溯,原始数据保留；新增结构字段为规则化整理结果。,,431,
EXT1764,奥利奥夹心云朵蛋糕,"云朵蛋糕,奥利奥蛋糕",电商-奥利奥,449.0,4.8,23.4,54.8,0.0,奥利奥夹心云朵蛋糕,奥利奥夹心云朵蛋糕，云朵蛋糕，奥利奥蛋糕,其他,其他,电商-奥利奥,100g,100,g,,,,未明确,,,原始数据库（来源待追溯）,原始导入,未提供,2026-06-25,中,否,否,是,EXT1764,待来源追溯,原始数据保留；新增结构字段为规则化整理结果。,,449,
EXT1765,好丽友薯愿,"薯愿,烤薯片",电商-好丽友,500.0,4.6,24.8,64.6,0.0,好丽友薯愿,好丽友薯愿，薯愿，烤薯片,其他,其他,电商-好丽友,100g,100,g,,,,未明确,,,原始数据库（来源待追溯）,原始导入,未提供,2026-06-25,中,否,否,是,EXT1765,待来源追溯,原始数据保留；新增结构字段为规则化整理结果。,,500,
EXT1766,好丽友好友趣,"好友趣,薯片",电商-好丽友,544.0,6.3,32.4,57.0,0.0,好丽友好友趣,好丽友好友趣，好友趣，薯片,其他,其他,电商-好丽友,100g,100,g,,,,未明确,,,原始数据库（来源待追溯）,原始导入,未提供,2026-06-25,中,否,否,是,EXT1766,待来源追溯,原始数据保留；新增结构字段为规则化整理结果。,,544,
EXT1767,好丽友蛋黄派,"蛋黄派,夹心蛋糕",电商-好丽友,443.0,5.7,26.1,46.1,0.0,好丽友蛋黄派,好丽友蛋黄派，蛋黄派，夹心蛋糕,其他,其他,电商-好丽友,100g,100,g,,,,未明确,,,原始数据库（来源待追溯）,原始导入,未提供,2026-06-25,中,否,否,是,EXT1767,待来源追溯,原始数据保留；新增结构字段为规则化整理结果。,,443,
EXT1768,好丽友呀土豆,"呀土豆,空心薯条",电商-好丽友,535.0,3.7,30.8,61.0,0.0,好丽友呀土豆,好丽友呀土豆，呀土豆，空心薯条,其他,其他,电商-好丽友,100g,100,g,,,,未明确,,,原始数据库（来源待追溯）,原始导入,未提供,2026-06-25,中,否,否,是,EXT1768,待来源追溯,原始数据保留；新增结构字段为规则化整理结果。,,535,
EXT1769,好丽友Q蒂,"Q蒂,巧克力涂层蛋糕",电商-好丽友,471.0,5.7,27.5,51.1,0.0,好丽友Q蒂,好丽友Q蒂，Q蒂，巧克力涂层蛋糕,其他,其他,电商-好丽友,100g,100,g,,,,未明确,,,原始数据库（来源待追溯）,原始导入,未提供,2026-06-25,中,否,否,是,EXT1769,待来源追溯,原始数据保留；新增结构字段为规则化整理结果。,,471,
EXT1770,康师傅红烧牛肉面,"方便面,红烧牛肉味",方便面-康师傅,483.0,7.4,26.4,54.1,0.0,康师傅红烧牛肉面,康师傅红烧牛肉面，方便面，红烧牛肉味,畜肉,牛肉及制品,方便面-康师傅,100g,100,g,,,,未明确,烧,,原始数据库（来源待追溯）,原始导入,未提供,2026-06-25,中,否,否,是,EXT1770,待来源追溯,原始数据保留；新增结构字段为规则化整理结果。,,483,生熟状态未明确
EXT1771,康师傅香辣牛肉面,"方便面,香辣牛肉味",方便面-康师傅,482.0,7.1,27.1,52.6,0.0,康师傅香辣牛肉面,康师傅香辣牛肉面，方便面，香辣牛肉味,畜肉,牛肉及制品,方便面-康师傅,100g,100,g,,,,未明确,,,原始数据库（来源待追溯）,原始导入,未提供,2026-06-25,中,否,否,是,EXT1771,待来源追溯,原始数据保留；新增结构字段为规则化整理结果。,,482,生熟状态未明确
EXT1772,康师傅老坛酸菜牛肉面,"方便面,老坛酸菜味",方便面-康师傅,480.0,7.5,26.8,52.1,0.0,康师傅老坛酸菜牛肉面,康师傅老坛酸菜牛肉面，方便面，老坛酸菜味,畜肉,牛肉及制品,方便面-康师傅,100g,100,g,,,,未明确,,,原始数据库（来源待追溯）,原始导入,未提供,2026-06-25,中,否,否,是,EXT1772,待来源追溯,原始数据保留；新增结构字段为规则化整理结果。,,480,生熟状态未明确
EXT1773,康师傅鲜虾鱼板面,"方便面,鲜虾鱼板味",方便面-康师傅,469.0,8.2,24.5,54.0,0.0,康师傅鲜虾鱼板面,康师傅鲜虾鱼板面，方便面，鲜虾鱼板味,其他,其他,方便面-康师傅,100g,100,g,,,,生/鲜,,,原始数据库（来源待追溯）,原始导入,未提供,2026-06-25,中,否,否,是,EXT1773,待来源追溯,原始数据保留；新增结构字段为规则化整理结果。,,469,
EXT1774,康师傅泡椒牛肉面,"方便面,泡椒牛肉味",方便面-康师傅,477.0,8.8,19.0,67.1,0.0,康师傅泡椒牛肉面,康师傅泡椒牛肉面，方便面，泡椒牛肉味,畜肉,牛肉及制品,方便面-康师傅,100g,100,g,,,,未明确,,,原始数据库（来源待追溯）,原始导入,未提供,2026-06-25,中,否,否,是,EXT1774,待来源追溯,原始数据保留；新增结构字段为规则化整理结果。,,477,生熟状态未明确
EXT1775,康师傅番茄鸡蛋牛肉面,"方便面,番茄鸡蛋味",方便面-康师傅,442.0,7.1,22.8,52.1,0.0,康师傅番茄鸡蛋牛肉面,康师傅番茄鸡蛋牛肉面，方便面，番茄鸡蛋味,蛋类,其他,方便面-康师傅,100g,100,g,,,,未明确,,,原始数据库（来源待追溯）,原始导入,未提供,2026-06-25,中,否,否,是,EXT1775,待来源追溯,原始数据保留；新增结构字段为规则化整理结果。,,442,生熟状态未明确
EXT1776,康师傅酸辣牛肉面,"方便面,酸辣牛肉味",方便面-康师傅,474.0,7.0,26.0,53.0,0.0,康师傅酸辣牛肉面,康师傅酸辣牛肉面，方便面，酸辣牛肉味,畜肉,牛肉及制品,方便面-康师傅,100g,100,g,,,,未明确,,,原始数据库（来源待追溯）,原始导入,未提供,2026-06-25,中,否,否,是,EXT1776,待来源追溯,原始数据保留；新增结构字段为规则化整理结果。,,474,生熟状态未明确
EXT1777,统一老坛酸菜牛肉面,"方便面,老坛酸菜味",方便面-统一,411.0,6.6,20.1,50.7,0.0,统一老坛酸菜牛肉面,统一老坛酸菜牛肉面，方便面，老坛酸菜味,畜肉,牛肉及制品,方便面-统一,100g,100,g,,,,未明确,,,原始数据库（来源待追溯）,原始导入,未提供,2026-06-25,中,否,否,是,EXT1777,待来源追溯,原始数据保留；新增结构字段为规则化整理结果。,,411,生熟状态未明确
EXT1778,统一汤达人日式豚骨面,"汤达人,豚骨拉面",方便面-统一,432.0,8.0,22.0,49.4,0.0,统一汤达人日式豚骨面,统一汤达人日式豚骨面，汤达人，豚骨拉面,其他,其他,方便面-统一,100g,100,g,,,,未明确,,,原始数据库（来源待追溯）,原始导入,未提供,2026-06-25,低,是,是,是,EXT1778,待来源追溯,原始数据保留；新增结构字段为规则化整理结果。,,432,
EXT1779,统一茄皇番茄牛肉面,"茄皇,番茄牛肉面",方便面-统一,418.0,8.5,20.9,48.8,0.0,统一茄皇番茄牛肉面,统一茄皇番茄牛肉面，茄皇，番茄牛肉面,畜肉,牛肉及制品,方便面-统一,100g,100,g,,,,未明确,,,原始数据库（来源待追溯）,原始导入,未提供,2026-06-25,中,否,否,是,EXT1779,待来源追溯,原始数据保留；新增结构字段为规则化整理结果。,,418,生熟状态未明确
EXT1780,统一藤椒牛肉面,"方便面,藤椒味",方便面-统一,463.0,6.5,28.1,45.3,0.0,统一藤椒牛肉面,统一藤椒牛肉面，方便面，藤椒味,畜肉,牛肉及制品,方便面-统一,100g,100,g,,,,未明确,,,原始数据库（来源待追溯）,原始导入,未提供,2026-06-25,中,否,否,是,EXT1780,待来源追溯,原始数据保留；新增结构字段为规则化整理结果。,,463,生熟状态未明确
EXT1781,统一红烧牛肉面,"方便面,红烧牛肉味",方便面-统一,451.0,8.0,22.8,53.4,0.0,统一红烧牛肉面,统一红烧牛肉面，方便面，红烧牛肉味,畜肉,牛肉及制品,方便面-统一,100g,100,g,,,,未明确,烧,,原始数据库（来源待追溯）,原始导入,未提供,2026-06-25,中,否,否,是,EXT1781,待来源追溯,原始数据保留；新增结构字段为规则化整理结果。,,451,生熟状态未明确
EXT1782,统一炸酱面,"炸酱面,老北京炸酱面",方便面-统一,450.0,10.6,20.6,55.4,0.0,统一炸酱面,统一炸酱面，炸酱面，老北京炸酱面,其他,其他,方便面-统一,100g,100,g,,,,未明确,炸,,原始数据库（来源待追溯）,原始导入,未提供,2026-06-25,中,否,否,是,EXT1782,待来源追溯,原始数据保留；新增结构字段为规则化整理结果。,,450,
EXT1783,乐事薯片意大利红烩味,"薯片,红烩味",电商-乐事,506.0,6.0,30.0,53.0,2.0,乐事薯片意大利红烩味,乐事薯片意大利红烩味，薯片，红烩味,其他,其他,电商-乐事,100g,100,g,,,,未明确,,,原始数据库（来源待追溯）,原始导入,未提供,2026-06-25,中,否,否,是,EXT1783,待来源追溯,原始数据保留；新增结构字段为规则化整理结果。,,506,
EXT1784,乐事薯片黄瓜味,"薯片,黄瓜味",电商-乐事,516.0,4.0,32.0,53.0,2.0,乐事薯片黄瓜味,乐事薯片黄瓜味，薯片，黄瓜味,其他,其他,电商-乐事,100g,100,g,,,,未明确,,,原始数据库（来源待追溯）,原始导入,未提供,2026-06-25,中,否,否,是,EXT1784,待来源追溯,原始数据保留；新增结构字段为规则化整理结果。,,516,
EXT1785,乐事薯片青柠味,"薯片,青柠味",电商-乐事,515.0,4.0,31.0,55.0,2.0,乐事薯片青柠味,乐事薯片青柠味，薯片，青柠味,其他,其他,电商-乐事,100g,100,g,,,,未明确,,,原始数据库（来源待追溯）,原始导入,未提供,2026-06-25,中,否,否,是,EXT1785,待来源追溯,原始数据保留；新增结构字段为规则化整理结果。,,515,
EXT1786,乐事薯片番茄味,"薯片,番茄味",电商-乐事,514.0,4.5,32.0,52.0,2.0,乐事薯片番茄味,乐事薯片番茄味，薯片，番茄味,其他,其他,电商-乐事,100g,100,g,,,,未明确,,,原始数据库（来源待追溯）,原始导入,未提供,2026-06-25,中,否,否,是,EXT1786,待来源追溯,原始数据保留；新增结构字段为规则化整理结果。,,514,
EXT1787,乐事大波浪薯片,"大波浪薯片,厚切薯片",电商-乐事,532.0,4.5,34.0,52.0,2.5,乐事大波浪薯片,乐事大波浪薯片，大波浪薯片，厚切薯片,其他,其他,电商-乐事,100g,100,g,,,,未明确,,,原始数据库（来源待追溯）,原始导入,未提供,2026-06-25,中,否,否,是,EXT1787,待来源追溯,原始数据保留；新增结构字段为规则化整理结果。,,532,
EXT1788,自嗨锅菌菇牛肉煲仔饭,"自热米饭,菌菇牛肉饭",方便速食-自嗨锅,216.0,4.0,7.6,32.5,1.5,自嗨锅菌菇牛肉煲仔饭,自嗨锅菌菇牛肉煲仔饭，自热米饭，菌菇牛肉饭,畜肉,牛肉及制品,方便速食-自嗨锅,100g,100,g,,,,未明确,,,原始数据库（来源待追溯）,原始导入,未提供,2026-06-25,中,否,否,是,EXT1788,待来源追溯,原始数据保留；新增结构字段为规则化整理结果。,,216,生熟状态未明确
EXT1789,自嗨锅广式香肠煲仔饭,"自热米饭,香肠煲仔饭",方便速食-自嗨锅,213.0,5.1,5.5,35.4,1.5,自嗨锅广式香肠煲仔饭,自嗨锅广式香肠煲仔饭，自热米饭，香肠煲仔饭,其他,其他,方便速食-自嗨锅,100g,100,g,,,,未明确,,,原始数据库（来源待追溯）,原始导入,未提供,2026-06-25,中,否,否,是,EXT1789,待来源追溯,原始数据保留；新增结构字段为规则化整理结果。,,213,
EXT1790,自嗨锅麻辣牛肉自热火锅,"自热火锅,麻辣牛肉锅",方便速食-自嗨锅,270.0,12.0,18.0,15.0,3.0,自嗨锅麻辣牛肉自热火锅,自嗨锅麻辣牛肉自热火锅，自热火锅，麻辣牛肉锅,餐饮菜品,中式热菜及其他餐饮,方便速食-自嗨锅,100g,100,g,,,,未明确,,,原始数据库（来源待追溯）,原始导入,未提供,2026-06-25,低,是,是,是,EXT1790,待来源追溯,原始数据保留；新增结构字段为规则化整理结果。,,270,
EXT1791,螺霸王螺蛳粉,"螺蛳粉,柳州螺蛳粉",方便速食-螺蛳粉,263.0,4.0,11.0,36.8,1.0,螺霸王螺蛳粉,螺霸王螺蛳粉，螺蛳粉，柳州螺蛳粉,其他,其他,方便速食-螺蛳粉,100g,100,g,,,,未明确,,,原始数据库（来源待追溯）,原始导入,未提供,2026-06-25,中,否,否,是,EXT1791,待来源追溯,原始数据保留；新增结构字段为规则化整理结果。,,263,
EXT1792,李子柒螺蛳粉,"螺蛳粉,柳州螺蛳粉",方便速食-螺蛳粉,293.0,5.6,14.5,34.9,1.0,李子柒螺蛳粉,李子柒螺蛳粉，螺蛳粉，柳州螺蛳粉,其他,其他,方便速食-螺蛳粉,100g,100,g,,,,未明确,,,原始数据库（来源待追溯）,原始导入,未提供,2026-06-25,中,否,否,是,EXT1792,待来源追溯,原始数据保留；新增结构字段为规则化整理结果。,,293,
EXT1793,好欢螺螺蛳粉,"螺蛳粉,柳州螺蛳粉",方便速食-螺蛳粉,188.0,3.8,6.6,25.2,1.0,好欢螺螺蛳粉,好欢螺螺蛳粉，螺蛳粉，柳州螺蛳粉,其他,其他,方便速食-螺蛳粉,100g,100,g,,,,未明确,,,原始数据库（来源待追溯）,原始导入,未提供,2026-06-25,中,否,否,是,EXT1793,待来源追溯,原始数据保留；新增结构字段为规则化整理结果。,,188,
EXT1794,嘻螺会螺蛳粉,"螺蛳粉,柳州螺蛳粉",方便速食-螺蛳粉,291.0,4.6,10.6,43.9,1.0,嘻螺会螺蛳粉,嘻螺会螺蛳粉，螺蛳粉，柳州螺蛳粉,其他,其他,方便速食-螺蛳粉,100g,100,g,,,,未明确,,,原始数据库（来源待追溯）,原始导入,未提供,2026-06-25,中,否,否,是,EXT1794,待来源追溯,原始数据保留；新增结构字段为规则化整理结果。,,291,
EXT1795,来伊份螺蛳粉,"螺蛳粉,柳州螺蛳粉",方便速食-螺蛳粉,281.0,4.5,10.1,42.7,1.0,来伊份螺蛳粉,来伊份螺蛳粉，螺蛳粉，柳州螺蛳粉,其他,其他,方便速食-螺蛳粉,100g,100,g,,,,未明确,,,原始数据库（来源待追溯）,原始导入,未提供,2026-06-25,中,否,否,是,EXT1795,待来源追溯,原始数据保留；新增结构字段为规则化整理结果。,,281,
EXT1796,麻六记酸辣粉,"酸辣粉,红薯酸辣粉",方便速食-酸辣粉,192.0,3.1,5.5,32.1,1.0,麻六记酸辣粉,麻六记酸辣粉，酸辣粉，红薯酸辣粉,其他,其他,方便速食-酸辣粉,100g,100,g,,,,未明确,,,原始数据库（来源待追溯）,原始导入,未提供,2026-06-25,中,否,否,是,EXT1796,待来源追溯,原始数据保留；新增结构字段为规则化整理结果。,,192,
EXT1797,白象酸辣粉,"酸辣粉,红薯酸辣粉",方便速食-酸辣粉,342.0,5.0,11.6,53.9,1.0,白象酸辣粉,白象酸辣粉，酸辣粉，红薯酸辣粉,其他,其他,方便速食-酸辣粉,100g,100,g,,,,未明确,,,原始数据库（来源待追溯）,原始导入,未提供,2026-06-25,中,否,否,是,EXT1797,待来源追溯,原始数据保留；新增结构字段为规则化整理结果。,,342,
EXT1798,嗨吃家酸辣粉,"酸辣粉,红薯酸辣粉",方便速食-酸辣粉,317.0,4.8,24.4,20.2,1.0,嗨吃家酸辣粉,嗨吃家酸辣粉，酸辣粉，红薯酸辣粉,其他,其他,方便速食-酸辣粉,100g,100,g,,,,未明确,,,原始数据库（来源待追溯）,原始导入,未提供,2026-06-25,中,否,否,是,EXT1798,待来源追溯,原始数据保留；新增结构字段为规则化整理结果。,,317,
EXT1799,白家酸辣粉,"酸辣粉,红薯酸辣粉",方便速食-酸辣粉,376.0,4.1,12.5,61.2,1.0,白家酸辣粉,白家酸辣粉，酸辣粉，红薯酸辣粉,其他,其他,方便速食-酸辣粉,100g,100,g,,,,未明确,,,原始数据库（来源待追溯）,原始导入,未提供,2026-06-25,中,否,否,是,EXT1799,待来源追溯,原始数据保留；新增结构字段为规则化整理结果。,,376,
EXT1800,伊利纯牛奶,"纯牛奶,鲜牛奶,全脂牛奶",乳制品-伊利,68.0,3.2,4.0,4.8,0.0,伊利纯牛奶,伊利纯牛奶，纯牛奶，鲜牛奶，全脂牛奶,奶及乳制品,液态乳及其他乳制品,乳制品-伊利,100g,100,g,,,,未明确,,,原始数据库（来源待追溯）,原始导入,未提供,2026-06-25,中,否,否,是,EXT1800,待来源追溯,原始数据保留；新增结构字段为规则化整理结果。,,68,
EXT1801,伊利脱脂纯牛奶,"脱脂牛奶,零脂肪牛奶",乳制品-伊利,37.0,3.2,0.0,5.0,0.0,伊利脱脂纯牛奶,伊利脱脂纯牛奶，脱脂牛奶，零脂肪牛奶,奶及乳制品,液态乳及其他乳制品,乳制品-伊利,100g,100,g,,,,未明确,,,原始数据库（来源待追溯）,原始导入,未提供,2026-06-25,中,否,否,是,EXT1801,待来源追溯,原始数据保留；新增结构字段为规则化整理结果。,,37,
EXT1802,伊利金典纯牛奶,"金典,有机纯牛奶",乳制品-伊利,74.0,3.6,4.4,5.0,0.0,伊利金典纯牛奶,伊利金典纯牛奶，金典，有机纯牛奶,奶及乳制品,液态乳及其他乳制品,乳制品-伊利,100g,100,g,,,,未明确,,,原始数据库（来源待追溯）,原始导入,未提供,2026-06-25,中,否,否,是,EXT1802,待来源追溯,原始数据保留；新增结构字段为规则化整理结果。,,74,
EXT1803,伊利舒化无乳糖低脂牛奶,"舒化奶,无乳糖牛奶",乳制品-伊利,44.0,3.0,1.3,5.0,0.0,伊利舒化无乳糖低脂牛奶,伊利舒化无乳糖低脂牛奶，舒化奶，无乳糖牛奶,奶及乳制品,液态乳及其他乳制品,乳制品-伊利,100g,100,g,,,,未明确,,,原始数据库（来源待追溯）,原始导入,未提供,2026-06-25,中,否,否,是,EXT1803,待来源追溯,原始数据保留；新增结构字段为规则化整理结果。,,44,
EXT1804,伊利优酸乳,"优酸乳,乳饮料",乳制品-伊利,36.0,1.0,1.3,5.0,0.0,伊利优酸乳,伊利优酸乳，优酸乳，乳饮料,其他,其他,乳制品-伊利,100g,100,g,,,,未明确,,,原始数据库（来源待追溯）,原始导入,未提供,2026-06-25,中,否,否,是,EXT1804,待来源追溯,原始数据保留；新增结构字段为规则化整理结果。,,36,
EXT1805,伊利巧乐兹,"巧乐兹,巧克力脆皮雪糕",乳制品-伊利,302.0,2.9,20.0,27.8,0.0,伊利巧乐兹,伊利巧乐兹，巧乐兹，巧克力脆皮雪糕,其他,其他,乳制品-伊利,100g,100,g,,,,未明确,,,原始数据库（来源待追溯）,原始导入,未提供,2026-06-25,中,否,否,是,EXT1805,待来源追溯,原始数据保留；新增结构字段为规则化整理结果。,,302,
EXT1806,伊利老酸奶,"老酸奶,凝固型酸奶",乳制品-伊利,87.0,3.2,3.8,10.0,0.0,伊利老酸奶,伊利老酸奶，老酸奶，凝固型酸奶,奶及乳制品,发酵乳,乳制品-伊利,100g,100,g,,,,未明确,,,原始数据库（来源待追溯）,原始导入,未提供,2026-06-25,中,否,否,是,EXT1806,待来源追溯,原始数据保留；新增结构字段为规则化整理结果。,,87,
EXT1807,蒙牛纯牛奶,"纯牛奶,鲜牛奶",乳制品-蒙牛,68.0,3.2,4.0,4.8,0.0,蒙牛纯牛奶,蒙牛纯牛奶，纯牛奶，鲜牛奶,奶及乳制品,液态乳及其他乳制品,乳制品-蒙牛,100g,100,g,,,,未明确,,,原始数据库（来源待追溯）,原始导入,未提供,2026-06-25,中,否,否,是,EXT1807,待来源追溯,原始数据保留；新增结构字段为规则化整理结果。,,68,
EXT1808,蒙牛脱脂纯牛奶,脱脂牛奶,乳制品-蒙牛,33.0,3.2,0.0,5.0,0.0,蒙牛脱脂纯牛奶,蒙牛脱脂纯牛奶，脱脂牛奶,奶及乳制品,液态乳及其他乳制品,乳制品-蒙牛,100g,100,g,,,,未明确,,,原始数据库（来源待追溯）,原始导入,未提供,2026-06-25,中,否,否,是,EXT1808,待来源追溯,原始数据保留；新增结构字段为规则化整理结果。,,33,
EXT1809,蒙牛原味酸牛奶,"酸牛奶,风味发酵乳",乳制品-蒙牛,75.0,2.5,3.1,9.3,0.0,蒙牛原味酸牛奶,蒙牛原味酸牛奶，酸牛奶，风味发酵乳,奶及乳制品,液态乳及其他乳制品,乳制品-蒙牛,100g,100,g,,,,未明确,,,原始数据库（来源待追溯）,原始导入,未提供,2026-06-25,中,否,否,是,EXT1809,待来源追溯,原始数据保留；新增结构字段为规则化整理结果。,,75,
EXT1810,蒙牛0蔗糖酸奶,"零蔗糖酸奶,无糖酸奶",乳制品-蒙牛,65.0,2.9,3.4,5.8,0.0,蒙牛0蔗糖酸奶,蒙牛0蔗糖酸奶，零蔗糖酸奶，无糖酸奶,奶及乳制品,发酵乳,乳制品-蒙牛,100g,100,g,,,,未明确,,,原始数据库（来源待追溯）,原始导入,未提供,2026-06-25,中,否,否,是,EXT1810,待来源追溯,原始数据保留；新增结构字段为规则化整理结果。,,65,
EXT1811,蒙牛随变雪糕,"随变,巧克力脆皮雪糕",乳制品-蒙牛,279.0,2.3,21.8,18.9,0.0,蒙牛随变雪糕,蒙牛随变雪糕，随变，巧克力脆皮雪糕,其他,其他,乳制品-蒙牛,100g,100,g,,,,未明确,,,原始数据库（来源待追溯）,原始导入,未提供,2026-06-25,中,否,否,是,EXT1811,待来源追溯,原始数据保留；新增结构字段为规则化整理结果。,,279,
EXT1812,蒙牛草莓味酸牛奶,"草莓酸奶,果味酸奶",乳制品-蒙牛,79.0,2.5,2.8,11.0,0.0,蒙牛草莓味酸牛奶,蒙牛草莓味酸牛奶，草莓酸奶，果味酸奶,奶及乳制品,液态乳及其他乳制品,乳制品-蒙牛,100g,100,g,,,,未明确,,,原始数据库（来源待追溯）,原始导入,未提供,2026-06-25,中,否,否,是,EXT1812,待来源追溯,原始数据保留；新增结构字段为规则化整理结果。,,79,
EXT1813,乳清蛋白粉,"蛋白粉,WPC,浓缩乳清蛋白",运动营养-蛋白粉,389.0,80.0,5.0,6.0,0.0,乳清蛋白粉,乳清蛋白粉，蛋白粉，WPC，浓缩乳清蛋白,运动营养,其他,运动营养-蛋白粉,100g,100,g,,,,未明确,,,原始数据库（来源待追溯）,原始导入,未提供,2026-06-25,中,否,否,是,EXT1813,待来源追溯,原始数据保留；新增结构字段为规则化整理结果。,,389,
EXT1814,分离乳清蛋白粉,"ISO蛋白粉,WPI,分离乳清",运动营养-蛋白粉,356.0,83.0,1.0,2.5,0.0,分离乳清蛋白粉,分离乳清蛋白粉，ISO蛋白粉，WPI，分离乳清,运动营养,其他,运动营养-蛋白粉,100g,100,g,,,,未明确,,,原始数据库（来源待追溯）,原始导入,未提供,2026-06-25,中,否,否,是,EXT1814,待来源追溯,原始数据保留；新增结构字段为规则化整理结果。,,356,
EXT1815,Maxine蛋白棒,"蛋白棒,女性蛋白棒",运动营养-蛋白棒,308.0,36.8,8.7,8.9,2.0,Maxine蛋白棒,Maxine蛋白棒，蛋白棒，女性蛋白棒,运动营养,其他,运动营养-蛋白棒,100g,100,g,,,,未明确,,,原始数据库（来源待追溯）,原始导入,未提供,2026-06-25,中,否,否,是,EXT1815,待来源追溯,原始数据保留；新增结构字段为规则化整理结果。,,308,
EXT1816,士力架蛋白棒,"蛋白棒,能量蛋白棒",运动营养-蛋白棒,483.0,30.6,25.4,30.9,2.0,士力架蛋白棒,士力架蛋白棒，蛋白棒，能量蛋白棒,运动营养,其他,运动营养-蛋白棒,100g,100,g,,,,未明确,,,原始数据库（来源待追溯）,原始导入,未提供,2026-06-25,中,否,否,是,EXT1816,待来源追溯,原始数据保留；新增结构字段为规则化整理结果。,,483,
EXT1817,肌酸粉,"肌酸,一水肌酸,纯肌酸",运动营养-补剂,0.0,0.0,0.0,0.0,0.0,肌酸粉,肌酸粉，肌酸，一水肌酸，纯肌酸,运动营养,其他,运动营养-补剂,100g,100,g,,,,未明确,,,原始数据库（来源待追溯）,原始导入,未提供,2026-06-25,中,否,否,是,EXT1817,待来源追溯,原始数据保留；新增结构字段为规则化整理结果。,,0,
EXT1818,七年五季即食鸡胸肉,"即食鸡胸肉,低脂鸡胸肉",方便速食-即食鸡胸肉,149.0,32.0,2.2,0.0,0.0,七年五季即食鸡胸肉,七年五季即食鸡胸肉，即食鸡胸肉，低脂鸡胸肉,其他,其他,方便速食-即食鸡胸肉,100g,100,g,,,,未明确,,,原始数据库（来源待追溯）,原始导入,未提供,2026-06-25,中,否,否,是,EXT1818,待来源追溯,原始数据保留；新增结构字段为规则化整理结果。,,149,
EXT1819,KEEP即食鸡胸肉,"即食鸡胸肉,低脂鸡胸肉",方便速食-即食鸡胸肉,138.0,31.0,1.4,0.0,0.0,KEEP即食鸡胸肉,KEEP即食鸡胸肉，即食鸡胸肉，低脂鸡胸肉,其他,其他,方便速食-即食鸡胸肉,100g,100,g,,,,未明确,,,原始数据库（来源待追溯）,原始导入,未提供,2026-06-25,中,否,否,是,EXT1819,待来源追溯,原始数据保留；新增结构字段为规则化整理结果。,,138,
EXT1820,肌肉小王子即食鸡胸肉,"即食鸡胸肉,低脂鸡胸肉",方便速食-即食鸡胸肉,131.0,26.8,1.6,2.0,0.0,肌肉小王子即食鸡胸肉,肌肉小王子即食鸡胸肉，即食鸡胸肉，低脂鸡胸肉,其他,其他,方便速食-即食鸡胸肉,100g,100,g,,,,未明确,,,原始数据库（来源待追溯）,原始导入,未提供,2026-06-25,中,否,否,是,EXT1820,待来源追溯,原始数据保留；新增结构字段为规则化整理结果。,,131,
EXT1821,优追麦克斯即食鸡胸肉,"即食鸡胸肉,低脂鸡胸肉",方便速食-即食鸡胸肉,157.0,31.5,2.5,1.7,0.0,优追麦克斯即食鸡胸肉,优追麦克斯即食鸡胸肉，即食鸡胸肉，低脂鸡胸肉,其他,其他,方便速食-即食鸡胸肉,100g,100,g,,,,未明确,,,原始数据库（来源待追溯）,原始导入,未提供,2026-06-25,中,否,否,是,EXT1821,待来源追溯,原始数据保留；新增结构字段为规则化整理结果。,,157,
EXT1822,稀遇希腊酸奶,"希腊酸奶,脱脂希腊酸奶",乳制品-希腊酸奶,57.0,10.0,0.0,4.0,0.0,稀遇希腊酸奶,稀遇希腊酸奶，希腊酸奶，脱脂希腊酸奶,奶及乳制品,发酵乳,乳制品-希腊酸奶,100g,100,g,,,,未明确,,,原始数据库（来源待追溯）,原始导入,未提供,2026-06-25,中,否,否,是,EXT1822,待来源追溯,原始数据保留；新增结构字段为规则化整理结果。,,57,
EXT1823,形动力希腊酸奶,"希腊酸奶,高蛋白酸奶",乳制品-希腊酸奶,84.0,8.5,3.5,4.5,0.0,形动力希腊酸奶,形动力希腊酸奶，希腊酸奶，高蛋白酸奶,奶及乳制品,发酵乳,乳制品-希腊酸奶,100g,100,g,,,,未明确,,,原始数据库（来源待追溯）,原始导入,未提供,2026-06-25,中,否,否,是,EXT1823,待来源追溯,原始数据保留；新增结构字段为规则化整理结果。,,84,
EXT1824,乐纯希腊酸奶,"希腊酸奶,零脂肪酸奶",乳制品-希腊酸奶,57.0,9.0,0.0,5.0,0.0,乐纯希腊酸奶,乐纯希腊酸奶，希腊酸奶，零脂肪酸奶,奶及乳制品,发酵乳,乳制品-希腊酸奶,100g,100,g,,,,未明确,,,原始数据库（来源待追溯）,原始导入,未提供,2026-06-25,中,否,否,是,EXT1824,待来源追溯,原始数据保留；新增结构字段为规则化整理结果。,,57,
EXT1825,Chobani希腊酸奶,"希腊酸奶,脱脂酸奶",乳制品-希腊酸奶,58.0,9.7,0.2,4.2,0.0,Chobani希腊酸奶,Chobani希腊酸奶，希腊酸奶，脱脂酸奶,奶及乳制品,发酵乳,乳制品-希腊酸奶,100g,100,g,,,,未明确,,,原始数据库（来源待追溯）,原始导入,未提供,2026-06-25,中,否,否,是,EXT1825,待来源追溯,原始数据保留；新增结构字段为规则化整理结果。,,58,
EXT1826,通用希腊酸奶全脂,"全脂希腊酸奶,原味希腊酸奶",乳制品-希腊酸奶,137.0,9.0,9.0,5.0,0.0,通用希腊酸奶全脂,通用希腊酸奶全脂，全脂希腊酸奶，原味希腊酸奶,奶及乳制品,发酵乳,乳制品-希腊酸奶,100g,100,g,,,,未明确,,,原始数据库（来源待追溯）,原始导入,未提供,2026-06-25,中,否,否,是,EXT1826,待来源追溯,原始数据保留；新增结构字段为规则化整理结果。,,137,
EXT1827,碧翠园全麦面包,"全麦面包,无蔗糖全麦",烘焙-全麦面包,254.0,12.1,0.0,47.3,4.0,碧翠园全麦面包,碧翠园全麦面包，全麦面包，无蔗糖全麦,谷薯及主食,面食及面点,烘焙-全麦面包,100g,100,g,,,,未明确,,,原始数据库（来源待追溯）,原始导入,未提供,2026-06-25,中,否,否,是,EXT1827,待来源追溯,原始数据保留；新增结构字段为规则化整理结果。,,254,生熟状态未明确
EXT1828,低卡博士小钢板全麦面包,"全麦面包,粗粮面包",烘焙-全麦面包,189.0,6.9,0.6,38.2,4.0,低卡博士小钢板全麦面包,低卡博士小钢板全麦面包，全麦面包，粗粮面包,谷薯及主食,面食及面点,烘焙-全麦面包,100g,100,g,,,,未明确,,,原始数据库（来源待追溯）,原始导入,未提供,2026-06-25,中,否,否,是,EXT1828,待来源追溯,原始数据保留；新增结构字段为规则化整理结果。,,189,生熟状态未明确
EXT1829,通用全麦面包,"全麦面包,100%全麦",烘焙-全麦面包,246.0,9.7,4.2,46.1,6.0,通用全麦面包,通用全麦面包，全麦面包，100%全麦,谷薯及主食,面食及面点,烘焙-全麦面包,100g,100,g,,,,未明确,,,原始数据库（来源待追溯）,原始导入,未提供,2026-06-25,中,否,否,是,EXT1829,待来源追溯,原始数据保留；新增结构字段为规则化整理结果。,,246,生熟状态未明确
EXT1830,瑞幸烟熏鸡肉贝果三明治,"贝果三明治,鸡肉三明治",快餐-瑞幸,218.0,9.6,5.7,31.6,1.0,瑞幸烟熏鸡肉贝果三明治,瑞幸烟熏鸡肉贝果三明治，贝果三明治，鸡肉三明治,餐饮菜品,快餐及套餐,快餐-瑞幸,100g,100,g,,,,未明确,,,原始数据库（来源待追溯）,原始导入,未提供,2026-06-25,低,是,是,是,EXT1830,待来源追溯,原始数据保留；新增结构字段为规则化整理结果。,,218,
EXT1831,瑞幸双重芝士贝果,"芝士贝果,奶酪贝果",快餐-瑞幸,301.0,11.6,8.3,44.4,1.0,瑞幸双重芝士贝果,瑞幸双重芝士贝果，芝士贝果，奶酪贝果,餐饮菜品,快餐及套餐,快餐-瑞幸,100g,100,g,,,,未明确,,,原始数据库（来源待追溯）,原始导入,未提供,2026-06-25,低,是,是,是,EXT1831,待来源追溯,原始数据保留；新增结构字段为规则化整理结果。,,301,
EXT1832,瑞幸半熟芝士蛋糕,"半熟芝士,芝士蛋糕",快餐-瑞幸,305.0,7.6,21.6,20.4,0.0,瑞幸半熟芝士蛋糕,瑞幸半熟芝士蛋糕，半熟芝士，芝士蛋糕,餐饮菜品,快餐及套餐,快餐-瑞幸,100g,100,g,,,,熟,,,原始数据库（来源待追溯）,原始导入,未提供,2026-06-25,低,是,是,是,EXT1832,待来源追溯,原始数据保留；新增结构字段为规则化整理结果。,,305,
EXT1833,瑞幸提拉米苏风味大福,"大福,提拉米苏大福",快餐-瑞幸,277.0,3.0,12.4,38.3,0.0,瑞幸提拉米苏风味大福,瑞幸提拉米苏风味大福，大福，提拉米苏大福,餐饮菜品,快餐及套餐,快餐-瑞幸,100g,100,g,,,,未明确,,,原始数据库（来源待追溯）,原始导入,未提供,2026-06-25,低,是,是,是,EXT1833,待来源追溯,原始数据保留；新增结构字段为规则化整理结果。,,277,
EXT1834,瑞幸巧克力曲奇,"曲奇饼干,巧克力曲奇",快餐-瑞幸,518.0,6.2,26.3,64.1,0.0,瑞幸巧克力曲奇,瑞幸巧克力曲奇，曲奇饼干，巧克力曲奇,餐饮菜品,快餐及套餐,快餐-瑞幸,100g,100,g,,,,未明确,,,原始数据库（来源待追溯）,原始导入,未提供,2026-06-25,低,是,是,是,EXT1834,待来源追溯,原始数据保留；新增结构字段为规则化整理结果。,,518,
EXT1835,卤肉饭,"卤肉饭,台湾卤肉饭",外卖-盖饭,172.0,5.5,8.0,20.0,0.5,卤肉饭,卤肉饭，台湾卤肉饭,餐饮菜品,快餐及套餐,外卖-盖饭,100g,100,g,,,,未明确,卤,,原始数据库（来源待追溯）,原始导入,未提供,2026-06-25,低,是,是,否,EXT1835,同名冲突待核验,原始数据保留；新增结构字段为规则化整理结果。,,172,
EXT1836,香菇滑鸡饭,"香菇滑鸡,蒸鸡饭",外卖-盖饭,140.0,8.5,4.0,18.0,1.0,香菇滑鸡饭,香菇滑鸡饭，香菇滑鸡，蒸鸡饭,餐饮菜品,快餐及套餐,外卖-盖饭,100g,100,g,,,,未明确,,,原始数据库（来源待追溯）,原始导入,未提供,2026-06-25,低,是,是,是,EXT1836,待来源追溯,原始数据保留；新增结构字段为规则化整理结果。,,140,
EXT1837,豉汁排骨饭,"豉汁排骨,蒸排骨饭",外卖-盖饭,158.0,8.0,7.0,16.0,0.5,豉汁排骨饭,豉汁排骨饭，豉汁排骨，蒸排骨饭,餐饮菜品,快餐及套餐,外卖-盖饭,100g,100,g,,,,未明确,,,原始数据库（来源待追溯）,原始导入,未提供,2026-06-25,低,是,是,是,EXT1837,待来源追溯,原始数据保留；新增结构字段为规则化整理结果。,,158,
EXT1838,叉烧饭,"叉烧,蜜汁叉烧饭",外卖-盖饭,236.0,10.0,12.0,22.0,0.5,叉烧饭,叉烧饭，叉烧，蜜汁叉烧饭,餐饮菜品,快餐及套餐,外卖-盖饭,100g,100,g,,,,未明确,烧,,原始数据库（来源待追溯）,原始导入,未提供,2026-06-25,低,是,是,否,EXT1838,同名冲突待核验,原始数据保留；新增结构字段为规则化整理结果。,,236,
EXT1839,炸酱面,"老北京炸酱面,杂酱面",外卖-面食,220.0,7.0,8.0,30.0,2.0,炸酱面,炸酱面，老北京炸酱面，杂酱面,餐饮菜品,面食,外卖-面食,100g,100,g,,,,未明确,炸,,原始数据库（来源待追溯）,原始导入,未提供,2026-06-25,低,是,是,否,EXT1839,同名冲突待核验,原始数据保留；新增结构字段为规则化整理结果。,,220,
EXT1840,麻辣烫清汤,"麻辣烫,骨汤麻辣烫",外卖-麻辣烫,90.0,6.0,4.0,8.0,2.0,麻辣烫清汤,麻辣烫清汤，麻辣烫，骨汤麻辣烫,餐饮菜品,汤羹,外卖-麻辣烫,100g,100,g,,,,未明确,,,原始数据库（来源待追溯）,原始导入,未提供,2026-06-25,低,是,是,是,EXT1840,待来源追溯,原始数据保留；新增结构字段为规则化整理结果。,,90,
EXT1841,麻辣烫麻辣汤底,"麻辣烫,红油麻辣烫",外卖-麻辣烫,150.0,6.0,10.0,10.0,2.0,麻辣烫麻辣汤底,麻辣烫麻辣汤底，麻辣烫，红油麻辣烫,餐饮菜品,汤羹,外卖-麻辣烫,100g,100,g,,,,未明确,,,原始数据库（来源待追溯）,原始导入,未提供,2026-06-25,低,是,是,是,EXT1841,待来源追溯,原始数据保留；新增结构字段为规则化整理结果。,,150,
EXT1842,冒菜红油,"冒菜,红油冒菜,四川冒菜",外卖-冒菜,206.0,8.0,14.0,12.0,2.0,冒菜红油,冒菜红油，冒菜，红油冒菜，四川冒菜,餐饮菜品,中式热菜及其他餐饮,外卖-冒菜,100g,100,g,,,,未明确,,,原始数据库（来源待追溯）,原始导入,未提供,2026-06-25,低,是,是,是,EXT1842,待来源追溯,原始数据保留；新增结构字段为规则化整理结果。,,206,
EXT1843,水煮肉片,"水煮肉片,川味水煮猪肉",外卖-大菜,168.0,10.0,12.0,5.0,0.5,水煮肉片,水煮肉片，川味水煮猪肉,餐饮菜品,中式热菜及其他餐饮,外卖-大菜,100g,100,g,,,,未明确,煮,,原始数据库（来源待追溯）,原始导入,未提供,2026-06-25,低,是,是,否,EXT1843,同名冲突待核验,原始数据保留；新增结构字段为规则化整理结果。,,168,
EXT1844,鱼香茄子,"鱼香茄子,烧茄子",外卖-川菜,142.0,3.0,10.0,10.0,2.0,鱼香茄子,鱼香茄子，烧茄子,餐饮菜品,中式热菜及其他餐饮,外卖-川菜,100g,100,g,,,,未明确,,,原始数据库（来源待追溯）,原始导入,未提供,2026-06-25,低,是,是,否,EXT1844,同名冲突待核验,原始数据保留；新增结构字段为规则化整理结果。,,142,
EXT1845,沙县蒸饺,"蒸饺,沙县蒸饺,猪肉白菜饺",外卖-沙县,182.0,7.0,6.5,24.0,1.0,沙县蒸饺,沙县蒸饺，蒸饺，猪肉白菜饺,餐饮菜品,中式热菜及其他餐饮,外卖-沙县,100g,100,g,,,,未明确,蒸,,原始数据库（来源待追溯）,原始导入,未提供,2026-06-25,低,是,是,是,EXT1845,待来源追溯,原始数据保留；新增结构字段为规则化整理结果。,,182,
EXT1846,速冻水饺猪肉白菜,"水饺,猪肉白菜水饺,速冻饺子",速冻食品-水饺,200.0,7.0,6.5,27.5,1.0,速冻水饺猪肉白菜,速冻水饺猪肉白菜，水饺，猪肉白菜水饺，速冻饺子,畜肉,猪肉及制品,速冻食品-水饺,100g,100,g,,,,冷冻,,,原始数据库（来源待追溯）,原始导入,未提供,2026-06-25,低,是,是,是,EXT1846,待来源追溯,原始数据保留；新增结构字段为规则化整理结果。,,200,
EXT1847,速冻汤圆黑芝麻,"汤圆,黑芝麻汤圆,元宵",速冻食品-汤圆,274.0,4.0,10.0,42.0,1.0,速冻汤圆黑芝麻,速冻汤圆黑芝麻，汤圆，黑芝麻汤圆，元宵,坚果及种子,坚果,速冻食品-汤圆,100g,100,g,,,,冷冻,,,原始数据库（来源待追溯）,原始导入,未提供,2026-06-25,低,是,是,是,EXT1847,待来源追溯,原始数据保留；新增结构字段为规则化整理结果。,,274,
EXT1848,速冻手抓饼,"手抓饼,葱油饼,冷冻饼皮",速冻食品-饼类,438.0,4.0,30.0,38.0,1.0,速冻手抓饼,速冻手抓饼，手抓饼，葱油饼，冷冻饼皮,预包装食品,加工食品,速冻食品-饼类,100g,100,g,,,,冷冻,,,原始数据库（来源待追溯）,原始导入,未提供,2026-06-25,中,否,否,是,EXT1848,待来源追溯,原始数据保留；新增结构字段为规则化整理结果。,,438,
EXT1849,速冻烤肠,"烤肠,热狗肠,冷冻香肠",速冻食品-肉制品,324.0,12.0,28.0,6.0,0.0,速冻烤肠,速冻烤肠，烤肠，热狗肠，冷冻香肠,预包装食品,加工食品,速冻食品-肉制品,100g,100,g,,,,冷冻,烤,,原始数据库（来源待追溯）,原始导入,未提供,2026-06-25,中,否,否,是,EXT1849,待来源追溯,原始数据保留；新增结构字段为规则化整理结果。,,324,
EXT1850,蜜雪冰城柠檬水,"柠檬水,冰鲜柠檬水",饮品-蜜雪冰城,40.0,0.0,0.0,10.0,0.0,蜜雪冰城柠檬水,蜜雪冰城柠檬水，柠檬水，冰鲜柠檬水,其他,其他,饮品-蜜雪冰城,100g,100,g,,,,未明确,,,原始数据库（来源待追溯）,原始导入,未提供,2026-06-25,中,否,否,是,EXT1850,待来源追溯,原始数据保留；新增结构字段为规则化整理结果。,,40,
EXT1851,蜜雪冰城珍珠奶茶,"珍珠奶茶,波霸奶茶",饮品-蜜雪冰城,107.0,2.0,3.0,18.0,0.0,蜜雪冰城珍珠奶茶,蜜雪冰城珍珠奶茶，珍珠奶茶，波霸奶茶,其他,其他,饮品-蜜雪冰城,100g,100,g,,,,未明确,,,原始数据库（来源待追溯）,原始导入,未提供,2026-06-25,中,否,否,是,EXT1851,待来源追溯,原始数据保留；新增结构字段为规则化整理结果。,,107,
EXT1852,瑞幸生椰拿铁,"生椰拿铁,椰乳咖啡",饮品-瑞幸咖啡,74.0,1.5,4.0,8.0,0.0,瑞幸生椰拿铁,瑞幸生椰拿铁，生椰拿铁，椰乳咖啡,饮料,咖啡,饮品-瑞幸咖啡,100g,100,g,,,,生/鲜,,,原始数据库（来源待追溯）,原始导入,未提供,2026-06-25,中,否,否,是,EXT1852,待来源追溯,原始数据保留；新增结构字段为规则化整理结果。,,74,
EXT1853,瑞幸美式咖啡,"美式咖啡,黑咖啡,冰美式",饮品-瑞幸咖啡,4.0,0.2,0.0,0.5,0.0,瑞幸美式咖啡,瑞幸美式咖啡，美式咖啡，黑咖啡，冰美式,饮料,咖啡,饮品-瑞幸咖啡,100g,100,g,,,,未明确,,,原始数据库（来源待追溯）,原始导入,未提供,2026-06-25,中,否,否,是,EXT1853,待来源追溯,原始数据保留；新增结构字段为规则化整理结果。,,4,
EXT1854,瑞幸拿铁,"拿铁,咖啡拿铁,热拿铁",饮品-瑞幸咖啡,58.0,3.0,2.5,6.0,0.0,瑞幸拿铁,瑞幸拿铁，拿铁，咖啡拿铁，热拿铁,饮料,咖啡,饮品-瑞幸咖啡,100g,100,g,,,,未明确,,,原始数据库（来源待追溯）,原始导入,未提供,2026-06-25,中,否,否,是,EXT1854,待来源追溯,原始数据保留；新增结构字段为规则化整理结果。,,58,
EXT1855,星巴克拿铁,"拿铁,咖啡拿铁",饮品-星巴克,75.0,3.0,3.5,8.0,0.0,星巴克拿铁,星巴克拿铁，拿铁，咖啡拿铁,其他,其他,饮品-星巴克,100g,100,g,,,,未明确,,,原始数据库（来源待追溯）,原始导入,未提供,2026-06-25,中,否,否,是,EXT1855,待来源追溯,原始数据保留；新增结构字段为规则化整理结果。,,75,
EXT1856,星巴克美式咖啡,"美式咖啡,黑咖啡",饮品-星巴克,4.0,0.2,0.0,0.5,0.0,星巴克美式咖啡,星巴克美式咖啡，美式咖啡，黑咖啡,饮料,咖啡,饮品-星巴克,100g,100,g,,,,未明确,,,原始数据库（来源待追溯）,原始导入,未提供,2026-06-25,中,否,否,是,EXT1856,待来源追溯,原始数据保留；新增结构字段为规则化整理结果。,,4,
EXT1857,意面干,"意大利面,意面,通心粉",主食-面条,350.0,12.0,1.5,72.0,3.0,意面干,意面干，意大利面，意面，通心粉,谷薯及主食,面食及面点,主食-面条,100g,100,g,,,,未明确,,,原始数据库（来源待追溯）,原始导入,未提供,2026-06-25,中,否,否,是,EXT1857,待来源追溯,原始数据保留；新增结构字段为规则化整理结果。,,350,生熟状态未明确
EXT1858,鹰嘴豆罐头,"鹰嘴豆,鸡心豆,罐装",豆类-鹰嘴豆,131.0,7.0,2.5,20.0,6.0,鹰嘴豆罐头,鹰嘴豆罐头，鹰嘴豆，鸡心豆，罐装,豆类及豆制品,豆类,豆类-鹰嘴豆,100g,100,g,,,,未明确,,,原始数据库（来源待追溯）,原始导入,未提供,2026-06-25,中,否,否,是,EXT1858,待来源追溯,原始数据保留；新增结构字段为规则化整理结果。,,131,
EXT1859,藜麦干,"藜麦,印加麦,Quinoa",谷物-藜麦,366.0,14.0,6.0,64.0,7.0,藜麦干,藜麦干，藜麦，印加麦，Quinoa,其他,其他,谷物-藜麦,100g,100,g,,,,未明确,,,原始数据库（来源待追溯）,原始导入,未提供,2026-06-25,中,否,否,是,EXT1859,待来源追溯,原始数据保留；新增结构字段为规则化整理结果。,,366,
EXT1860,士力架,"士力架,Snickers,巧克力棒",零食-糖果巧克力,468.0,8.6,23.5,57.0,1.5,士力架,士力架，Snickers，巧克力棒,零食甜品,零食糖果,零食-糖果巧克力,100g,100,g,,,,未明确,,,原始数据库（来源待追溯）,原始导入,未提供,2026-06-25,中,否,否,是,EXT1860,待来源追溯,原始数据保留；新增结构字段为规则化整理结果。,,468,
EXT1861,德芙丝滑牛奶巧克力,"德芙,牛奶巧克力,Dove",零食-糖果巧克力,533.0,6.5,31.0,56.0,1.0,德芙丝滑牛奶巧克力,德芙丝滑牛奶巧克力，德芙，牛奶巧克力，Dove,奶及乳制品,液态乳及其他乳制品,零食-糖果巧克力,100g,100,g,,,,未明确,,,原始数据库（来源待追溯）,原始导入,未提供,2026-06-25,中,否,否,是,EXT1861,待来源追溯,原始数据保留；新增结构字段为规则化整理结果。,,533,
EXT1862,脆脆鲨,"脆脆鲨,威化饼干,雀巢",零食-饼干,478.0,5.5,24.0,60.0,1.0,脆脆鲨,脆脆鲨，威化饼干，雀巢,零食甜品,零食糖果,零食-饼干,100g,100,g,,,,未明确,,,原始数据库（来源待追溯）,原始导入,未提供,2026-06-25,中,否,否,是,EXT1862,待来源追溯,原始数据保留；新增结构字段为规则化整理结果。,,478,
EXT1863,趣多多,"趣多多,巧克力曲奇",零食-饼干,474.0,5.0,22.0,64.0,1.0,趣多多,趣多多，巧克力曲奇,零食甜品,零食糖果,零食-饼干,100g,100,g,,,,未明确,,,原始数据库（来源待追溯）,原始导入,未提供,2026-06-25,中,否,否,是,EXT1863,待来源追溯,原始数据保留；新增结构字段为规则化整理结果。,,474,
EXT1864,太平梳打饼干,"苏打饼干,梳打饼干",零食-饼干,394.0,8.0,10.0,68.0,2.0,太平梳打饼干,太平梳打饼干，苏打饼干，梳打饼干,零食甜品,零食糖果,零食-饼干,100g,100,g,,,,未明确,,,原始数据库（来源待追溯）,原始导入,未提供,2026-06-25,中,否,否,是,EXT1864,待来源追溯,原始数据保留；新增结构字段为规则化整理结果。,,394,
EXT1865,益达无糖口香糖,"口香糖,益达,木糖醇",零食-糖果,260.0,0.0,0.0,65.0,0.0,益达无糖口香糖,益达无糖口香糖，口香糖，益达，木糖醇,零食甜品,零食糖果,零食-糖果,100g,100,g,,,,未明确,,,原始数据库（来源待追溯）,原始导入,未提供,2026-06-25,中,否,否,是,EXT1865,待来源追溯,原始数据保留；新增结构字段为规则化整理结果。,,260,
EXT1866,王小卤香辣虎皮凤爪,"虎皮凤爪,香辣鸡爪",电商-王小卤,224.0,16.1,15.6,5.0,0.0,王小卤香辣虎皮凤爪,王小卤香辣虎皮凤爪，虎皮凤爪，香辣鸡爪,其他,其他,电商-王小卤,100g,100,g,,,,未明确,卤,,原始数据库（来源待追溯）,原始导入,未提供,2026-06-25,中,否,否,是,EXT1866,待来源追溯,原始数据保留；新增结构字段为规则化整理结果。,,224,
EXT1867,王小卤牛肉豆腩,"牛肉豆腩,牛肉味豆干",电商-王小卤,199.0,19.7,6.4,15.0,1.0,王小卤牛肉豆腩,王小卤牛肉豆腩，牛肉豆腩，牛肉味豆干,畜肉,牛肉及制品,电商-王小卤,100g,100,g,,,,未明确,卤,,原始数据库（来源待追溯）,原始导入,未提供,2026-06-25,中,否,否,是,EXT1867,待来源追溯,原始数据保留；新增结构字段为规则化整理结果。,,199,生熟状态未明确
EXT1868,王小卤鸡肉豆堡,"鸡肉豆堡,鸡肉味豆干",电商-王小卤,278.0,20.6,15.2,14.2,1.0,王小卤鸡肉豆堡,王小卤鸡肉豆堡，鸡肉豆堡，鸡肉味豆干,禽肉,鸡肉及制品,电商-王小卤,100g,100,g,,,,未明确,卤,,原始数据库（来源待追溯）,原始导入,未提供,2026-06-25,中,否,否,是,EXT1868,待来源追溯,原始数据保留；新增结构字段为规则化整理结果。,,278,生熟状态未明确
EXT1869,海底捞麻辣嫩牛自热火锅,"自热火锅,海底捞火锅",方便速食-自热火锅,276.0,12.0,20.0,12.0,2.0,海底捞麻辣嫩牛自热火锅,海底捞麻辣嫩牛自热火锅，自热火锅，海底捞火锅,餐饮菜品,中式热菜及其他餐饮,方便速食-自热火锅,100g,100,g,,,,未明确,,,原始数据库（来源待追溯）,原始导入,未提供,2026-06-25,低,是,是,是,EXT1869,待来源追溯,原始数据保留；新增结构字段为规则化整理结果。,,276,
EXT1870,海底捞番茄牛腩自热火锅,"自热火锅,番茄牛腩锅",方便速食-自热火锅,215.0,10.0,15.0,10.0,2.0,海底捞番茄牛腩自热火锅,海底捞番茄牛腩自热火锅，自热火锅，番茄牛腩锅,餐饮菜品,中式热菜及其他餐饮,方便速食-自热火锅,100g,100,g,,,,未明确,,,原始数据库（来源待追溯）,原始导入,未提供,2026-06-25,低,是,是,是,EXT1870,待来源追溯,原始数据保留；新增结构字段为规则化整理结果。,,215,
EXT1871,洽洽瓜子原味,"瓜子,葵花籽,洽洽香瓜子",电商-洽洽,579.0,19.0,49.0,15.0,6.0,洽洽瓜子原味,洽洽瓜子原味，瓜子，葵花籽，洽洽香瓜子,其他,其他,电商-洽洽,100g,100,g,,,,未明确,,,原始数据库（来源待追溯）,原始导入,未提供,2026-06-25,中,否,否,是,EXT1871,待来源追溯,原始数据保留；新增结构字段为规则化整理结果。,,579,
EXT1872,甘源蟹黄瓜子仁,"蟹黄瓜子,蟹味瓜子仁",电商-甘源,530.0,22.0,38.0,25.0,3.0,甘源蟹黄瓜子仁,甘源蟹黄瓜子仁，蟹黄瓜子，蟹味瓜子仁,其他,其他,电商-甘源,100g,100,g,,,,未明确,,,原始数据库（来源待追溯）,原始导入,未提供,2026-06-25,中,否,否,是,EXT1872,待来源追溯,原始数据保留；新增结构字段为规则化整理结果。,,530,
EXT1873,有友泡椒凤爪,"泡椒凤爪,泡凤爪",电商-有友,153.0,18.0,8.0,2.5,0.0,有友泡椒凤爪,有友泡椒凤爪，泡椒凤爪，泡凤爪,其他,其他,电商-有友,100g,100,g,,,,未明确,,,原始数据库（来源待追溯）,原始导入,未提供,2026-06-25,中,否,否,是,EXT1873,待来源追溯,原始数据保留；新增结构字段为规则化整理结果。,,153,
EXT1874,无穷盐焗鸡蛋,"盐焗鸡蛋,卤蛋",电商-无穷,141.0,13.0,9.0,2.0,0.0,无穷盐焗鸡蛋,无穷盐焗鸡蛋，盐焗鸡蛋，卤蛋,蛋类,其他,电商-无穷,100g,100,g,,,,未明确,,,原始数据库（来源待追溯）,原始导入,未提供,2026-06-25,中,否,否,是,EXT1874,待来源追溯,原始数据保留；新增结构字段为规则化整理结果。,,141,生熟状态未明确
EXT1875,张飞牛肉,"张飞牛肉,灯影牛肉",电商-张飞,257.0,45.0,5.0,8.0,0.0,张飞牛肉,张飞牛肉，灯影牛肉,畜肉,牛肉及制品,电商-张飞,100g,100,g,,,,未明确,,,原始数据库（来源待追溯）,原始导入,未提供,2026-06-25,中,否,否,是,EXT1875,待来源追溯,原始数据保留；新增结构字段为规则化整理结果。,,257,生熟状态未明确
EXT1876,速冻奶香馒头,"小馒头,奶香小馒头",速冻食品-面点,234.0,6.0,2.0,48.0,1.0,速冻奶香馒头,速冻奶香馒头，小馒头，奶香小馒头,谷薯及主食,面食及面点,速冻食品-面点,100g,100,g,,,,冷冻,,,原始数据库（来源待追溯）,原始导入,未提供,2026-06-25,中,否,否,是,EXT1876,待来源追溯,原始数据保留；新增结构字段为规则化整理结果。,,234,
EXT1877,速冻猪肉大葱包子,"包子,猪肉包,速冻包子",速冻食品-面点,210.0,7.0,6.0,32.0,1.5,速冻猪肉大葱包子,速冻猪肉大葱包子，包子，猪肉包，速冻包子,畜肉,猪肉及制品,速冻食品-面点,100g,100,g,,,,冷冻,,,原始数据库（来源待追溯）,原始导入,未提供,2026-06-25,低,是,是,是,EXT1877,待来源追溯,原始数据保留；新增结构字段为规则化整理结果。,,210,
EXT1878,综合果蔬脆,"果蔬脆,蔬菜干,混合果蔬干",零食-果蔬干,376.0,3.0,16.0,55.0,5.0,综合果蔬脆,综合果蔬脆，果蔬脆，蔬菜干，混合果蔬干,零食甜品,零食糖果,零食-果蔬干,100g,100,g,,,,未明确,,,原始数据库（来源待追溯）,原始导入,未提供,2026-06-25,中,否,否,是,EXT1878,待来源追溯,原始数据保留；新增结构字段为规则化整理结果。,,376,
EXT1879,香菇脆,"香菇脆,菌菇干",零食-果蔬干,340.0,12.0,15.0,40.0,8.0,香菇脆,香菇脆，菌菇干,零食甜品,零食糖果,零食-果蔬干,100g,100,g,,,,未明确,,,原始数据库（来源待追溯）,原始导入,未提供,2026-06-25,中,否,否,是,EXT1879,待来源追溯,原始数据保留；新增结构字段为规则化整理结果。,,340,
EXT1880,蛋黄酥 (可莎蜜儿),,扩展-加工食品,436,9.90,26.70,39.80,,蛋黄酥 (可莎蜜儿),蛋黄酥 (可莎蜜儿),预包装食品,加工食品,扩展-加工食品,100g,100,g,,,,未明确,,可莎蜜儿,原始数据库（来源待追溯）,原始导入,未提供,2026-06-25,中,否,否,是,EXT1880,待来源追溯,原始数据保留；新增结构字段为规则化整理结果。,,436,
EXT1881,蛋黄酥 (皇冠),,扩展-加工食品,420,11.30,24.40,40.30,,蛋黄酥 (皇冠),蛋黄酥 (皇冠),预包装食品,加工食品,扩展-加工食品,100g,100,g,,,,未明确,,皇冠,原始数据库（来源待追溯）,原始导入,未提供,2026-06-25,中,否,否,是,EXT1881,待来源追溯,原始数据保留；新增结构字段为规则化整理结果。,,420,
EXT1882,蛋黄酥 (舌里),,扩展-加工食品,405,20.40,17.90,40.20,,蛋黄酥 (舌里),蛋黄酥 (舌里),预包装食品,加工食品,扩展-加工食品,100g,100,g,,,,未明确,,舌里,原始数据库（来源待追溯）,原始导入,未提供,2026-06-25,中,否,否,是,EXT1882,待来源追溯,原始数据保留；新增结构字段为规则化整理结果。,,405,
EXT1883,蛋黄酥 (比比赞),,扩展-加工食品,360,5.60,11.60,57.80,,蛋黄酥 (比比赞),蛋黄酥 (比比赞),预包装食品,加工食品,扩展-加工食品,100g,100,g,,,,未明确,,比比赞,原始数据库（来源待追溯）,原始导入,未提供,2026-06-25,中,否,否,是,EXT1883,待来源追溯,原始数据保留；新增结构字段为规则化整理结果。,,360,
EXT1884,蛋黄酥 (轩妈),,扩展-加工食品,384,7.80,15.60,52.70,,蛋黄酥 (轩妈),蛋黄酥 (轩妈),预包装食品,加工食品,扩展-加工食品,100g,100,g,,,,未明确,,轩妈,原始数据库（来源待追溯）,原始导入,未提供,2026-06-25,中,否,否,是,EXT1884,待来源追溯,原始数据保留；新增结构字段为规则化整理结果。,,384,
EXT1885,蛋黄酥 (山姆),,扩展-加工食品,402,7.80,18.30,51.30,,蛋黄酥 (山姆),蛋黄酥 (山姆),预包装食品,加工食品,扩展-加工食品,100g,100,g,,,,未明确,,山姆,原始数据库（来源待追溯）,原始导入,未提供,2026-06-25,中,否,否,是,EXT1885,待来源追溯,原始数据保留；新增结构字段为规则化整理结果。,,402,
EXT1886,蛋黄酥 (北月湾),,扩展-加工食品,370,5.50,14.00,55.00,,蛋黄酥 (北月湾),蛋黄酥 (北月湾),预包装食品,加工食品,扩展-加工食品,100g,100,g,,,,未明确,,北月湾,原始数据库（来源待追溯）,原始导入,未提供,2026-06-25,中,否,否,是,EXT1886,待来源追溯,原始数据保留；新增结构字段为规则化整理结果。,,370,
EXT1887,蛋黄酥 (李子柒),,扩展-加工食品,397,7.30,16.60,54.30,,蛋黄酥 (李子柒),蛋黄酥 (李子柒),预包装食品,加工食品,扩展-加工食品,100g,100,g,,,,未明确,,李子柒,原始数据库（来源待追溯）,原始导入,未提供,2026-06-25,中,否,否,是,EXT1887,待来源追溯,原始数据保留；新增结构字段为规则化整理结果。,,397,
EXT1888,蛋黄酥 (克莉丝汀),,扩展-加工食品,471,10.40,30.00,40.40,,蛋黄酥 (克莉丝汀),蛋黄酥 (克莉丝汀),预包装食品,加工食品,扩展-加工食品,100g,100,g,,,,未明确,,克莉丝汀,原始数据库（来源待追溯）,原始导入,未提供,2026-06-25,中,否,否,是,EXT1888,待来源追溯,原始数据保留；新增结构字段为规则化整理结果。,,471,
EXT1889,火锅底料 (德庄),,扩展-加工食品,496,6.00,52.00,3.00,,火锅底料 (德庄),火锅底料 (德庄),餐饮菜品,中式热菜及其他餐饮,扩展-加工食品,100g,100,g,,,,未明确,,德庄,原始数据库（来源待追溯）,原始导入,未提供,2026-06-25,低,是,是,是,EXT1889,待来源追溯,原始数据保留；新增结构字段为规则化整理结果。,,496,
EXT1890,火锅底料(牛油) (海底捞),,扩展-加工食品,690,3.50,75.00,3.10,,火锅底料(牛油) (海底捞),火锅底料(牛油) (海底捞),油脂,动物油及其他油脂,扩展-加工食品,100g,100,g,,,,未明确,,海底捞,原始数据库（来源待追溯）,原始导入,未提供,2026-06-25,低,是,是,是,EXT1890,待来源追溯,原始数据保留；新增结构字段为规则化整理结果。,,690,
EXT1891,火锅底料(番茄) (海底捞),,扩展-加工食品,220,3.90,12.70,22.60,,火锅底料(番茄) (海底捞),火锅底料(番茄) (海底捞),餐饮菜品,中式热菜及其他餐饮,扩展-加工食品,100g,100,g,,,,未明确,,海底捞,原始数据库（来源待追溯）,原始导入,未提供,2026-06-25,低,是,是,是,EXT1891,待来源追溯,原始数据保留；新增结构字段为规则化整理结果。,,220,
EXT1892,火锅底料(青椒牛油) (海底捞),,扩展-加工食品,719,1.20,79.90,1.90,,火锅底料(青椒牛油) (海底捞),火锅底料(青椒牛油) (海底捞),油脂,动物油及其他油脂,扩展-加工食品,100g,100,g,,,,未明确,,海底捞,原始数据库（来源待追溯）,原始导入,未提供,2026-06-25,低,是,是,是,EXT1892,待来源追溯,原始数据保留；新增结构字段为规则化整理结果。,,719,
EXT1893,火锅蘸料 (海底捞),,扩展-加工食品,224,7.80,15.60,13.40,,火锅蘸料 (海底捞),火锅蘸料 (海底捞),餐饮菜品,中式热菜及其他餐饮,扩展-加工食品,100g,100,g,,,,未明确,,海底捞,原始数据库（来源待追溯）,原始导入,未提供,2026-06-25,低,是,是,是,EXT1893,待来源追溯,原始数据保留；新增结构字段为规则化整理结果。,,224,
EXT1894,火锅蘸料 (草原红太阳),,扩展-加工食品,218,7.50,18.00,6.90,,火锅蘸料 (草原红太阳),火锅蘸料 (草原红太阳),餐饮菜品,中式热菜及其他餐饮,扩展-加工食品,100g,100,g,,,,未明确,,草原红太阳,原始数据库（来源待追溯）,原始导入,未提供,2026-06-25,低,是,是,是,EXT1894,待来源追溯,原始数据保留；新增结构字段为规则化整理结果。,,218,
EXT1895,泡菜火锅底料 (海底捞),,扩展-加工食品,215,4.40,15.60,14.50,,泡菜火锅底料 (海底捞),泡菜火锅底料 (海底捞),餐饮菜品,中式热菜及其他餐饮,扩展-加工食品,100g,100,g,,,,未明确,,海底捞,原始数据库（来源待追溯）,原始导入,未提供,2026-06-25,低,是,是,是,EXT1895,待来源追溯,原始数据保留；新增结构字段为规则化整理结果。,,215,
EXT1896,可乐 (可口可乐),,扩展-加工食品,43,0.00,0.00,10.60,,可乐 (可口可乐),可乐 (可口可乐),饮料,其他饮料,扩展-加工食品,100g,100,g,,,,未明确,,可口可乐,原始数据库（来源待追溯）,原始导入,未提供,2026-06-25,中,否,否,是,EXT1896,待来源追溯,原始数据保留；新增结构字段为规则化整理结果。,,43,
EXT1897,可乐鸡翅 (通用),,扩展-加工食品,192,16.38,11.83,3.89,,可乐鸡翅 (通用),可乐鸡翅 (通用),饮料,其他饮料,扩展-加工食品,100g,100,g,,,,未明确,,通用,原始数据库（来源待追溯）,原始导入,未提供,2026-06-25,中,否,否,是,EXT1897,待来源追溯,原始数据保留；新增结构字段为规则化整理结果。,,192,
EXT1898,雪碧 (雪碧),,扩展-加工食品,36,0.00,0.00,8.60,,雪碧 (雪碧),雪碧 (雪碧),预包装食品,加工食品,扩展-加工食品,100g,100,g,,,,未明确,,雪碧,原始数据库（来源待追溯）,原始导入,未提供,2026-06-25,中,否,否,是,EXT1898,待来源追溯,原始数据保留；新增结构字段为规则化整理结果。,,36,
EXT1899,雪碧 (可口可乐),,扩展-加工食品,46,0.00,0.00,11.00,,雪碧 (可口可乐),雪碧 (可口可乐),饮料,其他饮料,扩展-加工食品,100g,100,g,,,,未明确,,可口可乐,原始数据库（来源待追溯）,原始导入,未提供,2026-06-25,中,否,否,是,EXT1899,待来源追溯,原始数据保留；新增结构字段为规则化整理结果。,,46,
EXT1900,零卡雪碧 (可口可乐),,扩展-加工食品,0,0.00,0.00,0.00,,零卡雪碧 (可口可乐),零卡雪碧 (可口可乐),饮料,其他饮料,扩展-加工食品,100g,100,g,,,,未明确,,可口可乐,原始数据库（来源待追溯）,原始导入,未提供,2026-06-25,中,否,否,是,EXT1900,待来源追溯,原始数据保留；新增结构字段为规则化整理结果。,,0,
EXT1901,肉松饼 (盼盼),,扩展-加工食品,430,7.50,19.20,56.50,,肉松饼 (盼盼),肉松饼 (盼盼),预包装食品,加工食品,扩展-加工食品,100g,100,g,,,,未明确,,盼盼,原始数据库（来源待追溯）,原始导入,未提供,2026-06-25,中,否,否,是,EXT1901,待来源追溯,原始数据保留；新增结构字段为规则化整理结果。,,430,
EXT1902,肉松饼 (比比赞),,扩展-加工食品,399,8.60,13.80,59.60,,肉松饼 (比比赞),肉松饼 (比比赞),预包装食品,加工食品,扩展-加工食品,100g,100,g,,,,未明确,,比比赞,原始数据库（来源待追溯）,原始导入,未提供,2026-06-25,中,否,否,是,EXT1902,待来源追溯,原始数据保留；新增结构字段为规则化整理结果。,,399,
EXT1903,肉松饼 (马大姐),,扩展-加工食品,401,10.30,19.10,46.80,,肉松饼 (马大姐),肉松饼 (马大姐),预包装食品,加工食品,扩展-加工食品,100g,100,g,,,,未明确,,马大姐,原始数据库（来源待追溯）,原始导入,未提供,2026-06-25,中,否,否,是,EXT1903,待来源追溯,原始数据保留；新增结构字段为规则化整理结果。,,401,
EXT1904,肉松饼 (通用),,扩展-加工食品,390,8.93,13.50,60.28,,肉松饼 (通用),肉松饼 (通用),预包装食品,加工食品,扩展-加工食品,100g,100,g,,,,未明确,,通用,原始数据库（来源待追溯）,原始导入,未提供,2026-06-25,中,否,否,是,EXT1904,待来源追溯,原始数据保留；新增结构字段为规则化整理结果。,,390,
EXT1905,肉松饼 (三只松鼠),,扩展-加工食品,404,10.10,16.90,53.00,,肉松饼 (三只松鼠),肉松饼 (三只松鼠),预包装食品,加工食品,扩展-加工食品,100g,100,g,,,,未明确,,三只松鼠,原始数据库（来源待追溯）,原始导入,未提供,2026-06-25,中,否,否,是,EXT1905,待来源追溯,原始数据保留；新增结构字段为规则化整理结果。,,404,
EXT1906,肉松饼 (其妙),,扩展-加工食品,417,8.40,18.40,54.20,,肉松饼 (其妙),肉松饼 (其妙),预包装食品,加工食品,扩展-加工食品,100g,100,g,,,,未明确,,其妙,原始数据库（来源待追溯）,原始导入,未提供,2026-06-25,中,否,否,是,EXT1906,待来源追溯,原始数据保留；新增结构字段为规则化整理结果。,,417,
EXT1907,肉松饼 (良品铺子),,扩展-加工食品,426,7.20,18.80,56.70,,肉松饼 (良品铺子),肉松饼 (良品铺子),预包装食品,加工食品,扩展-加工食品,100g,100,g,,,,未明确,,良品铺子,原始数据库（来源待追溯）,原始导入,未提供,2026-06-25,中,否,否,是,EXT1907,待来源追溯,原始数据保留；新增结构字段为规则化整理结果。,,426,
EXT1908,肉松饼 (友臣),,扩展-加工食品,415,9.20,18.00,53.80,,肉松饼 (友臣),肉松饼 (友臣),预包装食品,加工食品,扩展-加工食品,100g,100,g,,,,未明确,,友臣,原始数据库（来源待追溯）,原始导入,未提供,2026-06-25,中,否,否,是,EXT1908,待来源追溯,原始数据保留；新增结构字段为规则化整理结果。,,415,
EXT1909,肉松饼 (百草味),,扩展-加工食品,431,7.40,19.80,55.50,,肉松饼 (百草味),肉松饼 (百草味),预包装食品,加工食品,扩展-加工食品,100g,100,g,,,,未明确,,百草味,原始数据库（来源待追溯）,原始导入,未提供,2026-06-25,中,否,否,是,EXT1909,待来源追溯,原始数据保留；新增结构字段为规则化整理结果。,,431,
EXT1910,麻薯 (通用),,扩展-加工食品,188,1.56,0.13,45.47,,麻薯 (通用),麻薯 (通用),预包装食品,加工食品,扩展-加工食品,100g,100,g,,,,未明确,,通用,原始数据库（来源待追溯）,原始导入,未提供,2026-06-25,中,否,否,是,EXT1910,待来源追溯,原始数据保留；新增结构字段为规则化整理结果。,,188,
EXT1911,麻薯 (罗森),,扩展-加工食品,249,2.30,6.70,42.70,,麻薯 (罗森),麻薯 (罗森),预包装食品,加工食品,扩展-加工食品,100g,100,g,,,,未明确,,罗森,原始数据库（来源待追溯）,原始导入,未提供,2026-06-25,中,否,否,是,EXT1911,待来源追溯,原始数据保留；新增结构字段为规则化整理结果。,,249,
EXT1912,麻薯团 (桃李),,扩展-加工食品,436,4.40,21.80,55.40,,麻薯团 (桃李),麻薯团 (桃李),水果,鲜果,扩展-加工食品,100g,100,g,,,,未明确,,桃李,原始数据库（来源待追溯）,原始导入,未提供,2026-06-25,中,否,否,是,EXT1912,待来源追溯,原始数据保留；新增结构字段为规则化整理结果。,,436,
EXT1913,麻薯球 (桃李),,扩展-加工食品,440,6.10,21.80,54.60,,麻薯球 (桃李),麻薯球 (桃李),水果,鲜果,扩展-加工食品,100g,100,g,,,,未明确,,桃李,原始数据库（来源待追溯）,原始导入,未提供,2026-06-25,中,否,否,是,EXT1913,待来源追溯,原始数据保留；新增结构字段为规则化整理结果。,,440,
EXT1914,瑞士卷 (盒马),,扩展-加工食品,268,5.30,17.90,21.80,,瑞士卷 (盒马),瑞士卷 (盒马),预包装食品,加工食品,扩展-加工食品,100g,100,g,,,,未明确,,盒马,原始数据库（来源待追溯）,原始导入,未提供,2026-06-25,中,否,否,是,EXT1914,待来源追溯,原始数据保留；新增结构字段为规则化整理结果。,,268,
EXT1915,瑞士卷 (盼盼),,扩展-加工食品,398,4.80,18.00,53.40,,瑞士卷 (盼盼),瑞士卷 (盼盼),预包装食品,加工食品,扩展-加工食品,100g,100,g,,,,未明确,,盼盼,原始数据库（来源待追溯）,原始导入,未提供,2026-06-25,中,否,否,是,EXT1915,待来源追溯,原始数据保留；新增结构字段为规则化整理结果。,,398,
EXT1916,瑞士卷 (山姆),,扩展-加工食品,319,7.50,21.20,24.90,,瑞士卷 (山姆),瑞士卷 (山姆),预包装食品,加工食品,扩展-加工食品,100g,100,g,,,,未明确,,山姆,原始数据库（来源待追溯）,原始导入,未提供,2026-06-25,中,否,否,是,EXT1916,待来源追溯,原始数据保留；新增结构字段为规则化整理结果。,,319,
EXT1917,瑞士卷 (达利园),,扩展-加工食品,424,5.60,25.00,43.00,,瑞士卷 (达利园),瑞士卷 (达利园),预包装食品,加工食品,扩展-加工食品,100g,100,g,,,,未明确,,达利园,原始数据库（来源待追溯）,原始导入,未提供,2026-06-25,中,否,否,是,EXT1917,待来源追溯,原始数据保留；新增结构字段为规则化整理结果。,,424,
EXT1918,瑞士卷(魔芋) (哥本优选),,扩展-加工食品,135,8.90,8.70,5.30,,瑞士卷(魔芋) (哥本优选),瑞士卷(魔芋) (哥本优选),预包装食品,加工食品,扩展-加工食品,100g,100,g,,,,未明确,,哥本优选,原始数据库（来源待追溯）,原始导入,未提供,2026-06-25,中,否,否,是,EXT1918,待来源追溯,原始数据保留；新增结构字段为规则化整理结果。,,135,
EXT1919,瑞士卷(原味) (全家),,扩展-加工食品,350,7.40,21.10,32.80,,瑞士卷(原味) (全家),瑞士卷(原味) (全家),预包装食品,加工食品,扩展-加工食品,100g,100,g,,,,未明确,,全家,原始数据库（来源待追溯）,原始导入,未提供,2026-06-25,中,否,否,是,EXT1919,待来源追溯,原始数据保留；新增结构字段为规则化整理结果。,,350,
EXT1920,瑞士卷(虎皮) (全家),,扩展-加工食品,346,8.20,16.40,41.20,,瑞士卷(虎皮) (全家),瑞士卷(虎皮) (全家),预包装食品,加工食品,扩展-加工食品,100g,100,g,,,,未明确,,全家,原始数据库（来源待追溯）,原始导入,未提供,2026-06-25,中,否,否,是,EXT1920,待来源追溯,原始数据保留；新增结构字段为规则化整理结果。,,346,
EXT1921,瑞士卷(巧克力豆) (全家),,扩展-加工食品,272,5.40,17.30,24.00,,瑞士卷(巧克力豆) (全家),瑞士卷(巧克力豆) (全家),零食甜品,零食糖果,扩展-加工食品,100g,100,g,,,,未明确,,全家,原始数据库（来源待追溯）,原始导入,未提供,2026-06-25,中,否,否,是,EXT1921,待来源追溯,原始数据保留；新增结构字段为规则化整理结果。,,272,
EXT1922,月饼(鲜肉) (通用),,扩展-加工食品,416,9.20,22.71,44.23,,月饼(鲜肉) (通用),月饼(鲜肉) (通用),预包装食品,加工食品,扩展-加工食品,100g,100,g,,,,生/鲜,,通用,原始数据库（来源待追溯）,原始导入,未提供,2026-06-25,中,否,否,是,EXT1922,待来源追溯,原始数据保留；新增结构字段为规则化整理结果。,,416,
EXT1923,月饼(五仁) (通用),,扩展-加工食品,414,7.97,20.69,51.15,,月饼(五仁) (通用),月饼(五仁) (通用),预包装食品,加工食品,扩展-加工食品,100g,100,g,,,,未明确,,通用,原始数据库（来源待追溯）,原始导入,未提供,2026-06-25,中,否,否,是,EXT1923,待来源追溯,原始数据保留；新增结构字段为规则化整理结果。,,414,
EXT1924,月饼(云腿) (通用),,扩展-加工食品,464,9.75,23.55,52.55,,月饼(云腿) (通用),月饼(云腿) (通用),预包装食品,加工食品,扩展-加工食品,100g,100,g,,,,未明确,,通用,原始数据库（来源待追溯）,原始导入,未提供,2026-06-25,中,否,否,是,EXT1924,待来源追溯,原始数据保留；新增结构字段为规则化整理结果。,,464,
EXT1925,月饼(冰皮) (通用),,扩展-加工食品,330,3.39,9.31,58.53,,月饼(冰皮) (通用),月饼(冰皮) (通用),预包装食品,加工食品,扩展-加工食品,100g,100,g,,,,未明确,,通用,原始数据库（来源待追溯）,原始导入,未提供,2026-06-25,中,否,否,是,EXT1925,待来源追溯,原始数据保留；新增结构字段为规则化整理结果。,,330,
EXT1926,月饼 (杏花楼),,扩展-加工食品,382,7.60,13.50,58.80,,月饼 (杏花楼),月饼 (杏花楼),预包装食品,加工食品,扩展-加工食品,100g,100,g,,,,未明确,,杏花楼,原始数据库（来源待追溯）,原始导入,未提供,2026-06-25,中,否,否,是,EXT1926,待来源追溯,原始数据保留；新增结构字段为规则化整理结果。,,382,
EXT1927,月饼 (通用),,扩展-加工食品,427,6.66,20.95,54.09,,月饼 (通用),月饼 (通用),预包装食品,加工食品,扩展-加工食品,100g,100,g,,,,未明确,,通用,原始数据库（来源待追溯）,原始导入,未提供,2026-06-25,中,否,否,是,EXT1927,待来源追溯,原始数据保留；新增结构字段为规则化整理结果。,,427,
EXT1928,雪月饼 (元祖),,扩展-加工食品,259,4.00,12.00,33.70,,雪月饼 (元祖),雪月饼 (元祖),预包装食品,加工食品,扩展-加工食品,100g,100,g,,,,未明确,,元祖,原始数据库（来源待追溯）,原始导入,未提供,2026-06-25,中,否,否,是,EXT1928,待来源追溯,原始数据保留；新增结构字段为规则化整理结果。,,259,
EXT1929,元气森林(乳茶) (元气森林),,扩展-加工食品,36,1.20,1.40,5.10,,元气森林(乳茶) (元气森林),元气森林(乳茶) (元气森林),预包装食品,加工食品,扩展-加工食品,100g,100,g,,,,未明确,,元气森林,原始数据库（来源待追溯）,原始导入,未提供,2026-06-25,中,否,否,是,EXT1929,待来源追溯,原始数据保留；新增结构字段为规则化整理结果。,,36,
EXT1930,元气森林(白桃气泡水) (元气森林),,扩展-加工食品,0,0.00,0.00,1.60,,元气森林(白桃气泡水) (元气森林),元气森林(白桃气泡水) (元气森林),饮料,其他饮料,扩展-加工食品,100g,100,g,,,,未明确,,元气森林,原始数据库（来源待追溯）,原始导入,未提供,2026-06-25,低,否,否,否,EXT1930,待人工核验,零热量但营养素非零。未找到足够证据自动改值，暂停作为默认搜索主记录。,,0,零热量但营养素非零
EXT1931,元气森林(维C气泡水) (元气森林),,扩展-加工食品,0,0.00,0.00,2.50,,元气森林(维C气泡水) (元气森林),元气森林(维C气泡水) (元气森林),饮料,其他饮料,扩展-加工食品,100g,100,g,,,,未明确,,元气森林,原始数据库（来源待追溯）,原始导入,未提供,2026-06-25,低,否,否,否,EXT1931,待人工核验,零热量但营养素非零。未找到足够证据自动改值，暂停作为默认搜索主记录。,,0,零热量但营养素非零
EXT1932,元气森林(燃茶) (元气森林),,扩展-加工食品,5,0.00,0.00,2.10,,元气森林(燃茶) (元气森林),元气森林(燃茶) (元气森林),预包装食品,加工食品,扩展-加工食品,100g,100,g,,,,未明确,,元气森林,原始数据库（来源待追溯）,原始导入,未提供,2026-06-25,中,否,否,是,EXT1932,待来源追溯,原始数据保留；新增结构字段为规则化整理结果。,,5,
EXT1933,元气森林(冰茶) (元气森林),,扩展-加工食品,24,0.00,0.00,6.00,,元气森林(冰茶) (元气森林),元气森林(冰茶) (元气森林),预包装食品,加工食品,扩展-加工食品,100g,100,g,,,,未明确,,元气森林,原始数据库（来源待追溯）,原始导入,未提供,2026-06-25,中,否,否,是,EXT1933,待来源追溯,原始数据保留；新增结构字段为规则化整理结果。,,24,
EXT1934,手抓饼 (潮香村),,扩展-加工食品,412,4.60,23.90,44.80,,手抓饼 (潮香村),手抓饼 (潮香村),预包装食品,加工食品,扩展-加工食品,100g,100,g,,,,未明确,,潮香村,原始数据库（来源待追溯）,原始导入,未提供,2026-06-25,中,否,否,是,EXT1934,待来源追溯,原始数据保留；新增结构字段为规则化整理结果。,,412,
EXT1935,手抓饼 (安井),,扩展-加工食品,352,6.80,15.20,46.80,,手抓饼 (安井),手抓饼 (安井),预包装食品,加工食品,扩展-加工食品,100g,100,g,,,,未明确,,安井,原始数据库（来源待追溯）,原始导入,未提供,2026-06-25,中,否,否,是,EXT1935,待来源追溯,原始数据保留；新增结构字段为规则化整理结果。,,352,
EXT1936,手抓饼 (粮全其美),,扩展-加工食品,375,6.60,19.00,44.20,,手抓饼 (粮全其美),手抓饼 (粮全其美),预包装食品,加工食品,扩展-加工食品,100g,100,g,,,,未明确,,粮全其美,原始数据库（来源待追溯）,原始导入,未提供,2026-06-25,中,否,否,是,EXT1936,待来源追溯,原始数据保留；新增结构字段为规则化整理结果。,,375,
EXT1937,手抓饼 (三全),,扩展-加工食品,345,7.40,16.10,42.50,,手抓饼 (三全),手抓饼 (三全),预包装食品,加工食品,扩展-加工食品,100g,100,g,,,,未明确,,三全,原始数据库（来源待追溯）,原始导入,未提供,2026-06-25,中,否,否,是,EXT1937,待来源追溯,原始数据保留；新增结构字段为规则化整理结果。,,345,
EXT1938,手抓饼 (通用),,扩展-加工食品,306,9.02,11.58,40.52,,手抓饼 (通用),手抓饼 (通用),预包装食品,加工食品,扩展-加工食品,100g,100,g,,,,未明确,,通用,原始数据库（来源待追溯）,原始导入,未提供,2026-06-25,中,否,否,是,EXT1938,待来源追溯,原始数据保留；新增结构字段为规则化整理结果。,,306,
EXT1939,手抓饼(杂粮) (思念),,扩展-加工食品,317,6.00,16.00,37.30,,手抓饼(杂粮) (思念),手抓饼(杂粮) (思念),预包装食品,加工食品,扩展-加工食品,100g,100,g,,,,未明确,,思念,原始数据库（来源待追溯）,原始导入,未提供,2026-06-25,中,否,否,是,EXT1939,待来源追溯,原始数据保留；新增结构字段为规则化整理结果。,,317,
EXT1940,手抓饼(原味) (盒马),,扩展-加工食品,373,6.70,20.40,40.80,,手抓饼(原味) (盒马),手抓饼(原味) (盒马),预包装食品,加工食品,扩展-加工食品,100g,100,g,,,,未明确,,盒马,原始数据库（来源待追溯）,原始导入,未提供,2026-06-25,中,否,否,是,EXT1940,待来源追溯,原始数据保留；新增结构字段为规则化整理结果。,,373,
EXT1941,手抓饼(黄油) (小黄象),,扩展-加工食品,331,6.10,14.80,43.10,,手抓饼(黄油) (小黄象),手抓饼(黄油) (小黄象),油脂,动物油及其他油脂,扩展-加工食品,100g,100,g,,,,未明确,,小黄象,原始数据库（来源待追溯）,原始导入,未提供,2026-06-25,中,否,否,是,EXT1941,待来源追溯,原始数据保留；新增结构字段为规则化整理结果。,,331,
EXT1942,火鸡面 (白象),,扩展-加工食品,543,8.10,25.70,69.50,,火鸡面 (白象),火鸡面 (白象),禽肉,鸡肉及制品,扩展-加工食品,100g,100,g,,,,未明确,,白象,原始数据库（来源待追溯）,原始导入,未提供,2026-06-25,中,否,否,是,EXT1942,待来源追溯,原始数据保留；新增结构字段为规则化整理结果。,,543,生熟状态未明确
EXT1943,火鸡面 (三养),,扩展-加工食品,566,12.90,19.90,83.20,,火鸡面 (三养),火鸡面 (三养),禽肉,鸡肉及制品,扩展-加工食品,100g,100,g,,,,未明确,,三养,原始数据库（来源待追溯）,原始导入,未提供,2026-06-25,中,否,否,是,EXT1943,待来源追溯,原始数据保留；新增结构字段为规则化整理结果。,,566,生熟状态未明确
EXT1944,火鸡拌面 (盒马),,扩展-加工食品,407,8.50,15.10,58.70,,火鸡拌面 (盒马),火鸡拌面 (盒马),禽肉,鸡肉及制品,扩展-加工食品,100g,100,g,,,,未明确,,盒马,原始数据库（来源待追溯）,原始导入,未提供,2026-06-25,中,否,否,是,EXT1944,待来源追溯,原始数据保留；新增结构字段为规则化整理结果。,,407,生熟状态未明确
EXT1945,饭团 (通用),,扩展-加工食品,163,4.34,3.38,28.22,,饭团 (通用),饭团 (通用),预包装食品,加工食品,扩展-加工食品,100g,100,g,,,,未明确,,通用,原始数据库（来源待追溯）,原始导入,未提供,2026-06-25,中,否,否,是,EXT1945,待来源追溯,原始数据保留；新增结构字段为规则化整理结果。,,163,
EXT1946,饭团 (全家),,扩展-加工食品,216,6.50,8.30,28.50,,饭团 (全家),饭团 (全家),预包装食品,加工食品,扩展-加工食品,100g,100,g,,,,未明确,,全家,原始数据库（来源待追溯）,原始导入,未提供,2026-06-25,中,否,否,是,EXT1946,待来源追溯,原始数据保留；新增结构字段为规则化整理结果。,,216,
EXT1947,饭团 (7-11),,扩展-加工食品,159,6.00,1.90,28.90,,饭团 (7-11),饭团 (7-11),预包装食品,加工食品,扩展-加工食品,100g,100,g,,,,未明确,,7-11,原始数据库（来源待追溯）,原始导入,未提供,2026-06-25,中,否,否,是,EXT1947,待来源追溯,原始数据保留；新增结构字段为规则化整理结果。,,159,
EXT1948,糙米饭团 (通用),,扩展-加工食品,147,4.05,1.84,28.50,,糙米饭团 (通用),糙米饭团 (通用),谷薯及主食,米饭及粥,扩展-加工食品,100g,100,g,,,,未明确,,通用,原始数据库（来源待追溯）,原始导入,未提供,2026-06-25,中,否,否,是,EXT1948,待来源追溯,原始数据保留；新增结构字段为规则化整理结果。,,147,生熟状态未明确
EXT1949,三明治(花生酱果酱) (通用),,扩展-加工食品,352,10.32,14.23,42.23,,三明治(花生酱果酱) (通用),三明治(花生酱果酱) (通用),坚果及种子,坚果,扩展-加工食品,100g,100,g,,,,生/鲜,,通用,原始数据库（来源待追溯）,原始导入,未提供,2026-06-25,中,否,否,是,EXT1949,待来源追溯,原始数据保留；新增结构字段为规则化整理结果。,,352,
EXT1950,三明治(烤牛肉) (通用),,扩展-加工食品,251,26.85,13.49,26.02,,三明治(烤牛肉) (通用),三明治(烤牛肉) (通用),畜肉,牛肉及制品,扩展-加工食品,100g,100,g,,,,未明确,烤,通用,原始数据库（来源待追溯）,原始导入,未提供,2026-06-25,中,否,否,是,EXT1950,待来源追溯,原始数据保留；新增结构字段为规则化整理结果。,,251,生熟状态未明确
EXT1951,三明治(鸡肉) (通用),,扩展-加工食品,237,21.28,7.75,26.16,,三明治(鸡肉) (通用),三明治(鸡肉) (通用),禽肉,鸡肉及制品,扩展-加工食品,100g,100,g,,,,未明确,,通用,原始数据库（来源待追溯）,原始导入,未提供,2026-06-25,中,否,否,是,EXT1951,待来源追溯,原始数据保留；新增结构字段为规则化整理结果。,,237,生熟状态未明确
EXT1952,三明治(火鸡) (通用),,扩展-加工食品,230,20.10,7.84,18.43,,三明治(火鸡) (通用),三明治(火鸡) (通用),禽肉,鸡肉及制品,扩展-加工食品,100g,100,g,,,,未明确,,通用,原始数据库（来源待追溯）,原始导入,未提供,2026-06-25,中,否,否,是,EXT1952,待来源追溯,原始数据保留；新增结构字段为规则化整理结果。,,230,生熟状态未明确
EXT1953,三明治(火腿芝士) (通用),,扩展-加工食品,315,20.69,15.48,33.35,,三明治(火腿芝士) (通用),三明治(火腿芝士) (通用),预包装食品,加工食品,扩展-加工食品,100g,100,g,,,,未明确,,通用,原始数据库（来源待追溯）,原始导入,未提供,2026-06-25,中,否,否,是,EXT1953,待来源追溯,原始数据保留；新增结构字段为规则化整理结果。,,315,
EXT1954,三明治(芝士) (通用),,扩展-加工食品,315,10.96,15.27,33.25,,三明治(芝士) (通用),三明治(芝士) (通用),预包装食品,加工食品,扩展-加工食品,100g,100,g,,,,未明确,,通用,原始数据库（来源待追溯）,原始导入,未提供,2026-06-25,中,否,否,是,EXT1954,待来源追溯,原始数据保留；新增结构字段为规则化整理结果。,,315,
EXT1955,三明治(鸡蛋沙拉) (通用),,扩展-加工食品,305,13.72,34.76,28.33,,三明治(鸡蛋沙拉) (通用),三明治(鸡蛋沙拉) (通用),蛋类,其他,扩展-加工食品,100g,100,g,,,,未明确,,通用,原始数据库（来源待追溯）,原始导入,未提供,2026-06-25,低,是,是,是,EXT1955,待来源追溯,原始数据保留；新增结构字段为规则化整理结果。,,305,生熟状态未明确
EXT1956,三明治(花生酱) (通用),,扩展-加工食品,342,12.23,16.89,37.94,,三明治(花生酱) (通用),三明治(花生酱) (通用),坚果及种子,坚果,扩展-加工食品,100g,100,g,,,,生/鲜,,通用,原始数据库（来源待追溯）,原始导入,未提供,2026-06-25,中,否,否,是,EXT1956,待来源追溯,原始数据保留；新增结构字段为规则化整理结果。,,342,
EXT1957,沙拉酱(低热量) (通用),,扩展-加工食品,147,0.75,9.98,14.69,,沙拉酱(低热量) (通用),沙拉酱(低热量) (通用),预包装食品,加工食品,扩展-加工食品,100g,100,g,,,,未明确,,通用,原始数据库（来源待追溯）,原始导入,未提供,2026-06-25,低,是,是,是,EXT1957,待来源追溯,原始数据保留；新增结构字段为规则化整理结果。,,147,
EXT1958,沙拉酱(意大利) (通用),,扩展-加工食品,457,0.47,41.70,1.53,,沙拉酱(意大利) (通用),沙拉酱(意大利) (通用),预包装食品,加工食品,扩展-加工食品,100g,100,g,,,,未明确,,通用,原始数据库（来源待追溯）,原始导入,未提供,2026-06-25,低,是,是,是,EXT1958,待来源追溯,原始数据保留；新增结构字段为规则化整理结果。,,457,
EXT1959,沙拉酱(凯撒) (通用),,扩展-加工食品,520,1.20,56.53,3.07,,沙拉酱(凯撒) (通用),沙拉酱(凯撒) (通用),预包装食品,加工食品,扩展-加工食品,100g,100,g,,,,未明确,,通用,原始数据库（来源待追溯）,原始导入,未提供,2026-06-25,低,是,是,是,EXT1959,待来源追溯,原始数据保留；新增结构字段为规则化整理结果。,,520,
EXT1960,沙拉酱(法式) (通用),,扩展-加工食品,457,0.75,44.81,15.56,,沙拉酱(法式) (通用),沙拉酱(法式) (通用),预包装食品,加工食品,扩展-加工食品,100g,100,g,,,,未明确,,通用,原始数据库（来源待追溯）,原始导入,未提供,2026-06-25,低,是,是,是,EXT1960,待来源追溯,原始数据保留；新增结构字段为规则化整理结果。,,457,
EXT1961,油醋汁 (通用),,扩展-加工食品,291,0.38,28.37,10.43,,油醋汁 (通用),油醋汁 (通用),调味品,酱料及调味汁,扩展-加工食品,100g,100,g,,,,未明确,,通用,原始数据库（来源待追溯）,原始导入,未提供,2026-06-25,中,否,否,是,EXT1961,待来源追溯,原始数据保留；新增结构字段为规则化整理结果。,,291,
EXT1962,老干妈(油辣椒) (老干妈),,扩展-加工食品,654,6.30,68.10,6.40,,老干妈(油辣椒) (老干妈),老干妈(油辣椒) (老干妈),预包装食品,加工食品,扩展-加工食品,100g,100,g,,,,未明确,,老干妈,原始数据库（来源待追溯）,原始导入,未提供,2026-06-25,中,否,否,是,EXT1962,待来源追溯,原始数据保留；新增结构字段为规则化整理结果。,,654,
EXT1963,老干妈(豆豉油辣椒) (老干妈),,扩展-加工食品,607,14.29,53.57,14.29,,老干妈(豆豉油辣椒) (老干妈),老干妈(豆豉油辣椒) (老干妈),预包装食品,加工食品,扩展-加工食品,100g,100,g,,,,未明确,,老干妈,原始数据库（来源待追溯）,原始导入,未提供,2026-06-25,中,否,否,是,EXT1963,待来源追溯,原始数据保留；新增结构字段为规则化整理结果。,,607,
EXT1964,老干妈(牛肉末豆豉) (老干妈),,扩展-加工食品,605,10.20,60.80,6.40,,老干妈(牛肉末豆豉) (老干妈),老干妈(牛肉末豆豉) (老干妈),畜肉,牛肉及制品,扩展-加工食品,100g,100,g,,,,未明确,,老干妈,原始数据库（来源待追溯）,原始导入,未提供,2026-06-25,中,否,否,是,EXT1964,待来源追溯,原始数据保留；新增结构字段为规则化整理结果。,,605,生熟状态未明确
EXT1965,老干妈(干煸肉丝) (老干妈),,扩展-加工食品,599,7.10,60.20,9.30,,老干妈(干煸肉丝) (老干妈),老干妈(干煸肉丝) (老干妈),预包装食品,加工食品,扩展-加工食品,100g,100,g,,,,未明确,,老干妈,原始数据库（来源待追溯）,原始导入,未提供,2026-06-25,中,否,否,是,EXT1965,待来源追溯,原始数据保留；新增结构字段为规则化整理结果。,,599,
EXT1966,老干妈(香辣脆) (老干妈),,扩展-加工食品,691,5.20,72.60,6.80,,老干妈(香辣脆) (老干妈),老干妈(香辣脆) (老干妈),预包装食品,加工食品,扩展-加工食品,100g,100,g,,,,未明确,,老干妈,原始数据库（来源待追溯）,原始导入,未提供,2026-06-25,中,否,否,是,EXT1966,待来源追溯,原始数据保留；新增结构字段为规则化整理结果。,,691,
EXT1967,老干妈(风味鸡) (老干妈),,扩展-加工食品,603,10.80,58.20,6.70,,老干妈(风味鸡) (老干妈),老干妈(风味鸡) (老干妈),预包装食品,加工食品,扩展-加工食品,100g,100,g,,,,未明确,,老干妈,原始数据库（来源待追溯）,原始导入,未提供,2026-06-25,中,否,否,是,EXT1967,待来源追溯,原始数据保留；新增结构字段为规则化整理结果。,,603,
EXT1968,老干妈(香辣菜) (老干妈),,扩展-加工食品,110,5.90,5.90,8.30,,老干妈(香辣菜) (老干妈),老干妈(香辣菜) (老干妈),预包装食品,加工食品,扩展-加工食品,100g,100,g,,,,未明确,,老干妈,原始数据库（来源待追溯）,原始导入,未提供,2026-06-25,中,否,否,是,EXT1968,待来源追溯,原始数据保留；新增结构字段为规则化整理结果。,,110,
EXT1969,老干妈(风味豆豉) (老干妈),,扩展-加工食品,680,9.20,70.10,5.60,,老干妈(风味豆豉) (老干妈),老干妈(风味豆豉) (老干妈),预包装食品,加工食品,扩展-加工食品,100g,100,g,,,,未明确,,老干妈,原始数据库（来源待追溯）,原始导入,未提供,2026-06-25,中,否,否,是,EXT1969,待来源追溯,原始数据保留；新增结构字段为规则化整理结果。,,680,
EXT1970,奇亚籽 (通用),,扩展-加工食品,490,15.62,30.75,43.85,,奇亚籽 (通用),奇亚籽 (通用),预包装食品,加工食品,扩展-加工食品,100g,100,g,,,,未明确,,通用,原始数据库（来源待追溯）,原始导入,未提供,2026-06-25,中,否,否,是,EXT1970,待来源追溯,原始数据保留；新增结构字段为规则化整理结果。,,490,
EXT1971,奇亚籽 (野三坡),,扩展-加工食品,366,24.30,28.60,1.40,,奇亚籽 (野三坡),奇亚籽 (野三坡),预包装食品,加工食品,扩展-加工食品,100g,100,g,,,,未明确,,野三坡,原始数据库（来源待追溯）,原始导入,未提供,2026-06-25,中,否,否,是,EXT1971,待来源追溯,原始数据保留；新增结构字段为规则化整理结果。,,366,
EXT1972,奇亚籽 (Nutiva),,扩展-加工食品,500,25.00,25.00,41.67,,奇亚籽 (Nutiva),奇亚籽 (Nutiva),预包装食品,加工食品,扩展-加工食品,100g,100,g,,,,未明确,,Nutiva,原始数据库（来源待追溯）,原始导入,未提供,2026-06-25,中,否,否,是,EXT1972,待来源追溯,原始数据保留；新增结构字段为规则化整理结果。,,500,
EXT1973,奇亚籽 (谷本道元),,扩展-加工食品,500,26.40,28.60,33.00,,奇亚籽 (谷本道元),奇亚籽 (谷本道元),预包装食品,加工食品,扩展-加工食品,100g,100,g,,,,未明确,,谷本道元,原始数据库（来源待追溯）,原始导入,未提供,2026-06-25,中,否,否,是,EXT1973,待来源追溯,原始数据保留；新增结构字段为规则化整理结果。,,500,
EXT1974,奇亚籽 (山姆),,扩展-加工食品,440,19.70,30.00,8.50,,奇亚籽 (山姆),奇亚籽 (山姆),预包装食品,加工食品,扩展-加工食品,100g,100,g,,,,未明确,,山姆,原始数据库（来源待追溯）,原始导入,未提供,2026-06-25,中,否,否,是,EXT1974,待来源追溯,原始数据保留；新增结构字段为规则化整理结果。,,440,
EXT1975,自热火锅 (莫小仙),,扩展-加工食品,214,1.70,10.30,28.60,,自热火锅 (莫小仙),自热火锅 (莫小仙),餐饮菜品,中式热菜及其他餐饮,扩展-加工食品,100g,100,g,,,,未明确,,莫小仙,原始数据库（来源待追溯）,原始导入,未提供,2026-06-25,低,是,是,是,EXT1975,待来源追溯,原始数据保留；新增结构字段为规则化整理结果。,,214,
EXT1976,饺子 (通用),,扩展-加工食品,125,6.50,3.50,18.00,,饺子 (通用),饺子 (通用),预包装食品,加工食品,扩展-加工食品,100g,100,g,,,,未明确,,通用,原始数据库（来源待追溯）,原始导入,未提供,2026-06-25,低,是,是,是,EXT1976,待来源追溯,原始数据保留；新增结构字段为规则化整理结果。,,125,
EXT1977,麻辣香锅,麻辣香锅，麻辣干锅,中式外卖与菜品,99,4.62,5.23,9.73,0,麻辣香锅,麻辣香锅，麻辣干锅,餐饮菜品,中式热菜及其他餐饮,中式外卖与菜品,100g,100,g,,,,未明确,,,原始数据库（来源待追溯）,原始导入,未提供,2026-06-25,低,是,是,否,EXT1977,同名冲突待核验,原始数据保留；新增结构字段为规则化整理结果。,,99,
EXT1978,麻辣烫,麻辣烫，骨汤麻辣烫,中式外卖与菜品,70,4.03,3.6,6.44,0,麻辣烫,麻辣烫，骨汤麻辣烫,餐饮菜品,中式热菜及其他餐饮,中式外卖与菜品,100g,100,g,,,,未明确,,,原始数据库（来源待追溯）,原始导入,未提供,2026-06-25,低,是,是,否,EXT1978,同名冲突待核验,原始数据保留；新增结构字段为规则化整理结果。,,70,
EXT1979,卤肉饭,卤肉饭，滷肉飯，台式卤肉饭,中式外卖与菜品,170,6.35,7.35,19.0,0,卤肉饭,卤肉饭，滷肉飯，台式卤肉饭,餐饮菜品,中式热菜及其他餐饮,中式外卖与菜品,100g,100,g,,,,未明确,卤,,原始数据库（来源待追溯）,原始导入,未提供,2026-06-25,低,是,是,否,EXT1979,同名冲突待核验,原始数据保留；新增结构字段为规则化整理结果。,,170,
EXT1980,炸酱面,炸酱面，北京炸酱面,中式外卖与菜品,168,6.47,7.12,19.32,0,炸酱面,炸酱面，北京炸酱面,餐饮菜品,面食,中式外卖与菜品,100g,100,g,,,,未明确,炸,,原始数据库（来源待追溯）,原始导入,未提供,2026-06-25,低,是,是,否,EXT1980,同名冲突待核验,原始数据保留；新增结构字段为规则化整理结果。,,168,
EXT1981,螺蛳粉,螺蛳粉，柳州螺蛳粉,中式外卖与菜品,123,0.84,2.11,25.18,0,螺蛳粉,螺蛳粉，柳州螺蛳粉,餐饮菜品,面食,中式外卖与菜品,100g,100,g,,,,未明确,,,原始数据库（来源待追溯）,原始导入,未提供,2026-06-25,低,是,是,否,EXT1981,同名冲突待核验,原始数据保留；新增结构字段为规则化整理结果。,,123,
EXT1982,炒饭,炒饭，蛋炒饭，扬州炒饭,中式外卖与菜品,168,6.3,6.23,21.06,0,炒饭,炒饭，蛋炒饭，扬州炒饭,餐饮菜品,中式热菜及其他餐饮,中式外卖与菜品,100g,100,g,,,,未明确,炒,,原始数据库（来源待追溯）,原始导入,未提供,2026-06-25,低,是,是,是,EXT1982,待来源追溯,原始数据保留；新增结构字段为规则化整理结果。,,168,
EXT1983,凉皮,凉皮，陕西凉皮，麻酱凉皮,中式外卖与菜品,117,3.34,0.67,25.26,0,凉皮,凉皮，陕西凉皮，麻酱凉皮,餐饮菜品,中式热菜及其他餐饮,中式外卖与菜品,100g,100,g,,,,未明确,,,原始数据库（来源待追溯）,原始导入,未提供,2026-06-25,低,是,是,否,EXT1983,同名冲突待核验,原始数据保留；新增结构字段为规则化整理结果。,,117,
EXT1984,火锅（综合）,火锅，麻辣火锅，鸳鸯锅,中式外卖与菜品,76,5.28,3.61,6.08,0,火锅（综合）,火锅（综合），火锅，麻辣火锅，鸳鸯锅,餐饮菜品,中式热菜及其他餐饮,中式外卖与菜品,100g,100,g,,,,未明确,,,原始数据库（来源待追溯）,原始导入,未提供,2026-06-25,低,是,是,是,EXT1984,待来源追溯,原始数据保留；新增结构字段为规则化整理结果。,,76,
EXT1985,饺子,饺子，水饺，猪肉白菜饺,中式外卖与菜品,125,1.84,1.81,11.38,0,饺子,饺子，水饺，猪肉白菜饺,餐饮菜品,中式热菜及其他餐饮,中式外卖与菜品,100g,100,g,,,,未明确,,,原始数据库（来源待追溯）,原始导入,未提供,2026-06-25,低,是,是,否,EXT1985,同名冲突待核验,原始数据保留；新增结构字段为规则化整理结果。,,125,
EXT1986,叉烧饭,叉烧饭，叉燒飯，港式叉烧饭,中式外卖与菜品,190,13.77,8.68,12.97,0,叉烧饭,叉烧饭，叉燒飯，港式叉烧饭,餐饮菜品,中式热菜及其他餐饮,中式外卖与菜品,100g,100,g,,,,未明确,烧,,原始数据库（来源待追溯）,原始导入,未提供,2026-06-25,低,是,是,否,EXT1986,同名冲突待核验,原始数据保留；新增结构字段为规则化整理结果。,,190,
EXT1987,叉烧肉,叉烧肉，蜜汁叉烧，广式叉烧,中式外卖与菜品,280,24.0,16.28,8.34,0,叉烧肉,叉烧肉，蜜汁叉烧，广式叉烧,餐饮菜品,中式热菜及其他餐饮,中式外卖与菜品,100g,100,g,,,,未明确,烧,,原始数据库（来源待追溯）,原始导入,未提供,2026-06-25,低,是,是,否,EXT1987,同名冲突待核验,原始数据保留；新增结构字段为规则化整理结果。,,280,
EXT1988,黄焖鸡,黄焖鸡，黄焖鸡米饭，杨铭宇黄焖鸡,外卖-中式快餐,156.42,13.68,10.93,0.95,0.34,黄焖鸡,黄焖鸡，黄焖鸡米饭，杨铭宇黄焖鸡,餐饮菜品,快餐及套餐,外卖-中式快餐,100g,100,g,,,,未明确,,,原始数据库（来源待追溯）,原始导入,未提供,2026-06-25,低,是,是,是,EXT1988,待来源追溯,原始数据保留；新增结构字段为规则化整理结果。,,156.4,
EXT1989,酸菜鱼,酸菜鱼，老坛酸菜鱼，酸菜鱼片,外卖-中式快餐,97.78,13.09,4.40,1.64,0.19,酸菜鱼,酸菜鱼，老坛酸菜鱼，酸菜鱼片,餐饮菜品,快餐及套餐,外卖-中式快餐,100g,100,g,,,,未明确,,,原始数据库（来源待追溯）,原始导入,未提供,2026-06-25,低,是,是,否,EXT1989,同名冲突待核验,原始数据保留；新增结构字段为规则化整理结果。,,97.8,
EXT1990,重庆小面,重庆小面，麻辣小面，重庆麻辣小面,外卖-中式快餐,86.01,1.77,5.00,8.76,0.38,重庆小面,重庆小面，麻辣小面，重庆麻辣小面,餐饮菜品,快餐及套餐,外卖-中式快餐,100g,100,g,,,,未明确,,,原始数据库（来源待追溯）,原始导入,未提供,2026-06-25,低,是,是,是,EXT1990,待来源追溯,原始数据保留；新增结构字段为规则化整理结果。,,86,
EXT1991,兰州拉面,兰州拉面，兰州牛肉面，兰州清汤牛肉面,外卖-中式快餐,117,4.85,3.95,15.21,0,兰州拉面,兰州拉面，兰州牛肉面，兰州清汤牛肉面,餐饮菜品,快餐及套餐,外卖-中式快餐,100g,100,g,,,,未明确,,,原始数据库（来源待追溯）,原始导入,未提供,2026-06-25,低,是,是,否,EXT1991,同名冲突待核验,原始数据保留；新增结构字段为规则化整理结果。,,117,
EXT1992,宫保鸡丁,宫保鸡丁，宫保鸡丁饭，川味宫保鸡丁,外卖-中式快餐,170,15.0,9.0,8.0,0,宫保鸡丁,宫保鸡丁，宫保鸡丁饭，川味宫保鸡丁,餐饮菜品,快餐及套餐,外卖-中式快餐,100g,100,g,,,,未明确,,,原始数据库（来源待追溯）,原始导入,未提供,2026-06-25,低,是,是,否,EXT1992,同名冲突待核验,原始数据保留；新增结构字段为规则化整理结果。,,170,
EXT1993,鱼香肉丝,鱼香肉丝，川味鱼香肉丝，鱼香肉丝盖饭,外卖-中式快餐,145,10.0,8.0,8.0,0,鱼香肉丝,鱼香肉丝，川味鱼香肉丝，鱼香肉丝盖饭,餐饮菜品,快餐及套餐,外卖-中式快餐,100g,100,g,,,,未明确,,,原始数据库（来源待追溯）,原始导入,未提供,2026-06-25,低,是,是,是,EXT1993,待来源追溯,原始数据保留；新增结构字段为规则化整理结果。,,145,
EXT1994,水煮肉片,水煮肉片，川味水煮肉片，麻辣水煮肉片,外卖-中式快餐,155,10.2,18.7,7.6,2.5,水煮肉片,水煮肉片，川味水煮肉片，麻辣水煮肉片,餐饮菜品,快餐及套餐,外卖-中式快餐,100g,100,g,,,,未明确,煮,,原始数据库（来源待追溯）,原始导入,未提供,2026-06-25,低,是,是,否,EXT1994,同名冲突待核验,原始数据保留；新增结构字段为规则化整理结果。,,155,
EXT1995,糖醋里脊,糖醋里脊，糖醋里脊饭，糖醋肉,外卖-中式快餐,156,12.28,9.03,5.62,0.52,糖醋里脊,糖醋里脊，糖醋里脊饭，糖醋肉,餐饮菜品,快餐及套餐,外卖-中式快餐,100g,100,g,,,,未明确,,,原始数据库（来源待追溯）,原始导入,未提供,2026-06-25,低,是,是,否,EXT1995,同名冲突待核验,原始数据保留；新增结构字段为规则化整理结果。,,156,
EXT1996,麻辣烫,麻辣烫，骨汤麻辣烫，麻辣烫外卖,外卖-中式快餐,144,8.1,8.1,10.0,0,麻辣烫,麻辣烫，骨汤麻辣烫，麻辣烫外卖,餐饮菜品,快餐及套餐,外卖-中式快餐,100g,100,g,,,,未明确,,,原始数据库（来源待追溯）,原始导入,未提供,2026-06-25,低,是,是,否,EXT1996,同名冲突待核验,原始数据保留；新增结构字段为规则化整理结果。,,144,
EXT1997,大盘鸡,大盘鸡，新疆大盘鸡，土豆大盘鸡,外卖-中式快餐,111,10.38,5.33,5.76,0.7,大盘鸡,大盘鸡，新疆大盘鸡，土豆大盘鸡,餐饮菜品,快餐及套餐,外卖-中式快餐,100g,100,g,,,,未明确,,,原始数据库（来源待追溯）,原始导入,未提供,2026-06-25,低,是,是,否,EXT1997,同名冲突待核验,原始数据保留；新增结构字段为规则化整理结果。,,111,
EXT1998,沙县小吃鸡腿饭,沙县鸡腿饭，沙县小吃鸡腿饭，鸡腿饭套餐,外卖-中式快餐,129,9.92,4.28,13.04,0,沙县小吃鸡腿饭,沙县小吃鸡腿饭，沙县鸡腿饭，鸡腿饭套餐,餐饮菜品,快餐及套餐,外卖-中式快餐,100g,100,g,,,,未明确,,,原始数据库（来源待追溯）,原始导入,未提供,2026-06-25,低,是,是,是,EXT1998,待来源追溯,原始数据保留；新增结构字段为规则化整理结果。,,129,
EXT1999,毛血旺,毛血旺，川味毛血旺，重庆毛血旺,外卖-中式快餐,96,5.6,6.4,4.0,0,毛血旺,毛血旺，川味毛血旺，重庆毛血旺,餐饮菜品,快餐及套餐,外卖-中式快餐,100g,100,g,,,,未明确,,,原始数据库（来源待追溯）,原始导入,未提供,2026-06-25,低,是,是,是,EXT1999,待来源追溯,原始数据保留；新增结构字段为规则化整理结果。,,96,
EXT2000,过桥米线,过桥米线，云南过桥米线，鸡汤过桥米线,外卖-中式快餐,92.02,5.0,3.8,11.8,0,过桥米线,过桥米线，云南过桥米线，鸡汤过桥米线,餐饮菜品,快餐及套餐,外卖-中式快餐,100g,100,g,,,,未明确,,,原始数据库（来源待追溯）,原始导入,未提供,2026-06-25,低,是,是,否,EXT2000,同名冲突待核验,原始数据保留；新增结构字段为规则化整理结果。,,92,
EXT2001,台式卤肉饭,卤肉饭，台式卤肉饭，台式卤肉饭套餐,外卖-中式快餐,133,3.2,3.5,22.3,0,台式卤肉饭,台式卤肉饭，卤肉饭，台式卤肉饭套餐,餐饮菜品,快餐及套餐,外卖-中式快餐,100g,100,g,,,,未明确,卤,,原始数据库（来源待追溯）,原始导入,未提供,2026-06-25,低,是,是,是,EXT2001,待来源追溯,原始数据保留；新增结构字段为规则化整理结果。,,133,
EXT2002,炸鸡腿排饭,炸鸡排饭，炸鸡腿排饭，香酥鸡排饭,外卖-中式快餐,186,4.5,4.4,31.6,0,炸鸡腿排饭,炸鸡腿排饭，炸鸡排饭，香酥鸡排饭,餐饮菜品,快餐及套餐,外卖-中式快餐,100g,100,g,,,,未明确,炸,,原始数据库（来源待追溯）,原始导入,未提供,2026-06-25,低,是,是,是,EXT2002,待来源追溯,原始数据保留；新增结构字段为规则化整理结果。,,186,
EXT2003,盖浇饭,盖浇饭，快餐盖浇饭，什锦盖浇饭,外卖-中式快餐,160,5.3,5.3,18.7,0,盖浇饭,盖浇饭，快餐盖浇饭，什锦盖浇饭,餐饮菜品,快餐及套餐,外卖-中式快餐,100g,100,g,,,,未明确,,,原始数据库（来源待追溯）,原始导入,未提供,2026-06-25,低,是,是,是,EXT2003,待来源追溯,原始数据保留；新增结构字段为规则化整理结果。,,160,
EXT2004,水煮鱼,水煮鱼，川味水煮鱼，麻辣水煮鱼片,外卖-中式快餐,158.71,12.20,10.01,6.54,3.06,水煮鱼,水煮鱼，川味水煮鱼，麻辣水煮鱼片,餐饮菜品,快餐及套餐,外卖-中式快餐,100g,100,g,,,,未明确,煮,,原始数据库（来源待追溯）,原始导入,未提供,2026-06-25,低,是,是,否,EXT2004,同名冲突待核验,原始数据保留；新增结构字段为规则化整理结果。,,158.7,
EXT2005,回锅肉,回锅肉，川味回锅肉，蒜苗回锅肉,外卖-中式快餐,183.95,13.85,11.51,6.59,0.54,回锅肉,回锅肉，川味回锅肉，蒜苗回锅肉,餐饮菜品,快餐及套餐,外卖-中式快餐,100g,100,g,,,,未明确,,,原始数据库（来源待追溯）,原始导入,未提供,2026-06-25,低,是,是,否,EXT2005,同名冲突待核验,原始数据保留；新增结构字段为规则化整理结果。,,183.9,
EXT2006,干锅花菜,干锅花菜，干锅有机花菜，香辣干锅花菜,外卖-中式快餐,208.74,4.47,19.92,3.40,0.91,干锅花菜,干锅花菜，干锅有机花菜，香辣干锅花菜,餐饮菜品,快餐及套餐,外卖-中式快餐,100g,100,g,,,,未明确,,,原始数据库（来源待追溯）,原始导入,未提供,2026-06-25,低,是,是,是,EXT2006,待来源追溯,原始数据保留；新增结构字段为规则化整理结果。,,208.7,
EXT2007,咖喱饭,咖喱饭，日式咖喱饭，咖喱鸡肉饭,外卖-中式快餐,136,8.64,3.73,17.93,0,咖喱饭,咖喱饭，日式咖喱饭，咖喱鸡肉饭,餐饮菜品,快餐及套餐,外卖-中式快餐,100g,100,g,,,,未明确,,,原始数据库（来源待追溯）,原始导入,未提供,2026-06-25,低,是,是,是,EXT2007,待来源追溯,原始数据保留；新增结构字段为规则化整理结果。,,136,
EXT2008,鸡公煲,鸡公煲，重庆鸡公煲，麻辣鸡公煲,外卖-中式快餐,139,19.09,6.04,0.77,0,鸡公煲,鸡公煲，重庆鸡公煲，麻辣鸡公煲,餐饮菜品,快餐及套餐,外卖-中式快餐,100g,100,g,,,,未明确,,,原始数据库（来源待追溯）,原始导入,未提供,2026-06-25,低,是,是,是,EXT2008,待来源追溯,原始数据保留；新增结构字段为规则化整理结果。,,139,
EXT2009,地三鲜,地三鲜，东北地三鲜，地三鲜盖饭,外卖-中式快餐,84,2.0,4.44,10.05,0,地三鲜,地三鲜，东北地三鲜，地三鲜盖饭,餐饮菜品,快餐及套餐,外卖-中式快餐,100g,100,g,,,,生/鲜,,,原始数据库（来源待追溯）,原始导入,未提供,2026-06-25,低,是,是,否,EXT2009,同名冲突待核验,原始数据保留；新增结构字段为规则化整理结果。,,84,
EXT2010,烤鱼,烤鱼，万州烤鱼，巫山烤鱼，香辣烤鱼,外卖-中式快餐,193.72,15.05,14.39,1.10,0.03,烤鱼,烤鱼，万州烤鱼，巫山烤鱼，香辣烤鱼,餐饮菜品,快餐及套餐,外卖-中式快餐,100g,100,g,,,,未明确,烤,,原始数据库（来源待追溯）,原始导入,未提供,2026-06-25,低,是,是,是,EXT2010,待来源追溯,原始数据保留；新增结构字段为规则化整理结果。,,193.7,
EXT2011,煎饼果子,煎饼果子，天津煎饼果子，杂粮煎饼,外卖-早餐小吃,163.17,7.79,2.46,28.19,1.49,煎饼果子,煎饼果子，天津煎饼果子，杂粮煎饼,餐饮菜品,小吃,外卖-早餐小吃,100g,100,g,,,,未明确,煎,,原始数据库（来源待追溯）,原始导入,未提供,2026-06-25,低,是,是,否,EXT2011,同名冲突待核验,原始数据保留；新增结构字段为规则化整理结果。,,163.2,
EXT2012,包子（猪肉馅）,猪肉包子，肉包，鲜肉大包,外卖-早餐小吃,227,7.30,10.00,28.60,1.70,包子（猪肉馅）,包子（猪肉馅），猪肉包子，肉包，鲜肉大包,餐饮菜品,小吃,外卖-早餐小吃,100g,100,g,,,,未明确,,,原始数据库（来源待追溯）,原始导入,未提供,2026-06-25,低,是,是,是,EXT2012,待来源追溯,原始数据保留；新增结构字段为规则化整理结果。,,227,
EXT2013,热干面,热干面，武汉热干面，麻酱热干面,外卖-面食,153,4.20,2.40,28.70,0.20,热干面,热干面，武汉热干面，麻酱热干面,餐饮菜品,面食,外卖-面食,100g,100,g,,,,未明确,,,原始数据库（来源待追溯）,原始导入,未提供,2026-06-25,低,是,是,否,EXT2013,同名冲突待核验,原始数据保留；新增结构字段为规则化整理结果。,,153,
EXT2014,烩面,烩面，河南烩面，羊肉烩面,外卖-面食,365,11.0,1.80,74.90,0,烩面,烩面，河南烩面，羊肉烩面,餐饮菜品,面食,外卖-面食,100g,100,g,,,,未明确,,,原始数据库（来源待追溯）,原始导入,未提供,2026-06-25,低,是,是,是,EXT2014,待来源追溯,原始数据保留；新增结构字段为规则化整理结果。,,365,
EXT2015,麻婆豆腐,麻婆豆腐，川味麻婆豆腐，麻辣豆腐,外卖-家常菜,134.39,8.88,8.17,6.54,1.02,麻婆豆腐,麻婆豆腐，川味麻婆豆腐，麻辣豆腐,餐饮菜品,中式热菜及其他餐饮,外卖-家常菜,100g,100,g,,,,未明确,,,原始数据库（来源待追溯）,原始导入,未提供,2026-06-25,低,是,是,否,EXT2015,同名冲突待核验,原始数据保留；新增结构字段为规则化整理结果。,,134.4,
EXT2016,红烧肉,红烧肉，毛氏红烧肉，东坡肉,外卖-家常菜,497,8.13,49.83,3.88,0.52,红烧肉,红烧肉，毛氏红烧肉，东坡肉,餐饮菜品,中式热菜及其他餐饮,外卖-家常菜,100g,100,g,,,,未明确,烧,,原始数据库（来源待追溯）,原始导入,未提供,2026-06-25,低,是,是,否,EXT2016,同名冲突待核验,原始数据保留；新增结构字段为规则化整理结果。,,497,
EXT2017,番茄炒蛋,番茄炒蛋，西红柿炒鸡蛋，番茄炒鸡蛋,外卖-家常菜,82,5.65,4.66,4.02,0,番茄炒蛋,番茄炒蛋，西红柿炒鸡蛋，番茄炒鸡蛋,餐饮菜品,中式热菜及其他餐饮,外卖-家常菜,100g,100,g,,,,未明确,炒,,原始数据库（来源待追溯）,原始导入,未提供,2026-06-25,低,是,是,否,EXT2017,同名冲突待核验,原始数据保留；新增结构字段为规则化整理结果。,,82,
EXT2018,青椒炒肉,青椒炒肉，青椒肉丝，辣椒炒肉,外卖-家常菜,113,6.76,8.27,3.67,1.36,青椒炒肉,青椒炒肉，青椒肉丝，辣椒炒肉,餐饮菜品,中式热菜及其他餐饮,外卖-家常菜,100g,100,g,,,,未明确,炒,,原始数据库（来源待追溯）,原始导入,未提供,2026-06-25,低,是,是,是,EXT2018,待来源追溯,原始数据保留；新增结构字段为规则化整理结果。,,113,
EXT2019,蒜蓉西兰花,蒜蓉西兰花，蒜蓉西兰花菜，清炒西兰花,外卖-家常菜,42,3.47,2.11,4.15,0.02,蒜蓉西兰花,蒜蓉西兰花，蒜蓉西兰花菜，清炒西兰花,餐饮菜品,中式热菜及其他餐饮,外卖-家常菜,100g,100,g,,,,未明确,,,原始数据库（来源待追溯）,原始导入,未提供,2026-06-25,低,是,是,否,EXT2019,同名冲突待核验,原始数据保留；新增结构字段为规则化整理结果。,,42,
EXT2020,酸辣白菜,酸辣白菜，醋溜白菜，辣白菜,外卖-家常菜,48,1.94,2.89,4.19,1.38,酸辣白菜,酸辣白菜，醋溜白菜，辣白菜,餐饮菜品,中式热菜及其他餐饮,外卖-家常菜,100g,100,g,,,,未明确,,,原始数据库（来源待追溯）,原始导入,未提供,2026-06-25,低,是,是,是,EXT2020,待来源追溯,原始数据保留；新增结构字段为规则化整理结果。,,48,
EXT2021,麻辣豆腐,麻辣豆腐，家常麻辣豆腐，红烧豆腐,外卖-家常菜,80,5.71,10.80,5.07,0.52,麻辣豆腐,麻辣豆腐，家常麻辣豆腐，红烧豆腐,餐饮菜品,中式热菜及其他餐饮,外卖-家常菜,100g,100,g,,,,未明确,,,原始数据库（来源待追溯）,原始导入,未提供,2026-06-25,低,是,是,是,EXT2021,待来源追溯,原始数据保留；新增结构字段为规则化整理结果。,,80,
EXT2022,洋葱炒木耳,洋葱炒木耳，木耳炒洋葱，素炒木耳,外卖-家常菜,76,1.37,5.43,6.20,1.87,洋葱炒木耳,洋葱炒木耳，木耳炒洋葱，素炒木耳,餐饮菜品,中式热菜及其他餐饮,外卖-家常菜,100g,100,g,,,,未明确,炒,,原始数据库（来源待追溯）,原始导入,未提供,2026-06-25,低,是,是,是,EXT2022,待来源追溯,原始数据保留；新增结构字段为规则化整理结果。,,76,
EXT2023,烧鱼块,烧鱼块，红烧鱼块，家常烧鱼块,外卖-家常菜,116,14.60,5.10,0,0,烧鱼块,烧鱼块，红烧鱼块，家常烧鱼块,餐饮菜品,中式热菜及其他餐饮,外卖-家常菜,100g,100,g,,,,未明确,烧,,原始数据库（来源待追溯）,原始导入,未提供,2026-06-25,低,是,是,是,EXT2023,待来源追溯,原始数据保留；新增结构字段为规则化整理结果。,,116,
EXT2024,烤羊肉串,羊肉串，烤羊肉串，新疆羊肉串,外卖-烧烤,206,26.0,10.30,2.40,0,烤羊肉串,烤羊肉串，羊肉串，新疆羊肉串,餐饮菜品,中式热菜及其他餐饮,外卖-烧烤,100g,100,g,,,,未明确,烤,,原始数据库（来源待追溯）,原始导入,未提供,2026-06-25,低,是,是,是,EXT2024,待来源追溯,原始数据保留；新增结构字段为规则化整理结果。,,206,
EXT2025,烤牛肉串,牛肉串，烤牛肉串，炭烤牛肉串,外卖-烧烤,217,18.90,14.60,2.20,0.30,烤牛肉串,烤牛肉串，牛肉串，炭烤牛肉串,餐饮菜品,中式热菜及其他餐饮,外卖-烧烤,100g,100,g,,,,未明确,烤,,原始数据库（来源待追溯）,原始导入,未提供,2026-06-25,低,是,是,是,EXT2025,待来源追溯,原始数据保留；新增结构字段为规则化整理结果。,,217,
EXT2026,馒头（富强粉）,馒头，白馒头，蒸馒头,外卖-早餐小吃,210,6.20,1.20,44.20,1.00,馒头（富强粉）,馒头（富强粉），馒头，白馒头，蒸馒头,餐饮菜品,面食,外卖-早餐小吃,100g,100,g,,,,未明确,,,原始数据库（来源待追溯）,原始导入,未提供,2026-06-25,低,是,是,是,EXT2026,待来源追溯,原始数据保留；新增结构字段为规则化整理结果。,,210,
EXT2027,花卷,花卷，葱花卷，蒸花卷,外卖-早餐小吃,214,6.40,1.00,45.60,1.50,花卷,花卷，葱花卷，蒸花卷,餐饮菜品,小吃,外卖-早餐小吃,100g,100,g,,,,未明确,,,原始数据库（来源待追溯）,原始导入,未提供,2026-06-25,低,是,是,否,EXT2027,同名冲突待核验,原始数据保留；新增结构字段为规则化整理结果。,,214,
EXT2028,馄饨,馄饨，脆皮馄饨，抄手,外卖-早餐小吃,192.32,10.44,8.16,20.36,1.17,馄饨,馄饨，脆皮馄饨，抄手,餐饮菜品,小吃,外卖-早餐小吃,100g,100,g,,,,未明确,,,原始数据库（来源待追溯）,原始导入,未提供,2026-06-25,低,是,是,否,EXT2028,同名冲突待核验,原始数据保留；新增结构字段为规则化整理结果。,,192.3,
EXT2029,葱油拌面,葱油拌面，老上海葱油拌面,外卖-面食,144,4.25,4.82,20.69,0,葱油拌面,葱油拌面，老上海葱油拌面,餐饮菜品,面食,外卖-面食,100g,100,g,,,,未明确,,,原始数据库（来源待追溯）,原始导入,未提供,2026-06-25,低,是,是,是,EXT2029,待来源追溯,原始数据保留；新增结构字段为规则化整理结果。,,144,
EXT2030,臊子面,臊子面，岐山臊子面，肉臊子面,外卖-面食,119,3.10,4.37,16.43,0,臊子面,臊子面，岐山臊子面，肉臊子面,餐饮菜品,面食,外卖-面食,100g,100,g,,,,未明确,,,原始数据库（来源待追溯）,原始导入,未提供,2026-06-25,低,是,是,是,EXT2030,待来源追溯,原始数据保留；新增结构字段为规则化整理结果。,,119,
EXT2031,酸菜鱼,酸菜鱼，老坛酸菜鱼，川味酸菜鱼,外卖-家常菜,97.78,13.09,4.40,1.64,0.19,酸菜鱼,酸菜鱼，老坛酸菜鱼，川味酸菜鱼,餐饮菜品,中式热菜及其他餐饮,外卖-家常菜,100g,100,g,,,,未明确,,,原始数据库（来源待追溯）,原始导入,未提供,2026-06-25,低,是,是,否,EXT2031,同名冲突待核验,原始数据保留；新增结构字段为规则化整理结果。,,97.8,
EXT2032,糖醋排骨,糖醋排骨，酸甜排骨，沪式糖醋排骨,外卖-家常菜,264,18.30,20.40,1.70,0,糖醋排骨,糖醋排骨，酸甜排骨，沪式糖醋排骨,餐饮菜品,中式热菜及其他餐饮,外卖-家常菜,100g,100,g,,,,未明确,,,原始数据库（来源待追溯）,原始导入,未提供,2026-06-25,低,是,是,否,EXT2032,同名冲突待核验,原始数据保留；新增结构字段为规则化整理结果。,,264,
EXT2033,烤鸡腿,烤鸡腿，奥尔良烤鸡腿，炭烤鸡腿,外卖-烧烤,187,18.0,10.00,5.00,0,烤鸡腿,烤鸡腿，奥尔良烤鸡腿，炭烤鸡腿,餐饮菜品,中式热菜及其他餐饮,外卖-烧烤,100g,100,g,,,,未明确,烤,,原始数据库（来源待追溯）,原始导入,未提供,2026-06-25,低,是,是,是,EXT2033,待来源追溯,原始数据保留；新增结构字段为规则化整理结果。,,187,
EXT2034,烤鸡心,烤鸡心，炭烤鸡心，烧烤鸡心,外卖-烧烤,185,20.0,10.00,5.00,0,烤鸡心,烤鸡心，炭烤鸡心，烧烤鸡心,餐饮菜品,中式热菜及其他餐饮,外卖-烧烤,100g,100,g,,,,未明确,烤,,原始数据库（来源待追溯）,原始导入,未提供,2026-06-25,低,是,是,是,EXT2034,待来源追溯,原始数据保留；新增结构字段为规则化整理结果。,,185,
EXT2035,豆腐脑（带卤）,豆腐脑，豆花，咸豆花,外卖-早餐小吃,48,2.60,1.80,5.40,0.20,豆腐脑（带卤）,豆腐脑（带卤），豆腐脑，豆花，咸豆花,餐饮菜品,小吃,外卖-早餐小吃,100g,100,g,,,,未明确,卤,,原始数据库（来源待追溯）,原始导入,未提供,2026-06-25,低,是,是,是,EXT2035,待来源追溯,原始数据保留；新增结构字段为规则化整理结果。,,48,
EXT2036,油条,油条，油炸鬼，果子,外卖-早餐小吃,400,6.00,20.00,45.00,1.00,油条,油条，油炸鬼，果子,餐饮菜品,小吃,外卖-早餐小吃,100g,100,g,,,,未明确,,,原始数据库（来源待追溯）,原始导入,未提供,2026-06-25,低,是,是,否,EXT2036,同名冲突待核验,原始数据保留；新增结构字段为规则化整理结果。,,400,
EXT2037,担担面,担担面，四川担担面，臊子担担面,外卖-面食,146,4.04,7.08,16.99,0,担担面,担担面，四川担担面，臊子担担面,餐饮菜品,面食,外卖-面食,100g,100,g,,,,未明确,,,原始数据库（来源待追溯）,原始导入,未提供,2026-06-25,低,是,是,否,EXT2037,同名冲突待核验,原始数据保留；新增结构字段为规则化整理结果。,,146,
EXT2038,红烧鱼,红烧鱼，家常红烧鱼，贵州红烧鱼,外卖-家常菜,148.83,15.57,9.41,0.79,0.05,红烧鱼,红烧鱼，家常红烧鱼，贵州红烧鱼,餐饮菜品,中式热菜及其他餐饮,外卖-家常菜,100g,100,g,,,,未明确,烧,,原始数据库（来源待追溯）,原始导入,未提供,2026-06-25,低,是,是,是,EXT2038,待来源追溯,原始数据保留；新增结构字段为规则化整理结果。,,148.8,
EXT2039,鱼香茄子,鱼香茄子，川味鱼香茄子，蒜蓉鱼香茄子,外卖-家常菜,85,0,0,0,0,鱼香茄子,鱼香茄子，川味鱼香茄子，蒜蓉鱼香茄子,餐饮菜品,中式热菜及其他餐饮,外卖-家常菜,100g,100,g,,,,未明确,,,原始数据库（来源待追溯）,原始导入,未提供,2026-06-25,低,是,是,否,EXT2039,同名冲突待核验,有热量但三大营养素全零。未找到足够证据自动改值，暂停作为默认搜索主记录。,,85,有热量但三大营养素全零
EXT2041,烤鱿鱼,烤鱿鱼，碳烤鱿鱼，铁板鱿鱼,外卖-烧烤,100,16.00,2.00,5.00,0,烤鱿鱼,烤鱿鱼，碳烤鱿鱼，铁板鱿鱼,餐饮菜品,中式热菜及其他餐饮,外卖-烧烤,100g,100,g,,,,未明确,烤,,原始数据库（来源待追溯）,原始导入,未提供,2026-06-25,低,是,是,是,EXT2041,待来源追溯,原始数据保留；新增结构字段为规则化整理结果。,,100,
EXT2042,汉堡,汉堡，牛肉汉堡，芝士汉堡,外卖-西式快餐,295,17.00,14.00,24.00,1.30,汉堡,汉堡，牛肉汉堡，芝士汉堡,餐饮菜品,快餐及套餐,外卖-西式快餐,100g,100,g,,,,未明确,,,原始数据库（来源待追溯）,原始导入,未提供,2026-06-25,低,是,是,否,EXT2042,同名冲突待核验,原始数据保留；新增结构字段为规则化整理结果。,,295,
EXT2043,披萨（芝士）,披萨，比萨饼，芝士披萨,外卖-西式快餐,225,12.20,5.10,32.50,0,披萨（芝士）,披萨（芝士），披萨，比萨饼，芝士披萨,餐饮菜品,快餐及套餐,外卖-西式快餐,100g,100,g,,,,未明确,,,原始数据库（来源待追溯）,原始导入,未提供,2026-06-25,低,是,是,是,EXT2043,待来源追溯,原始数据保留；新增结构字段为规则化整理结果。,,225,
EXT2044,三明治（牛肉芝士）,三明治，牛肉三明治，芝士三明治,外卖-西式快餐,202.61,10.82,7.24,23.76,0.43,三明治（牛肉芝士）,三明治（牛肉芝士），三明治，牛肉三明治，芝士三明治,餐饮菜品,快餐及套餐,外卖-西式快餐,100g,100,g,,,,未明确,,,原始数据库（来源待追溯）,原始导入,未提供,2026-06-25,低,是,是,是,EXT2044,待来源追溯,原始数据保留；新增结构字段为规则化整理结果。,,202.6,
EXT2045,炸鸡,炸鸡，美式炸鸡，脆皮炸鸡,外卖-西式快餐,297,15.59,18.82,16.32,0,炸鸡,炸鸡，美式炸鸡，脆皮炸鸡,餐饮菜品,快餐及套餐,外卖-西式快餐,100g,100,g,,,,未明确,炸,,原始数据库（来源待追溯）,原始导入,未提供,2026-06-25,低,是,是,否,EXT2045,同名冲突待核验,原始数据保留；新增结构字段为规则化整理结果。,,297,
EXT2046,生煎包,生煎包，水煎包，上海生煎,外卖-早餐小吃,294.08,8.94,20.10,19.16,0.48,生煎包,生煎包，水煎包，上海生煎,餐饮菜品,小吃,外卖-早餐小吃,100g,100,g,,,,生/鲜,煎,,原始数据库（来源待追溯）,原始导入,未提供,2026-06-25,低,是,是,否,EXT2046,同名冲突待核验,原始数据保留；新增结构字段为规则化整理结果。,,294.1,
EXT2047,小笼包,小笼包，小笼汤包，灌汤小笼,外卖-早餐小吃,195,9.00,8.00,22.00,0.50,小笼包,小笼包，小笼汤包，灌汤小笼,餐饮菜品,小吃,外卖-早餐小吃,100g,100,g,,,,未明确,,,原始数据库（来源待追溯）,原始导入,未提供,2026-06-25,低,是,是,否,EXT2047,同名冲突待核验,原始数据保留；新增结构字段为规则化整理结果。,,195,
EXT2048,手抓饼,手抓饼，葱抓饼，台湾手抓饼,外卖-小吃,306,9.02,11.58,40.52,0,手抓饼,手抓饼，葱抓饼，台湾手抓饼,餐饮菜品,小吃,外卖-小吃,100g,100,g,,,,未明确,,,原始数据库（来源待追溯）,原始导入,未提供,2026-06-25,低,是,是,否,EXT2048,同名冲突待核验,原始数据保留；新增结构字段为规则化整理结果。,,306,
EXT2049,家常豆腐,家常豆腐，红烧家常豆腐，煎豆腐,外卖-家常菜,130.62,7.69,9.30,4.37,0.76,家常豆腐,家常豆腐，红烧家常豆腐，煎豆腐,餐饮菜品,中式热菜及其他餐饮,外卖-家常菜,100g,100,g,,,,未明确,,,原始数据库（来源待追溯）,原始导入,未提供,2026-06-25,低,是,是,是,EXT2049,待来源追溯,原始数据保留；新增结构字段为规则化整理结果。,,130.6,
EXT2050,干煸豆角,干煸豆角，干煸四季豆，煸豆角,外卖-家常菜,34.41,2.13,0.31,5.75,2.57,干煸豆角,干煸豆角，干煸四季豆，煸豆角,餐饮菜品,中式热菜及其他餐饮,外卖-家常菜,100g,100,g,,,,未明确,,,原始数据库（来源待追溯）,原始导入,未提供,2026-06-25,低,是,是,是,EXT2050,待来源追溯,原始数据保留；新增结构字段为规则化整理结果。,,34.4,
EXT2051,石锅拌饭,石锅拌饭，韩式石锅拌饭，五花肉石锅拌饭,外卖-日韩料理,163.88,4.78,10.16,13.89,0.87,石锅拌饭,石锅拌饭，韩式石锅拌饭，五花肉石锅拌饭,餐饮菜品,中式热菜及其他餐饮,外卖-日韩料理,100g,100,g,,,,未明确,,,原始数据库（来源待追溯）,原始导入,未提供,2026-06-25,低,是,是,否,EXT2051,同名冲突待核验,原始数据保留；新增结构字段为规则化整理结果。,,163.9,
EXT2052,寿司,寿司，加州卷，日式寿司,外卖-日韩料理,143,5.80,2.00,26.10,0,寿司,寿司，加州卷，日式寿司,餐饮菜品,中式热菜及其他餐饮,外卖-日韩料理,100g,100,g,,,,未明确,,,原始数据库（来源待追溯）,原始导入,未提供,2026-06-25,低,是,是,否,EXT2052,同名冲突待核验,原始数据保留；新增结构字段为规则化整理结果。,,143,
EXT2053,肉夹馍,肉夹馍，腊汁肉夹馍，陕西肉夹馍,外卖-早餐小吃,345.60,11.70,13.95,43.51,0.29,肉夹馍,肉夹馍，腊汁肉夹馍，陕西肉夹馍,餐饮菜品,小吃,外卖-早餐小吃,100g,100,g,,,,未明确,,,原始数据库（来源待追溯）,原始导入,未提供,2026-06-25,低,是,是,否,EXT2053,同名冲突待核验,原始数据保留；新增结构字段为规则化整理结果。,,345.6,
EXT2054,肠粉（猪肉）,肠粉，猪肉肠粉，广式肠粉,外卖-早餐小吃,125,5.92,4.26,15.68,0.02,肠粉（猪肉）,肠粉（猪肉），肠粉，猪肉肠粉，广式肠粉,餐饮菜品,面食,外卖-早餐小吃,100g,100,g,,,,未明确,,,原始数据库（来源待追溯）,原始导入,未提供,2026-06-25,低,是,是,是,EXT2054,待来源追溯,原始数据保留；新增结构字段为规则化整理结果。,,125,
EXT2055,烤冷面,烤冷面，东北烤冷面，铁板烤冷面,外卖-小吃,166,7.00,3.80,25.00,1.20,烤冷面,烤冷面，东北烤冷面，铁板烤冷面,餐饮菜品,面食,外卖-小吃,100g,100,g,,,,未明确,烤,,原始数据库（来源待追溯）,原始导入,未提供,2026-06-25,低,是,是,否,EXT2055,同名冲突待核验,原始数据保留；新增结构字段为规则化整理结果。,,166,
EXT2056,意大利面（熟）,意面，意大利面，番茄意面,外卖-西式快餐,131,5.00,1.10,25.00,1.80,意大利面（熟）,意大利面（熟），意面，意大利面，番茄意面,餐饮菜品,快餐及套餐,外卖-西式快餐,100g,100,g,,,,熟,,,原始数据库（来源待追溯）,原始导入,未提供,2026-06-25,低,是,是,是,EXT2056,待来源追溯,原始数据保留；新增结构字段为规则化整理结果。,,131,
EXT2057,番茄肉酱意面,番茄肉酱意面，意面肉酱，肉酱意大利面,外卖-西式快餐,158.38,6.39,2.75,27.28,0.45,番茄肉酱意面,番茄肉酱意面，意面肉酱，肉酱意大利面,餐饮菜品,快餐及套餐,外卖-西式快餐,100g,100,g,,,,未明确,,,原始数据库（来源待追溯）,原始导入,未提供,2026-06-25,低,是,是,是,EXT2057,待来源追溯,原始数据保留；新增结构字段为规则化整理结果。,,158.4,
EXT2058,牛肉丸,牛肉丸，潮汕牛肉丸，手打牛肉丸,外卖-火锅食材,141.42,20.25,5.78,2.12,0.03,牛肉丸,牛肉丸，潮汕牛肉丸，手打牛肉丸,餐饮菜品,中式热菜及其他餐饮,外卖-火锅食材,100g,100,g,,,,未明确,,,原始数据库（来源待追溯）,原始导入,未提供,2026-06-25,低,是,是,是,EXT2058,待来源追溯,原始数据保留；新增结构字段为规则化整理结果。,,141.4,
EXT2059,毛肚,毛肚，涮毛肚，牛百叶,外卖-火锅食材,70,13.20,1.50,0,0,毛肚,毛肚，涮毛肚，牛百叶,餐饮菜品,中式热菜及其他餐饮,外卖-火锅食材,100g,100,g,,,,未明确,,,原始数据库（来源待追溯）,原始导入,未提供,2026-06-25,低,是,是,否,EXT2059,同名冲突待核验,原始数据保留；新增结构字段为规则化整理结果。,,70,
EXT2060,肥牛卷,肥牛卷，火锅肥牛，涮肥牛,外卖-火锅食材,301,13.80,27.70,0,0,肥牛卷,肥牛卷，火锅肥牛，涮肥牛,餐饮菜品,中式热菜及其他餐饮,外卖-火锅食材,100g,100,g,,,,未明确,,,原始数据库（来源待追溯）,原始导入,未提供,2026-06-25,低,是,是,是,EXT2060,待来源追溯,原始数据保留；新增结构字段为规则化整理结果。,,301,
EXT2061,肥羊卷,肥羊卷，火锅肥羊，涮羊肉,外卖-火锅食材,202,19.00,14.10,0,0,肥羊卷,肥羊卷，火锅肥羊，涮羊肉,餐饮菜品,中式热菜及其他餐饮,外卖-火锅食材,100g,100,g,,,,未明确,,,原始数据库（来源待追溯）,原始导入,未提供,2026-06-25,低,是,是,是,EXT2061,待来源追溯,原始数据保留；新增结构字段为规则化整理结果。,,202,
EXT2062,鱼丸（包心）,鱼丸，包心鱼丸，福州鱼丸,外卖-火锅食材,134.70,14.62,5.30,7.21,0.08,鱼丸（包心）,鱼丸（包心），鱼丸，包心鱼丸，福州鱼丸,餐饮菜品,中式热菜及其他餐饮,外卖-火锅食材,100g,100,g,,,,未明确,,,原始数据库（来源待追溯）,原始导入,未提供,2026-06-25,低,是,是,是,EXT2062,待来源追溯,原始数据保留；新增结构字段为规则化整理结果。,,134.7,
EXT2063,蚝油生菜,蚝油生菜，蚝油炒生菜，蒜蓉蚝油生菜,外卖-家常菜,31.24,1.45,1.35,3.64,0,蚝油生菜,蚝油生菜，蚝油炒生菜，蒜蓉蚝油生菜,餐饮菜品,中式热菜及其他餐饮,外卖-家常菜,100g,100,g,,,,生/鲜,,,原始数据库（来源待追溯）,原始导入,未提供,2026-06-25,低,是,是,否,EXT2063,同名冲突待核验,原始数据保留；新增结构字段为规则化整理结果。,,31.2,
EXT2064,可乐鸡翅,可乐鸡翅，可乐烧鸡翅，可乐焖鸡翅,外卖-家常菜,189.19,17.59,10.56,5.86,0.02,可乐鸡翅,可乐鸡翅，可乐烧鸡翅，可乐焖鸡翅,饮料,其他饮料,外卖-家常菜,100g,100,g,,,,未明确,,,原始数据库（来源待追溯）,原始导入,未提供,2026-06-25,低,是,是,是,EXT2064,待来源追溯,原始数据保留；新增结构字段为规则化整理结果。,,189.2,
EXT2065,水煮肉片,水煮肉片，川味水煮肉片，麻辣水煮肉片,外卖-家常菜,158,0,0,0,0,水煮肉片,水煮肉片，川味水煮肉片，麻辣水煮肉片,餐饮菜品,中式热菜及其他餐饮,外卖-家常菜,100g,100,g,,,,未明确,煮,,原始数据库（来源待追溯）,原始导入,未提供,2026-06-25,低,是,是,否,EXT2065,同名冲突待核验,有热量但三大营养素全零。未找到足够证据自动改值，暂停作为默认搜索主记录。,,158,有热量但三大营养素全零
EXT2067,珍珠奶茶,珍珠奶茶，奶茶，波霸奶茶,饮品-奶茶,96,1.09,1.08,20.79,0,珍珠奶茶,珍珠奶茶，奶茶，波霸奶茶,其他,其他,饮品-奶茶,100g,100,g,,,,未明确,,,原始数据库（来源待追溯）,原始导入,未提供,2026-06-25,低,否,否,否,EXT2067,同名冲突待核验,原始数据保留；新增结构字段为规则化整理结果。,,96,
EXT2068,拿铁咖啡,拿铁咖啡，星巴克拿铁，咖啡拿铁,饮品-咖啡,51,1.90,1.40,7.70,0,拿铁咖啡,拿铁咖啡，星巴克拿铁，咖啡拿铁,饮料,咖啡,饮品-咖啡,100g,100,g,,,,未明确,,,原始数据库（来源待追溯）,原始导入,未提供,2026-06-25,低,否,否,否,EXT2068,同名冲突待核验,原始数据保留；新增结构字段为规则化整理结果。,,51,
EXT2069,美式咖啡,美式咖啡，星巴克美式，黑咖啡,饮品-咖啡,3,0.22,0,0.66,0,美式咖啡,美式咖啡，星巴克美式，黑咖啡,饮料,咖啡,饮品-咖啡,100g,100,g,,,,未明确,,,原始数据库（来源待追溯）,原始导入,未提供,2026-06-25,低,否,否,否,EXT2069,同名冲突待核验,原始数据保留；新增结构字段为规则化整理结果。,,3,
EXT2070,星冰乐,星冰乐，星巴克星冰乐，抹茶星冰乐,饮品-咖啡,71,2.10,1.10,13.00,0,星冰乐,星冰乐，星巴克星冰乐，抹茶星冰乐,饮料,咖啡,饮品-咖啡,100g,100,g,,,,未明确,,,原始数据库（来源待追溯）,原始导入,未提供,2026-06-25,中,否,否,是,EXT2070,待来源追溯,原始数据保留；新增结构字段为规则化整理结果。,,71,
EXT2071,虾滑,虾滑，火锅虾滑，鲜虾滑,外卖-火锅食材,68,11.50,1.60,3.60,0,虾滑,虾滑，火锅虾滑，鲜虾滑,餐饮菜品,中式热菜及其他餐饮,外卖-火锅食材,100g,100,g,,,,未明确,,,原始数据库（来源待追溯）,原始导入,未提供,2026-06-25,低,是,是,否,EXT2071,同名冲突待核验,原始数据保留；新增结构字段为规则化整理结果。,,68,
EXT2072,蒜蓉西兰花,蒜蓉西兰花，蒜泥西兰花，蒜蓉炒西兰花,外卖-家常菜,42,3.47,2.11,4.15,2.52,蒜蓉西兰花,蒜蓉西兰花，蒜泥西兰花，蒜蓉炒西兰花,餐饮菜品,中式热菜及其他餐饮,外卖-家常菜,100g,100,g,,,,未明确,,,原始数据库（来源待追溯）,原始导入,未提供,2026-06-25,低,是,是,否,EXT2072,同名冲突待核验,原始数据保留；新增结构字段为规则化整理结果。,,42,
EXT2074,雪碧,雪碧，柠檬汽水,饮品-碳酸饮料,36,0,0,8.60,0,雪碧,雪碧，柠檬汽水,饮料,其他饮料,饮品-碳酸饮料,100g,100,g,,,,未明确,,,原始数据库（来源待追溯）,原始导入,未提供,2026-06-25,中,否,否,是,EXT2074,待来源追溯,原始数据保留；新增结构字段为规则化整理结果。,,36,
EXT2075,冰淇淋,冰淇淋，雪糕，冰激凌,甜品,201,3.52,10.72,24.40,0,冰淇淋,冰淇淋，雪糕，冰激凌,零食甜品,糕点甜品,甜品,100g,100,g,,,,未明确,,,原始数据库（来源待追溯）,原始导入,未提供,2026-06-25,低,否,否,否,EXT2075,同名冲突待核验,原始数据保留；新增结构字段为规则化整理结果。,,201,
EXT2076,提拉米苏,提拉米苏，Tiramisu，意大利甜点,甜品,283,4.77,18.20,24.41,0,提拉米苏,提拉米苏，Tiramisu，意大利甜点,零食甜品,糕点甜品,甜品,100g,100,g,,,,未明确,,,原始数据库（来源待追溯）,原始导入,未提供,2026-06-25,中,否,否,是,EXT2076,待来源追溯,原始数据保留；新增结构字段为规则化整理结果。,,283,
EXT2077,芝士蛋糕,芝士蛋糕，奶酪蛋糕，起司蛋糕,甜品,321,5.50,22.50,25.50,0,芝士蛋糕,芝士蛋糕，奶酪蛋糕，起司蛋糕,零食甜品,糕点甜品,甜品,100g,100,g,,,,未明确,,,原始数据库（来源待追溯）,原始导入,未提供,2026-06-25,低,否,否,否,EXT2077,同名冲突待核验,原始数据保留；新增结构字段为规则化整理结果。,,321,
EXT2078,豆浆,豆浆，豆奶，现磨豆浆,饮品-豆奶,37,3.30,1.90,1.60,0,豆浆,豆浆，豆奶，现磨豆浆,豆类及豆制品,豆制品,饮品-豆奶,100g,100,g,,,,未明确,,,原始数据库（来源待追溯）,原始导入,未提供,2026-06-25,低,否,否,否,EXT2078,同名冲突待核验,原始数据保留；新增结构字段为规则化整理结果。,,37,
EXT2079,椰树椰汁,椰汁，椰子汁，椰树牌椰汁,饮品-果汁,51,0.60,2.30,7.00,0,椰树椰汁,椰树椰汁，椰汁，椰子汁，椰树牌椰汁,饮料,果蔬汁,饮品-果汁,100g,100,g,,,,未明确,,,原始数据库（来源待追溯）,原始导入,未提供,2026-06-25,中,否,否,是,EXT2079,待来源追溯,原始数据保留；新增结构字段为规则化整理结果。,,51,
EXT2080,蛋挞,蛋挞，葡式蛋挞，港式蛋挞,甜品,376.41,6.86,22.10,37.78,0.67,蛋挞,蛋挞，葡式蛋挞，港式蛋挞,零食甜品,糕点甜品,甜品,100g,100,g,,,,未明确,,,原始数据库（来源待追溯）,原始导入,未提供,2026-06-25,低,否,否,否,EXT2080,同名冲突待核验,原始数据保留；新增结构字段为规则化整理结果。,,376.4,
EXT2081,马卡龙,马卡龙，法式马卡龙，杏仁饼,甜品,390,6.49,13.45,64.17,0,马卡龙,马卡龙，法式马卡龙，杏仁饼,零食甜品,糕点甜品,甜品,100g,100,g,,,,未明确,,,原始数据库（来源待追溯）,原始导入,未提供,2026-06-25,中,否,否,是,EXT2081,待来源追溯,原始数据保留；新增结构字段为规则化整理结果。,,390,
EXT2082,甜甜圈,甜甜圈，炸面包圈，糖霜甜甜圈,甜品,421,5.00,22.90,49.70,1.50,甜甜圈,甜甜圈，炸面包圈，糖霜甜甜圈,零食甜品,糕点甜品,甜品,100g,100,g,,,,未明确,,,原始数据库（来源待追溯）,原始导入,未提供,2026-06-25,中,否,否,是,EXT2082,待来源追溯,原始数据保留；新增结构字段为规则化整理结果。,,421,
EXT2083,大盘鸡,大盘鸡，新疆大盘鸡，土豆烧鸡,外卖-家常菜,149.40,10.33,8.60,8.51,1.36,大盘鸡,大盘鸡，新疆大盘鸡，土豆烧鸡,餐饮菜品,中式热菜及其他餐饮,外卖-家常菜,100g,100,g,,,,未明确,,,原始数据库（来源待追溯）,原始导入,未提供,2026-06-25,低,是,是,否,EXT2083,同名冲突待核验,原始数据保留；新增结构字段为规则化整理结果。,,149.4,
EXT2084,干锅鸡,干锅鸡，干锅鸡块，香辣干锅鸡,外卖-家常菜,149.98,13.24,8.73,4.85,0,干锅鸡,干锅鸡，干锅鸡块，香辣干锅鸡,餐饮菜品,中式热菜及其他餐饮,外卖-家常菜,100g,100,g,,,,未明确,,,原始数据库（来源待追溯）,原始导入,未提供,2026-06-25,低,是,是,是,EXT2084,待来源追溯,原始数据保留；新增结构字段为规则化整理结果。,,150,
EXT2085,辣条,辣条，麻辣条，面筋辣条,零食,378,8.34,15.33,50.13,0,辣条,辣条，麻辣条，面筋辣条,零食甜品,零食糖果,零食,100g,100,g,,,,未明确,,,原始数据库（来源待追溯）,原始导入,未提供,2026-06-25,中,否,否,是,EXT2085,待来源追溯,原始数据保留；新增结构字段为规则化整理结果。,,378,
EXT2086,锅巴,锅巴，小米锅巴，香脆锅巴,零食,512,7.01,28.62,56.06,0,锅巴,锅巴，小米锅巴，香脆锅巴,零食甜品,零食糖果,零食,100g,100,g,,,,未明确,,,原始数据库（来源待追溯）,原始导入,未提供,2026-06-25,中,否,否,是,EXT2086,待来源追溯,原始数据保留；新增结构字段为规则化整理结果。,,512,
EXT2087,爆米花（气爆）,爆米花，气爆爆米花，无油爆米花,零食,387,12.94,4.54,77.78,0,爆米花（气爆）,爆米花（气爆），爆米花，气爆爆米花，无油爆米花,零食甜品,零食糖果,零食,100g,100,g,,,,未明确,,,原始数据库（来源待追溯）,原始导入,未提供,2026-06-25,中,否,否,是,EXT2087,待来源追溯,原始数据保留；新增结构字段为规则化整理结果。,,387,
EXT2088,薯片,薯片，土豆片，油炸薯片,零食,547,6.56,37.47,49.74,4.40,薯片,薯片，土豆片，油炸薯片,零食甜品,零食糖果,零食,100g,100,g,,,,未明确,,,原始数据库（来源待追溯）,原始导入,未提供,2026-06-25,中,否,否,是,EXT2088,待来源追溯,原始数据保留；新增结构字段为规则化整理结果。,,547,
EXT2089,水果沙拉,水果沙拉，酸奶水果沙拉，鲜果沙拉,外卖-沙拉,137.17,0.41,9.35,6.85,1.11,水果沙拉,水果沙拉，酸奶水果沙拉，鲜果沙拉,餐饮菜品,中式热菜及其他餐饮,外卖-沙拉,100g,100,g,,,,未明确,,,原始数据库（来源待追溯）,原始导入,未提供,2026-06-25,低,是,是,是,EXT2089,待来源追溯,原始数据保留；新增结构字段为规则化整理结果。,,137.2,
EXT2090,凯撒沙拉,凯撒沙拉，凯撒沙拉加生菜，Caesar Salad,外卖-沙拉,260,11.00,20.50,7.60,1.20,凯撒沙拉,凯撒沙拉，凯撒沙拉加生菜，Caesar Salad,餐饮菜品,中式热菜及其他餐饮,外卖-沙拉,100g,100,g,,,,未明确,,,原始数据库（来源待追溯）,原始导入,未提供,2026-06-25,低,是,是,否,EXT2090,同名冲突待核验,原始数据保留；新增结构字段为规则化整理结果。,,260,
EXT2091,红烧排骨,红烧排骨，炖排骨，酱烧排骨,外卖-家常菜,255,15.52,19.58,3.63,0,红烧排骨,红烧排骨，炖排骨，酱烧排骨,餐饮菜品,中式热菜及其他餐饮,外卖-家常菜,100g,100,g,,,,未明确,烧,,原始数据库（来源待追溯）,原始导入,未提供,2026-06-25,低,是,是,是,EXT2091,待来源追溯,原始数据保留；新增结构字段为规则化整理结果。,,255,
EXT2092,回锅肉,回锅肉，川味回锅肉，蒜苗回锅肉,外卖-家常菜,415,7.11,41.15,4.61,0,回锅肉,回锅肉，川味回锅肉，蒜苗回锅肉,餐饮菜品,中式热菜及其他餐饮,外卖-家常菜,100g,100,g,,,,未明确,,,原始数据库（来源待追溯）,原始导入,未提供,2026-06-25,低,是,是,否,EXT2092,同名冲突待核验,原始数据保留；新增结构字段为规则化整理结果。,,415,
EXT2093,锅包肉,锅包肉，东北锅包肉，糖醋锅包肉,外卖-家常菜,214,15.13,14.25,5.26,0,锅包肉,锅包肉，东北锅包肉，糖醋锅包肉,餐饮菜品,中式热菜及其他餐饮,外卖-家常菜,100g,100,g,,,,未明确,,,原始数据库（来源待追溯）,原始导入,未提供,2026-06-25,低,是,是,否,EXT2093,同名冲突待核验,原始数据保留；新增结构字段为规则化整理结果。,,214,
EXT2094,关东煮,关东煮，日式关东煮，便利店关东煮,外卖-小吃,124,7.31,5.58,10.73,0,关东煮,关东煮，日式关东煮，便利店关东煮,餐饮菜品,小吃,外卖-小吃,100g,100,g,,,,未明确,煮,,原始数据库（来源待追溯）,原始导入,未提供,2026-06-25,低,是,是,是,EXT2094,待来源追溯,原始数据保留；新增结构字段为规则化整理结果。,,124,
EXT2095,卤蛋,卤蛋，卤鸡蛋，五香卤蛋,外卖-卤味,132,12.10,8.16,2.18,0,卤蛋,卤蛋，卤鸡蛋，五香卤蛋,餐饮菜品,中式热菜及其他餐饮,外卖-卤味,100g,100,g,,,,未明确,卤,,原始数据库（来源待追溯）,原始导入,未提供,2026-06-25,低,是,是,否,EXT2095,同名冲突待核验,原始数据保留；新增结构字段为规则化整理结果。,,132,
EXT2096,卤牛肉,卤牛肉，酱牛肉，五香牛肉,外卖-卤味,151,19.85,6.27,3.07,0,卤牛肉,卤牛肉，酱牛肉，五香牛肉,餐饮菜品,中式热菜及其他餐饮,外卖-卤味,100g,100,g,,,,未明确,卤,,原始数据库（来源待追溯）,原始导入,未提供,2026-06-25,低,是,是,是,EXT2096,待来源追溯,原始数据保留；新增结构字段为规则化整理结果。,,151,
EXT2097,卤鸭脖,卤鸭脖，周黑鸭鸭脖，麻辣鸭脖,外卖-卤味,201,31.40,4.90,7.40,0,卤鸭脖,卤鸭脖，周黑鸭鸭脖，麻辣鸭脖,餐饮菜品,中式热菜及其他餐饮,外卖-卤味,100g,100,g,,,,未明确,卤,,原始数据库（来源待追溯）,原始导入,未提供,2026-06-25,低,是,是,是,EXT2097,待来源追溯,原始数据保留；新增结构字段为规则化整理结果。,,201,
EXT2098,卤鸭翅,卤鸭翅，周黑鸭鸭翅，卤水鸭翅,外卖-卤味,182,28.80,3.60,8.40,0,卤鸭翅,卤鸭翅，周黑鸭鸭翅，卤水鸭翅,餐饮菜品,中式热菜及其他餐饮,外卖-卤味,100g,100,g,,,,未明确,卤,,原始数据库（来源待追溯）,原始导入,未提供,2026-06-25,低,是,是,是,EXT2098,待来源追溯,原始数据保留；新增结构字段为规则化整理结果。,,182,
EXT2099,烧卖,烧卖，糯米烧卖，猪肉烧卖,外卖-面点,252,10.81,4.99,39.45,0,烧卖,烧卖，糯米烧卖，猪肉烧卖,餐饮菜品,面食,外卖-面点,100g,100,g,,,,未明确,烧,,原始数据库（来源待追溯）,原始导入,未提供,2026-06-25,低,是,是,否,EXT2099,同名冲突待核验,原始数据保留；新增结构字段为规则化整理结果。,,252,
EXT2100,水晶蒸饺,水晶蒸饺，虾饺，水晶虾饺,外卖-面点,359.81,21.50,18.02,29.35,1.61,水晶蒸饺,水晶蒸饺，虾饺，水晶虾饺,餐饮菜品,面食,外卖-面点,100g,100,g,,,,未明确,蒸,,原始数据库（来源待追溯）,原始导入,未提供,2026-06-25,低,是,是,是,EXT2100,待来源追溯,原始数据保留；新增结构字段为规则化整理结果。,,359.8,
EXT2101,猪肉包子,猪肉包子，肉包子，猪肉包，大肉包,外卖-面点,231,7.30,10.00,28.60,1.70,猪肉包子,猪肉包子，肉包子，猪肉包，大肉包,餐饮菜品,面食,外卖-面点,100g,100,g,,,,未明确,,,原始数据库（来源待追溯）,原始导入,未提供,2026-06-25,低,是,是,是,EXT2101,待来源追溯,原始数据保留；新增结构字段为规则化整理结果。,,231,
EXT2102,菜包,菜包，素菜包，蔬菜包子，香菇青菜包,外卖-面点,169,6.96,1.72,34.72,0,菜包,菜包，素菜包，蔬菜包子，香菇青菜包,餐饮菜品,面食,外卖-面点,100g,100,g,,,,未明确,,,原始数据库（来源待追溯）,原始导入,未提供,2026-06-25,低,是,是,否,EXT2102,同名冲突待核验,原始数据保留；新增结构字段为规则化整理结果。,,169,
EXT2103,三文鱼寿司,三文鱼寿司，salmon sushi，握寿司,外卖-日料,170,6.59,1.30,32.15,0,三文鱼寿司,三文鱼寿司，salmon sushi，握寿司,餐饮菜品,中式热菜及其他餐饮,外卖-日料,100g,100,g,,,,未明确,,,原始数据库（来源待追溯）,原始导入,未提供,2026-06-25,低,是,是,是,EXT2103,待来源追溯,原始数据保留；新增结构字段为规则化整理结果。,,170,
EXT2104,加州卷,加州卷，California Roll，蟹棒牛油果卷,外卖-日料,126,5.29,0.47,24.27,0,加州卷,加州卷，California Roll，蟹棒牛油果卷,餐饮菜品,中式热菜及其他餐饮,外卖-日料,100g,100,g,,,,未明确,,,原始数据库（来源待追溯）,原始导入,未提供,2026-06-25,低,是,是,是,EXT2104,待来源追溯,原始数据保留；新增结构字段为规则化整理结果。,,126,
EXT2105,煎饼果子,煎饼果子，煎饼，天津煎饼，杂粮煎饼,外卖-小吃,163.17,7.79,2.46,28.19,1.49,煎饼果子,煎饼果子，煎饼，天津煎饼，杂粮煎饼,餐饮菜品,小吃,外卖-小吃,100g,100,g,,,,未明确,煎,,原始数据库（来源待追溯）,原始导入,未提供,2026-06-25,低,是,是,否,EXT2105,同名冲突待核验,原始数据保留；新增结构字段为规则化整理结果。,,163.2,
EXT2106,枣泥月饼,枣泥月饼，广式枣泥月饼,外卖-糕点,427,7.10,15.70,64.90,1.40,枣泥月饼,枣泥月饼，广式枣泥月饼,餐饮菜品,中式热菜及其他餐饮,外卖-糕点,100g,100,g,,,,未明确,,,原始数据库（来源待追溯）,原始导入,未提供,2026-06-25,低,是,是,是,EXT2106,待来源追溯,原始数据保留；新增结构字段为规则化整理结果。,,427,
EXT2107,春卷,春卷，炸春卷，三丝春卷,外卖-小吃,462,6.10,33.70,34.80,0,春卷,春卷，炸春卷，三丝春卷,餐饮菜品,小吃,外卖-小吃,100g,100,g,,,,未明确,,,原始数据库（来源待追溯）,原始导入,未提供,2026-06-25,低,是,是,否,EXT2107,同名冲突待核验,原始数据保留；新增结构字段为规则化整理结果。,,462,
EXT2108,三鲜水饺,三鲜水饺，虾仁水饺，三鲜饺子,外卖-面点,162.81,11.15,4.46,24.39,0.97,三鲜水饺,三鲜水饺，虾仁水饺，三鲜饺子,餐饮菜品,面食,外卖-面点,100g,100,g,,,,生/鲜,,,原始数据库（来源待追溯）,原始导入,未提供,2026-06-25,低,是,是,是,EXT2108,待来源追溯,原始数据保留；新增结构字段为规则化整理结果。,,162.8,
EXT2109,韭菜鲜肉水饺,韭菜鲜肉水饺，韭菜猪肉水饺，韭菜饺子,外卖-面点,230.35,15.33,4.21,34.65,1.99,韭菜鲜肉水饺,韭菜鲜肉水饺，韭菜猪肉水饺，韭菜饺子,餐饮菜品,面食,外卖-面点,100g,100,g,,,,生/鲜,,,原始数据库（来源待追溯）,原始导入,未提供,2026-06-25,低,是,是,是,EXT2109,待来源追溯,原始数据保留；新增结构字段为规则化整理结果。,,230.3,
EXT2110,干煸四季豆,干煸四季豆，干烧四季豆，煸炒豆角,外卖-家常菜,64,3.51,3.84,5.95,2.11,干煸四季豆,干煸四季豆，干烧四季豆，煸炒豆角,餐饮菜品,中式热菜及其他餐饮,外卖-家常菜,100g,100,g,,,,未明确,,,原始数据库（来源待追溯）,原始导入,未提供,2026-06-25,低,是,是,否,EXT2110,同名冲突待核验,原始数据保留；新增结构字段为规则化整理结果。,,64,
EXT2111,酸辣土豆丝,酸辣土豆丝，酸辣土豆丝，醋溜土豆丝,外卖-家常菜,121.50,2.25,5.77,14.43,1.51,酸辣土豆丝,酸辣土豆丝，醋溜土豆丝,餐饮菜品,中式热菜及其他餐饮,外卖-家常菜,100g,100,g,,,,未明确,,,原始数据库（来源待追溯）,原始导入,未提供,2026-06-25,低,是,是,否,EXT2111,同名冲突待核验,原始数据保留；新增结构字段为规则化整理结果。,,121.5,
EXT2112,烤羊肉,烤羊肉，羊肉串，碳烤羊肉，孜然羊肉串,外卖-烧烤,266,23.93,18.15,0,0,烤羊肉,烤羊肉，羊肉串，碳烤羊肉，孜然羊肉串,餐饮菜品,中式热菜及其他餐饮,外卖-烧烤,100g,100,g,,,,未明确,烤,,原始数据库（来源待追溯）,原始导入,未提供,2026-06-25,低,是,是,是,EXT2112,待来源追溯,原始数据保留；新增结构字段为规则化整理结果。,,266,
EXT2113,烤面筋,烤面筋，水面筋，炭烤面筋，烤面筋串,外卖-烧烤,142,23.50,0.10,0,0,烤面筋,烤面筋，水面筋，炭烤面筋，烤面筋串,餐饮菜品,面食,外卖-烧烤,100g,100,g,,,,未明确,烤,,原始数据库（来源待追溯）,原始导入,未提供,2026-06-25,低,是,是,否,EXT2113,同名冲突待核验,原始数据保留；新增结构字段为规则化整理结果。,,142,
EXT2114,披萨,披萨，pizza，意式披萨，必胜客披萨,外卖-西餐,275,13.80,11.90,28.70,0,披萨,披萨，pizza，意式披萨，必胜客披萨,餐饮菜品,中式热菜及其他餐饮,外卖-西餐,100g,100,g,,,,未明确,,,原始数据库（来源待追溯）,原始导入,未提供,2026-06-25,低,是,是,是,EXT2114,待来源追溯,原始数据保留；新增结构字段为规则化整理结果。,,275,
EXT2115,炸鸡,炸鸡，炸鸡腿，韩式炸鸡，美式炸鸡,外卖-西餐,297,15.59,18.82,16.32,0,炸鸡,炸鸡，炸鸡腿，韩式炸鸡，美式炸鸡,餐饮菜品,中式热菜及其他餐饮,外卖-西餐,100g,100,g,,,,未明确,炸,,原始数据库（来源待追溯）,原始导入,未提供,2026-06-25,低,是,是,否,EXT2115,同名冲突待核验,原始数据保留；新增结构字段为规则化整理结果。,,297,
EXT2116,天妇罗,天妇罗，炸虾天妇罗，日式炸物，tempura,外卖-日料,144.86,15.70,5.37,8.51,0.34,天妇罗,天妇罗，炸虾天妇罗，日式炸物，tempura,餐饮菜品,中式热菜及其他餐饮,外卖-日料,100g,100,g,,,,未明确,,,原始数据库（来源待追溯）,原始导入,未提供,2026-06-25,低,是,是,是,EXT2116,待来源追溯,原始数据保留；新增结构字段为规则化整理结果。,,144.9,
EXT2117,麻婆豆腐,麻婆豆腐，麻辣豆腐，mapo tofu,外卖-川菜,119,8.47,7.87,2.39,0,麻婆豆腐,麻婆豆腐，麻辣豆腐，mapo tofu,餐饮菜品,中式热菜及其他餐饮,外卖-川菜,100g,100,g,,,,未明确,,,原始数据库（来源待追溯）,原始导入,未提供,2026-06-25,低,是,是,否,EXT2117,同名冲突待核验,原始数据保留；新增结构字段为规则化整理结果。,,119,
EXT2118,番茄炒蛋,番茄炒蛋，西红柿炒鸡蛋，番茄炒鸡蛋,外卖-家常菜,105.88,5.25,8.49,3.22,1.08,番茄炒蛋,番茄炒蛋，西红柿炒鸡蛋，番茄炒鸡蛋,餐饮菜品,中式热菜及其他餐饮,外卖-家常菜,100g,100,g,,,,未明确,炒,,原始数据库（来源待追溯）,原始导入,未提供,2026-06-25,低,是,是,否,EXT2118,同名冲突待核验,原始数据保留；新增结构字段为规则化整理结果。,,105.9,
EXT2119,肉粽,肉粽，猪肉粽，鲜肉粽，咸粽子,外卖-小吃,260,7.00,8.00,40.30,0,肉粽,肉粽，猪肉粽，鲜肉粽，咸粽子,餐饮菜品,小吃,外卖-小吃,100g,100,g,,,,未明确,,,原始数据库（来源待追溯）,原始导入,未提供,2026-06-25,低,是,是,是,EXT2119,待来源追溯,原始数据保留；新增结构字段为规则化整理结果。,,260,
EXT2120,蛋黄肉粽,蛋黄肉粽，咸蛋黄肉粽，蛋黄粽子,外卖-小吃,278,7.70,9.30,40.80,0,蛋黄肉粽,蛋黄肉粽，咸蛋黄肉粽，蛋黄粽子,餐饮菜品,小吃,外卖-小吃,100g,100,g,,,,未明确,,,原始数据库（来源待追溯）,原始导入,未提供,2026-06-25,低,是,是,是,EXT2120,待来源追溯,原始数据保留；新增结构字段为规则化整理结果。,,278,
EXT2121,豆沙粽,豆沙粽，甜粽子，红豆沙粽，豆沙粽子,外卖-小吃,312,5.70,9.30,52.00,0,豆沙粽,豆沙粽，甜粽子，红豆沙粽，豆沙粽子,餐饮菜品,小吃,外卖-小吃,100g,100,g,,,,未明确,,,原始数据库（来源待追溯）,原始导入,未提供,2026-06-25,低,是,是,是,EXT2121,待来源追溯,原始数据保留；新增结构字段为规则化整理结果。,,312,
EXT2122,鸭血粉丝汤,鸭血粉丝汤，南京鸭血粉丝，鸭血粉丝,外卖-小吃,166,9.10,3.90,23.30,0,鸭血粉丝汤,鸭血粉丝汤，南京鸭血粉丝，鸭血粉丝,餐饮菜品,面食,外卖-小吃,100g,100,g,,,,未明确,,,原始数据库（来源待追溯）,原始导入,未提供,2026-06-25,低,是,是,是,EXT2122,待来源追溯,原始数据保留；新增结构字段为规则化整理结果。,,166,
EXT2123,啤酒,啤酒，beer，普通啤酒，熟啤,饮品-酒类,43,0.46,0,3.55,0,啤酒,啤酒，beer，普通啤酒，熟啤,酒类,啤酒,饮品-酒类,100g,100,g,,,,未明确,,,原始数据库（来源待追溯）,原始导入,未提供,2026-06-25,低,否,否,否,EXT2123,同名冲突待核验,原始数据保留；新增结构字段为规则化整理结果。,,43,
EXT2124,红酒,红酒，葡萄酒，红葡萄酒，干红,饮品-酒类,84,0.10,0,2.72,0,红酒,红酒，葡萄酒，红葡萄酒，干红,酒类,其他酒类,饮品-酒类,100g,100,g,,,,未明确,,,原始数据库（来源待追溯）,原始导入,未提供,2026-06-25,中,否,否,是,EXT2124,待来源追溯,原始数据保留；新增结构字段为规则化整理结果。,,84,
EXT2125,水煮牛肉,水煮牛肉，川味水煮牛肉，麻辣水煮牛肉,外卖-川菜,164.82,13.43,10.81,3.90,1.30,水煮牛肉,水煮牛肉，川味水煮牛肉，麻辣水煮牛肉,餐饮菜品,中式热菜及其他餐饮,外卖-川菜,100g,100,g,,,,未明确,煮,,原始数据库（来源待追溯）,原始导入,未提供,2026-06-25,低,是,是,是,EXT2125,待来源追溯,原始数据保留；新增结构字段为规则化整理结果。,,164.8,
EXT2126,石锅拌饭,石锅拌饭，韩式石锅拌饭，bibimbap,外卖-韩餐,163.88,4.78,10.16,13.89,0.87,石锅拌饭,石锅拌饭，韩式石锅拌饭，bibimbap,餐饮菜品,中式热菜及其他餐饮,外卖-韩餐,100g,100,g,,,,未明确,,,原始数据库（来源待追溯）,原始导入,未提供,2026-06-25,低,是,是,否,EXT2126,同名冲突待核验,原始数据保留；新增结构字段为规则化整理结果。,,163.9,
EXT2127,韩式炸鸡,韩式炸鸡，韩式炸鸡腿，韩式辣酱炸鸡,外卖-韩餐,219,12.00,8.30,23.80,0,韩式炸鸡,韩式炸鸡，韩式炸鸡腿，韩式辣酱炸鸡,餐饮菜品,中式热菜及其他餐饮,外卖-韩餐,100g,100,g,,,,未明确,炸,,原始数据库（来源待追溯）,原始导入,未提供,2026-06-25,低,是,是,否,EXT2127,同名冲突待核验,原始数据保留；新增结构字段为规则化整理结果。,,219,
EXT2128,海南鸡饭,海南鸡饭，海南鸡油饭，新加坡海南鸡饭,外卖-东南亚,201,6.70,9.30,22.70,1.50,海南鸡饭,海南鸡饭，海南鸡油饭，新加坡海南鸡饭,餐饮菜品,中式热菜及其他餐饮,外卖-东南亚,100g,100,g,,,,未明确,,,原始数据库（来源待追溯）,原始导入,未提供,2026-06-25,低,是,是,是,EXT2128,待来源追溯,原始数据保留；新增结构字段为规则化整理结果。,,201,
EXT2129,酸菜牛肉面,酸菜牛肉面，酸菜牛肉汤面,外卖-面食,160,5.80,4.70,23.70,0,酸菜牛肉面,酸菜牛肉面，酸菜牛肉汤面,餐饮菜品,面食,外卖-面食,100g,100,g,,,,未明确,,,原始数据库（来源待追溯）,原始导入,未提供,2026-06-25,低,是,是,是,EXT2129,待来源追溯,原始数据保留；新增结构字段为规则化整理结果。,,160,
EXT2130,热干面,热干面，武汉热干面，热干面条,外卖-面食,153,4.20,2.40,28.70,0.20,热干面,热干面，武汉热干面，热干面条,餐饮菜品,面食,外卖-面食,100g,100,g,,,,未明确,,,原始数据库（来源待追溯）,原始导入,未提供,2026-06-25,低,是,是,否,EXT2130,同名冲突待核验,原始数据保留；新增结构字段为规则化整理结果。,,153,
EXT2131,桂林米粉,桂林米粉，桂林卤粉，桂林干拌粉,外卖-面食,303.73,8.22,11.18,45.99,3.53,桂林米粉,桂林米粉，桂林卤粉，桂林干拌粉,餐饮菜品,面食,外卖-面食,100g,100,g,,,,未明确,,,原始数据库（来源待追溯）,原始导入,未提供,2026-06-25,低,是,是,是,EXT2131,待来源追溯,原始数据保留；新增结构字段为规则化整理结果。,,303.7,
EXT2132,酸辣粉,酸辣粉，重庆酸辣粉，红薯粉酸辣粉,外卖-面食,97.05,1.81,3.87,14.61,1.07,酸辣粉,酸辣粉，重庆酸辣粉，红薯粉酸辣粉,餐饮菜品,面食,外卖-面食,100g,100,g,,,,未明确,,,原始数据库（来源待追溯）,原始导入,未提供,2026-06-25,低,是,是,否,EXT2132,同名冲突待核验,原始数据保留；新增结构字段为规则化整理结果。,,97,
EXT2133,油条,油条，油条果子，油炸鬼，大饼油条,外卖-早餐,417,6.59,19.84,53.36,1.40,油条,油条，油条果子，油炸鬼，大饼油条,餐饮菜品,中式热菜及其他餐饮,外卖-早餐,100g,100,g,,,,未明确,,,原始数据库（来源待追溯）,原始导入,未提供,2026-06-25,低,是,是,否,EXT2133,同名冲突待核验,原始数据保留；新增结构字段为规则化整理结果。,,417,
EXT2134,馒头,馒头，白面馒头，大馒头，馍馍,原料-主食,275,6.30,1.00,59.20,0,馒头,馒头，白面馒头，大馒头，馍馍,谷薯及主食,面食及面点,原料-主食,100g,100,g,,,,未明确,,,原始数据库（来源待追溯）,原始导入,未提供,2026-06-25,低,否,否,否,EXT2134,同名冲突待核验,原始数据保留；新增结构字段为规则化整理结果。,,275,生熟状态未明确
EXT2135,馄饨,馄饨，馄炖，抄手，云吞，鲜肉馄饨,外卖-面食,210,6.50,6.40,31.30,0,馄饨,馄饨，馄炖，抄手，云吞，鲜肉馄饨,餐饮菜品,面食,外卖-面食,100g,100,g,,,,未明确,,,原始数据库（来源待追溯）,原始导入,未提供,2026-06-25,低,是,是,否,EXT2135,同名冲突待核验,原始数据保留；新增结构字段为规则化整理结果。,,210,
EXT2136,炒河粉,炒河粉，干炒牛河，炒粉，湿炒牛河,外卖-面食,149.17,2.84,6.00,21.39,0.56,炒河粉,炒河粉，干炒牛河，炒粉，湿炒牛河,餐饮菜品,面食,外卖-面食,100g,100,g,,,,未明确,炒,,原始数据库（来源待追溯）,原始导入,未提供,2026-06-25,低,是,是,否,EXT2136,同名冲突待核验,原始数据保留；新增结构字段为规则化整理结果。,,149.2,
EXT2137,担担面,担担面，四川担担面，川味担担面,外卖-面食,403,10.65,15.09,56.65,0,担担面,担担面，四川担担面，川味担担面,餐饮菜品,面食,外卖-面食,100g,100,g,,,,未明确,,,原始数据库（来源待追溯）,原始导入,未提供,2026-06-25,低,是,是,否,EXT2137,同名冲突待核验,原始数据保留；新增结构字段为规则化整理结果。,,403,
EXT2138,汉堡,汉堡，汉堡包，牛肉汉堡，cheeseburger,外卖-西餐,295,17.00,14.00,24.00,1.30,汉堡,汉堡，汉堡包，牛肉汉堡，cheeseburger,餐饮菜品,中式热菜及其他餐饮,外卖-西餐,100g,100,g,,,,未明确,,,原始数据库（来源待追溯）,原始导入,未提供,2026-06-25,低,是,是,否,EXT2138,同名冲突待核验,原始数据保留；新增结构字段为规则化整理结果。,,295,
EXT2139,花卷,花卷，花卷馒头，葱油花卷，蒸花卷,原料-主食,211,6.40,1.00,44.10,1.50,花卷,花卷，花卷馒头，葱油花卷，蒸花卷,谷薯及主食,谷物及制品,原料-主食,100g,100,g,,,,未明确,,,原始数据库（来源待追溯）,原始导入,未提供,2026-06-25,低,否,否,否,EXT2139,同名冲突待核验,原始数据保留；新增结构字段为规则化整理结果。,,211,生熟状态未明确
EXT2140,豆腐脑,豆腐脑，豆腐花，豆花，咸豆花，甜豆花,外卖-小吃,48,2.60,1.80,5.40,0.20,豆腐脑,豆腐脑，豆腐花，豆花，咸豆花，甜豆花,餐饮菜品,小吃,外卖-小吃,100g,100,g,,,,未明确,,,原始数据库（来源待追溯）,原始导入,未提供,2026-06-25,低,是,是,是,EXT2140,待来源追溯,原始数据保留；新增结构字段为规则化整理结果。,,48,
EXT2141,冰淇淋,冰淇淋，雪糕，冰激凌，ice cream,加工-甜品,127,2.40,5.30,17.30,0,冰淇淋,冰淇淋，雪糕，冰激凌，ice cream,零食甜品,糕点甜品,加工-甜品,100g,100,g,,,,未明确,,,原始数据库（来源待追溯）,原始导入,未提供,2026-06-25,低,否,否,否,EXT2141,同名冲突待核验,原始数据保留；新增结构字段为规则化整理结果。,,127,
EXT2142,绿豆汤,绿豆汤，绿豆沙，绿豆糖水，绿豆消暑汤,饮品-糖水,47,1.76,0.43,9.42,0,绿豆汤,绿豆汤，绿豆沙，绿豆糖水，绿豆消暑汤,其他,其他,饮品-糖水,100g,100,g,,,,未明确,,,原始数据库（来源待追溯）,原始导入,未提供,2026-06-25,低,是,是,是,EXT2142,待来源追溯,原始数据保留；新增结构字段为规则化整理结果。,,47,
EXT2143,红豆汤,红豆汤，红豆沙，红豆糖水，赤豆汤,饮品-糖水,45,2.41,0.41,8.09,0,红豆汤,红豆汤，红豆沙，红豆糖水，赤豆汤,其他,其他,饮品-糖水,100g,100,g,,,,未明确,,,原始数据库（来源待追溯）,原始导入,未提供,2026-06-25,低,是,是,是,EXT2143,待来源追溯,原始数据保留；新增结构字段为规则化整理结果。,,45,
EXT2144,小龙虾,小龙虾，麻辣小龙虾，麻小，淡水龙虾,外卖-水产,72,14.85,0.97,0,0,小龙虾,小龙虾，麻辣小龙虾，麻小，淡水龙虾,餐饮菜品,中式热菜及其他餐饮,外卖-水产,100g,100,g,,,,未明确,,,原始数据库（来源待追溯）,原始导入,未提供,2026-06-25,低,是,是,是,EXT2144,待来源追溯,原始数据保留；新增结构字段为规则化整理结果。,,72,
EXT2145,牛蛙,牛蛙，田鸡，干锅牛蛙，美蛙,外卖-水产,81,15.47,0.27,3.20,0,牛蛙,牛蛙，田鸡，干锅牛蛙，美蛙,餐饮菜品,中式热菜及其他餐饮,外卖-水产,100g,100,g,,,,未明确,,,原始数据库（来源待追溯）,原始导入,未提供,2026-06-25,低,是,是,否,EXT2145,同名冲突待核验,原始数据保留；新增结构字段为规则化整理结果。,,81,
EXT2146,紫菜包饭,紫菜包饭，韩式紫菜卷，紫菜饭卷，kimbap,外卖-韩餐,250.59,7.26,15.16,22.32,1.39,紫菜包饭,紫菜包饭，韩式紫菜卷，紫菜饭卷，kimbap,餐饮菜品,中式热菜及其他餐饮,外卖-韩餐,100g,100,g,,,,未明确,,,原始数据库（来源待追溯）,原始导入,未提供,2026-06-25,低,是,是,否,EXT2146,同名冲突待核验,原始数据保留；新增结构字段为规则化整理结果。,,250.6,
EXT2147,烧饼,烧饼，芝麻烧饼，大饼，烤饼，shaobing,外卖-早餐,245,8.96,3.04,49.69,0,烧饼,烧饼，芝麻烧饼，大饼，烤饼，shaobing,餐饮菜品,中式热菜及其他餐饮,外卖-早餐,100g,100,g,,,,未明确,烧,,原始数据库（来源待追溯）,原始导入,未提供,2026-06-25,低,是,是,否,EXT2147,同名冲突待核验,原始数据保留；新增结构字段为规则化整理结果。,,245,
EXT2148,煎饼,煎饼，杂粮煎饼，玉米煎饼，pancake,外卖-早餐,386,6.49,5.57,75.16,0,煎饼,煎饼，杂粮煎饼，玉米煎饼，pancake,餐饮菜品,中式热菜及其他餐饮,外卖-早餐,100g,100,g,,,,未明确,煎,,原始数据库（来源待追溯）,原始导入,未提供,2026-06-25,低,是,是,是,EXT2148,待来源追溯,原始数据保留；新增结构字段为规则化整理结果。,,386,
EXT2149,红烧茄子,红烧茄子，红烧烧茄子，酱烧茄子,外卖-家常菜,69,1.00,4.15,8.21,0,红烧茄子,红烧茄子，红烧烧茄子，酱烧茄子,餐饮菜品,中式热菜及其他餐饮,外卖-家常菜,100g,100,g,,,,未明确,烧,,原始数据库（来源待追溯）,原始导入,未提供,2026-06-25,低,是,是,是,EXT2149,待来源追溯,原始数据保留；新增结构字段为规则化整理结果。,,69,
EXT2150,午餐肉,午餐肉，火腿午餐肉，spam，罐头午餐肉,加工-肉制品,310,13.24,27.24,3.03,0,午餐肉,午餐肉，火腿午餐肉，spam，罐头午餐肉,其他,其他,加工-肉制品,100g,100,g,,,,未明确,,,原始数据库（来源待追溯）,原始导入,未提供,2026-06-25,中,否,否,是,EXT2150,待来源追溯,原始数据保留；新增结构字段为规则化整理结果。,,310,
EXT2151,皮蛋豆腐,皮蛋豆腐，松花蛋豆腐，凉拌皮蛋豆腐,外卖-凉菜,116.56,9.23,7.01,4.25,0.26,皮蛋豆腐,皮蛋豆腐，松花蛋豆腐，凉拌皮蛋豆腐,餐饮菜品,中式热菜及其他餐饮,外卖-凉菜,100g,100,g,,,,未明确,,,原始数据库（来源待追溯）,原始导入,未提供,2026-06-25,低,是,是,否,EXT2151,同名冲突待核验,原始数据保留；新增结构字段为规则化整理结果。,,116.6,
EXT2152,酸梅汤,酸梅汤，乌梅汤，酸梅汁，酸梅饮料,饮品-饮料,49,0,0,11.00,0,酸梅汤,酸梅汤，乌梅汤，酸梅汁，酸梅饮料,饮料,其他饮料,饮品-饮料,100g,100,g,,,,未明确,,,原始数据库（来源待追溯）,原始导入,未提供,2026-06-25,低,是,是,否,EXT2152,同名冲突待核验,原始数据保留；新增结构字段为规则化整理结果。,,49,
EXT2153,八宝粥,八宝粥，腊八粥，八宝甜粥，罐装八宝粥,外卖-小吃,69,1.20,0.90,12.00,0,八宝粥,八宝粥，腊八粥，八宝甜粥，罐装八宝粥,餐饮菜品,小吃,外卖-小吃,100g,100,g,,,,未明确,,,原始数据库（来源待追溯）,原始导入,未提供,2026-06-25,低,是,是,是,EXT2153,待来源追溯,原始数据保留；新增结构字段为规则化整理结果。,,69,
EXT2154,干锅土豆片,干锅土豆片，麻辣土豆片，香锅土豆片,外卖-川菜,82.38,2.58,0.26,11.54,0.87,干锅土豆片,干锅土豆片，麻辣土豆片，香锅土豆片,餐饮菜品,中式热菜及其他餐饮,外卖-川菜,100g,100,g,,,,未明确,,,原始数据库（来源待追溯）,原始导入,未提供,2026-06-25,低,是,是,是,EXT2154,待来源追溯,原始数据保留；新增结构字段为规则化整理结果。,,82.4,
EXT2155,柠檬茶,柠檬茶，柠檬红茶，冰柠檬茶，柠檬饮料,饮品-饮料,47,0.17,0,12.24,0,柠檬茶,柠檬茶，柠檬红茶，冰柠檬茶，柠檬饮料,饮料,茶饮,饮品-饮料,100g,100,g,,,,未明确,,,原始数据库（来源待追溯）,原始导入,未提供,2026-06-25,中,否,否,是,EXT2155,待来源追溯,原始数据保留；新增结构字段为规则化整理结果。,,47,
EXT2156,凉拌黄瓜,凉拌黄瓜，拍黄瓜，蒜泥黄瓜，醋拌黄瓜,外卖-凉菜,66.92,1.93,3.42,7.43,1.06,凉拌黄瓜,凉拌黄瓜，拍黄瓜，蒜泥黄瓜，醋拌黄瓜,餐饮菜品,中式热菜及其他餐饮,外卖-凉菜,100g,100,g,,,,未明确,,,原始数据库（来源待追溯）,原始导入,未提供,2026-06-25,低,是,是,是,EXT2156,待来源追溯,原始数据保留；新增结构字段为规则化整理结果。,,66.9,
EXT2157,烤冷面,烤冷面，铁板冷面，烤冷面加肠加蛋，街头烤冷面,外卖-小吃,166,7.27,3.29,26.32,0,烤冷面,烤冷面，铁板冷面，烤冷面加肠加蛋，街头烤冷面,餐饮菜品,面食,外卖-小吃,100g,100,g,,,,未明确,烤,,原始数据库（来源待追溯）,原始导入,未提供,2026-06-25,低,是,是,否,EXT2157,同名冲突待核验,原始数据保留；新增结构字段为规则化整理结果。,,166,
EXT2158,干锅花菜,干锅花菜，干煸花菜，麻辣花菜，香锅花菜,外卖-川菜,208.74,4.47,19.92,3.40,0.91,干锅花菜,干锅花菜，干煸花菜，麻辣花菜，香锅花菜,餐饮菜品,中式热菜及其他餐饮,外卖-川菜,100g,100,g,,,,未明确,,,原始数据库（来源待追溯）,原始导入,未提供,2026-06-25,低,是,是,否,EXT2006,重复兼容记录,与主记录营养和状态一致，保留编码兼容旧数据。,,208.7,
EXT2160,肉夹馍,肉夹馍，腊汁肉夹馍，西安肉夹馍，腊肉夹馍,外卖-小吃,238,13.67,6.36,34.15,0,肉夹馍,肉夹馍，腊汁肉夹馍，西安肉夹馍，腊肉夹馍,餐饮菜品,小吃,外卖-小吃,100g,100,g,,,,未明确,,,原始数据库（来源待追溯）,原始导入,未提供,2026-06-25,低,是,是,否,EXT2160,同名冲突待核验,原始数据保留；新增结构字段为规则化整理结果。,,238,
EXT2161,蛋挞,蛋挞，葡式蛋挞，蛋塔，酥皮蛋挞,糕点-甜点,393,5.00,28.60,29.00,0,蛋挞,蛋挞，葡式蛋挞，蛋塔，酥皮蛋挞,零食甜品,糕点甜品,糕点-甜点,100g,100,g,,,,未明确,,,原始数据库（来源待追溯）,原始导入,未提供,2026-06-25,低,否,否,否,EXT2161,同名冲突待核验,原始数据保留；新增结构字段为规则化整理结果。,,393,
EXT2162,茶叶蛋,茶叶蛋，五香茶叶蛋，卤蛋，茶蛋,外卖-小吃,146,13.30,8.80,3.10,0,茶叶蛋,茶叶蛋，五香茶叶蛋，卤蛋，茶蛋,餐饮菜品,小吃,外卖-小吃,100g,100,g,,,,未明确,,,原始数据库（来源待追溯）,原始导入,未提供,2026-06-25,低,是,是,是,EXT2162,待来源追溯,原始数据保留；新增结构字段为规则化整理结果。,,146,
EXT2163,皮蛋瘦肉粥,皮蛋瘦肉粥，瘦肉皮蛋粥，松花蛋瘦肉粥,外卖-粥品,52,3.40,4.00,4.00,0,皮蛋瘦肉粥,皮蛋瘦肉粥，瘦肉皮蛋粥，松花蛋瘦肉粥,餐饮菜品,中式热菜及其他餐饮,外卖-粥品,100g,100,g,,,,未明确,,,原始数据库（来源待追溯）,原始导入,未提供,2026-06-25,低,是,是,是,EXT2163,待来源追溯,原始数据保留；新增结构字段为规则化整理结果。,,52,
EXT2164,桃酥,桃酥，核桃酥，酥饼，中式酥饼,糕点-甜点,460,6.83,20.36,64.09,0,桃酥,桃酥，核桃酥，酥饼，中式酥饼,水果,鲜果,糕点-甜点,100g,100,g,,,,未明确,,,原始数据库（来源待追溯）,原始导入,未提供,2026-06-25,中,否,否,是,EXT2164,待来源追溯,原始数据保留；新增结构字段为规则化整理结果。,,460,
EXT2165,夫妻肺片,夫妻肺片，川味肺片，红油肺片，拌肺片,外卖-凉菜,171.27,19.10,8.90,4.17,0.89,夫妻肺片,夫妻肺片，川味肺片，红油肺片，拌肺片,餐饮菜品,中式热菜及其他餐饮,外卖-凉菜,100g,100,g,,,,未明确,,,原始数据库（来源待追溯）,原始导入,未提供,2026-06-25,低,是,是,是,EXT2165,待来源追溯,原始数据保留；新增结构字段为规则化整理结果。,,171.3,
EXT2166,蚝油生菜,蚝油生菜，白灼生菜，蚝油灼生菜,外卖-家常菜,77.77,4.51,4.11,8.23,2.87,蚝油生菜,蚝油生菜，白灼生菜，蚝油灼生菜,餐饮菜品,中式热菜及其他餐饮,外卖-家常菜,100g,100,g,,,,生/鲜,,,原始数据库（来源待追溯）,原始导入,未提供,2026-06-25,低,是,是,否,EXT2166,同名冲突待核验,原始数据保留；新增结构字段为规则化整理结果。,,77.8,
EXT2167,鸭脖,鸭脖，卤鸭脖，香辣鸭脖，麻辣鸭脖,熟食-卤味,190,32.00,3.20,7.90,0,鸭脖,鸭脖，卤鸭脖，香辣鸭脖，麻辣鸭脖,其他,其他,熟食-卤味,100g,100,g,,,,未明确,,,原始数据库（来源待追溯）,原始导入,未提供,2026-06-25,中,否,否,是,EXT2167,待来源追溯,原始数据保留；新增结构字段为规则化整理结果。,,190,
EXT2168,干煸四季豆,干煸四季豆，干煸豆角，煸炒豆角,外卖-家常菜,119.65,13.33,5.08,5.73,1.11,干煸四季豆,干煸四季豆，干煸豆角，煸炒豆角,餐饮菜品,中式热菜及其他餐饮,外卖-家常菜,100g,100,g,,,,未明确,,,原始数据库（来源待追溯）,原始导入,未提供,2026-06-25,低,是,是,否,EXT2168,同名冲突待核验,原始数据保留；新增结构字段为规则化整理结果。,,119.7,
EXT2169,锅盔,锅盔，五香锅盔，芝麻锅盔，面饼锅盔,外卖-小吃,296.06,8.91,3.42,58.23,1.85,锅盔,锅盔，五香锅盔，芝麻锅盔，面饼锅盔,餐饮菜品,小吃,外卖-小吃,100g,100,g,,,,未明确,,,原始数据库（来源待追溯）,原始导入,未提供,2026-06-25,低,是,是,是,EXT2169,待来源追溯,原始数据保留；新增结构字段为规则化整理结果。,,296.1,
EXT2170,灌汤小笼包,灌汤小笼包，灌汤包，小笼包，汤包，鲜肉汤包,外卖-面食,141,8.50,1.20,23.50,0,灌汤小笼包,灌汤小笼包，灌汤包，小笼包，汤包，鲜肉汤包,餐饮菜品,面食,外卖-面食,100g,100,g,,,,未明确,,,原始数据库（来源待追溯）,原始导入,未提供,2026-06-25,低,是,是,是,EXT2170,待来源追溯,原始数据保留；新增结构字段为规则化整理结果。,,141,
EXT2171,煎饼果子,煎饼果子，煎饼，天津煎饼，杂粮煎饼果子,外卖-早餐,161,6.25,2.63,27.12,0,煎饼果子,煎饼果子，煎饼，天津煎饼，杂粮煎饼果子,餐饮菜品,中式热菜及其他餐饮,外卖-早餐,100g,100,g,,,,未明确,煎,,原始数据库（来源待追溯）,原始导入,未提供,2026-06-25,低,是,是,否,EXT2171,同名冲突待核验,原始数据保留；新增结构字段为规则化整理结果。,,161,
EXT2172,烤红薯,烤红薯，烤地瓜，烤番薯，烤甘薯,外卖-小吃,131.26,1.38,0.25,30.88,2.00,烤红薯,烤红薯，烤地瓜，烤番薯，烤甘薯,餐饮菜品,小吃,外卖-小吃,100g,100,g,,,,未明确,烤,,原始数据库（来源待追溯）,原始导入,未提供,2026-06-25,低,是,是,是,EXT2172,待来源追溯,原始数据保留；新增结构字段为规则化整理结果。,,131.3,
EXT2173,糖炒栗子,糖炒栗子，糖炒板栗，炒栗子，甘栗,外卖-小吃,275,3.29,8.69,46.22,0,糖炒栗子,糖炒栗子，糖炒板栗，炒栗子，甘栗,餐饮菜品,小吃,外卖-小吃,100g,100,g,,,,未明确,炒,,原始数据库（来源待追溯）,原始导入,未提供,2026-06-25,低,是,是,是,EXT2173,待来源追溯,原始数据保留；新增结构字段为规则化整理结果。,,275,
EXT2174,新疆大盘鸡,新疆大盘鸡，大盘鸡，沙湾大盘鸡，土豆炖鸡块,外卖-新疆菜,120.51,11.13,5.13,8.10,0.91,新疆大盘鸡,新疆大盘鸡，大盘鸡，沙湾大盘鸡，土豆炖鸡块,餐饮菜品,中式热菜及其他餐饮,外卖-新疆菜,100g,100,g,,,,未明确,,,原始数据库（来源待追溯）,原始导入,未提供,2026-06-25,低,是,是,是,EXT2174,待来源追溯,原始数据保留；新增结构字段为规则化整理结果。,,120.5,
EXT2175,小酥肉,小酥肉，油炸酥肉，炸肉条，酥炸肉,外卖-小吃,336,13.16,27.06,10.62,0,小酥肉,小酥肉，油炸酥肉，炸肉条，酥炸肉,餐饮菜品,小吃,外卖-小吃,100g,100,g,,,,未明确,,,原始数据库（来源待追溯）,原始导入,未提供,2026-06-25,低,是,是,是,EXT2175,待来源追溯,原始数据保留；新增结构字段为规则化整理结果。,,336,
EXT2176,红糖糍粑,红糖糍粑，糯米糍粑，糍粑，糖油粑粑,外卖-小吃,284,4.20,6.60,51.40,0,红糖糍粑,红糖糍粑，糯米糍粑，糍粑，糖油粑粑,餐饮菜品,小吃,外卖-小吃,100g,100,g,,,,未明确,,,原始数据库（来源待追溯）,原始导入,未提供,2026-06-25,低,是,是,是,EXT2176,待来源追溯,原始数据保留；新增结构字段为规则化整理结果。,,284,
EXT2177,口水鸡,口水鸡，红油鸡，麻辣鸡片，椒麻鸡,外卖-凉菜,185,17.50,10.41,5.01,0,口水鸡,口水鸡，红油鸡，麻辣鸡片，椒麻鸡,餐饮菜品,中式热菜及其他餐饮,外卖-凉菜,100g,100,g,,,,未明确,,,原始数据库（来源待追溯）,原始导入,未提供,2026-06-25,低,是,是,是,EXT2177,待来源追溯,原始数据保留；新增结构字段为规则化整理结果。,,185,
EXT2178,双皮奶,双皮奶，炖奶，鲜奶炖蛋，奶冻,糕点-甜点,78,3.73,2.36,10.56,0,双皮奶,双皮奶，炖奶，鲜奶炖蛋，奶冻,零食甜品,糕点甜品,糕点-甜点,100g,100,g,,,,未明确,,,原始数据库（来源待追溯）,原始导入,未提供,2026-06-25,低,否,否,否,EXT2178,同名冲突待核验,原始数据保留；新增结构字段为规则化整理结果。,,78,
EXT2179,盐水鸭,盐水鸭，南京盐水鸭，咸水鸭，金陵盐水鸭,熟食-卤味,313,16.60,26.10,2.80,0,盐水鸭,盐水鸭，南京盐水鸭，咸水鸭，金陵盐水鸭,调味品,基础调味及香辛料,熟食-卤味,100g,100,g,,,,未明确,,,原始数据库（来源待追溯）,原始导入,未提供,2026-06-25,中,否,否,是,EXT2179,待来源追溯,原始数据保留；新增结构字段为规则化整理结果。,,313,
EXT2180,驴肉火烧,驴肉火烧，驴肉夹馍，火烧驴肉，驴火,外卖-小吃,267,14.67,9.54,31.50,0.13,驴肉火烧,驴肉火烧，驴肉夹馍，火烧驴肉，驴火,餐饮菜品,小吃,外卖-小吃,100g,100,g,,,,未明确,烧,,原始数据库（来源待追溯）,原始导入,未提供,2026-06-25,低,是,是,是,EXT2180,待来源追溯,原始数据保留；新增结构字段为规则化整理结果。,,267,
EXT2181,雪花酥,雪花酥，坚果酥，千层酥脆，果仁酥,零食-糕点,413,6.35,19.33,56.41,0,雪花酥,雪花酥，坚果酥，千层酥脆，果仁酥,零食甜品,糕点甜品,零食-糕点,100g,100,g,,,,未明确,,,原始数据库（来源待追溯）,原始导入,未提供,2026-06-25,中,否,否,是,EXT2181,待来源追溯,原始数据保留；新增结构字段为规则化整理结果。,,413,
EXT2182,炸鲜奶,炸鲜奶，脆皮炸鲜奶，炸牛奶，酥炸鲜奶,外卖-小吃,168,3.25,7.59,22.46,0,炸鲜奶,炸鲜奶，脆皮炸鲜奶，炸牛奶，酥炸鲜奶,餐饮菜品,小吃,外卖-小吃,100g,100,g,,,,生/鲜,炸,,原始数据库（来源待追溯）,原始导入,未提供,2026-06-25,低,是,是,是,EXT2182,待来源追溯,原始数据保留；新增结构字段为规则化整理结果。,,168,
EXT2183,银耳莲子汤,银耳莲子汤，银耳羹，莲子银耳汤，银耳甜汤,家常-汤羹,28.69,0.41,0.05,7.03,0.52,银耳莲子汤,银耳莲子汤，银耳羹，莲子银耳汤，银耳甜汤,餐饮菜品,汤羹,家常-汤羹,100g,100,g,,,,未明确,,,原始数据库（来源待追溯）,原始导入,未提供,2026-06-25,低,是,是,是,EXT2183,待来源追溯,原始数据保留；新增结构字段为规则化整理结果。,,28.7,
EXT2184,钵钵鸡,钵钵鸡，乐山钵钵鸡，冷锅串串，川味钵钵鸡,外卖-川菜,174.53,15.00,11.05,3.23,0.76,钵钵鸡,钵钵鸡，乐山钵钵鸡，冷锅串串，川味钵钵鸡,餐饮菜品,中式热菜及其他餐饮,外卖-川菜,100g,100,g,,,,未明确,,,原始数据库（来源待追溯）,原始导入,未提供,2026-06-25,低,是,是,否,EXT2184,同名冲突待核验,原始数据保留；新增结构字段为规则化整理结果。,,174.5,
EXT2185,椰子鸡,椰子鸡，椰汁鸡，椰香鸡，椰奶炖鸡,外卖-特色菜,140,13.00,7.00,5.00,1.00,椰子鸡,椰子鸡，椰汁鸡，椰香鸡，椰奶炖鸡,餐饮菜品,中式热菜及其他餐饮,外卖-特色菜,100g,100,g,,,,未明确,,,原始数据库（来源待追溯）,原始导入,未提供,2026-06-25,低,是,是,是,EXT2185,待来源追溯,原始数据保留；新增结构字段为规则化整理结果。,,140,
EXT2186,肠粉,肠粉，拉肠，广东肠粉，布拉肠，抽屉肠粉,外卖-早餐,107,1.74,0.42,23.42,0,肠粉,肠粉，拉肠，广东肠粉，布拉肠，抽屉肠粉,餐饮菜品,面食,外卖-早餐,100g,100,g,,,,未明确,,,原始数据库（来源待追溯）,原始导入,未提供,2026-06-25,低,是,是,否,EXT2186,同名冲突待核验,原始数据保留；新增结构字段为规则化整理结果。,,107,
EXT2187,黑芝麻糊,黑芝麻糊，芝麻糊，芝麻羹，黑芝麻羹,外卖-甜品,115,2.24,5.41,15.62,0,黑芝麻糊,黑芝麻糊，芝麻糊，芝麻羹，黑芝麻羹,餐饮菜品,中式热菜及其他餐饮,外卖-甜品,100g,100,g,,,,未明确,,,原始数据库（来源待追溯）,原始导入,未提供,2026-06-25,低,是,是,是,EXT2187,待来源追溯,原始数据保留；新增结构字段为规则化整理结果。,,115,
EXT2188,鸡蛋仔,鸡蛋仔，港式鸡蛋仔，华夫饼蛋仔，格仔饼,外卖-小吃,234,10.58,6.11,33.10,0,鸡蛋仔,鸡蛋仔，港式鸡蛋仔，华夫饼蛋仔，格仔饼,餐饮菜品,小吃,外卖-小吃,100g,100,g,,,,未明确,,,原始数据库（来源待追溯）,原始导入,未提供,2026-06-25,低,是,是,是,EXT2188,待来源追溯,原始数据保留；新增结构字段为规则化整理结果。,,234,
EXT2189,酒酿圆子,酒酿圆子，醪糟汤圆，米酒汤圆，甜酒小圆子,外卖-甜品,164.33,5.15,1.37,33.16,0.43,酒酿圆子,酒酿圆子，醪糟汤圆，米酒汤圆，甜酒小圆子,餐饮菜品,中式热菜及其他餐饮,外卖-甜品,100g,100,g,,,,未明确,,,原始数据库（来源待追溯）,原始导入,未提供,2026-06-25,低,是,是,是,EXT2189,待来源追溯,原始数据保留；新增结构字段为规则化整理结果。,,164.3,
EXT2190,胡辣汤,胡辣汤，河南胡辣汤，逍遥镇胡辣汤，牛肉胡辣汤,外卖-早餐,117,5.69,5.56,12.96,0,胡辣汤,胡辣汤，河南胡辣汤，逍遥镇胡辣汤，牛肉胡辣汤,餐饮菜品,汤羹,外卖-早餐,100g,100,g,,,,未明确,,,原始数据库（来源待追溯）,原始导入,未提供,2026-06-25,低,是,是,是,EXT2190,待来源追溯,原始数据保留；新增结构字段为规则化整理结果。,,117,
EXT2191,烧仙草,烧仙草，仙草冻，黑凉粉，仙草蜜,外卖-甜品,63,1.48,2.96,7.90,0,烧仙草,烧仙草，仙草冻，黑凉粉，仙草蜜,餐饮菜品,中式热菜及其他餐饮,外卖-甜品,100g,100,g,,,,未明确,烧,,原始数据库（来源待追溯）,原始导入,未提供,2026-06-25,低,是,是,是,EXT2191,待来源追溯,原始数据保留；新增结构字段为规则化整理结果。,,63,
EXT2192,杨枝甘露,杨枝甘露，芒果西柚露，芒果椰奶露,外卖-甜品,82,0.60,3.00,13.00,0,杨枝甘露,杨枝甘露，芒果西柚露，芒果椰奶露,餐饮菜品,中式热菜及其他餐饮,外卖-甜品,100g,100,g,,,,未明确,,,原始数据库（来源待追溯）,原始导入,未提供,2026-06-25,低,是,是,否,EXT2192,同名冲突待核验,原始数据保留；新增结构字段为规则化整理结果。,,82,
EXT2193,珍珠奶茶,珍珠奶茶，波霸奶茶，珍珠奶，黑糖珍珠奶茶,饮品-奶茶,96,3.07,3.06,58.83,0,珍珠奶茶,珍珠奶茶，波霸奶茶，珍珠奶，黑糖珍珠奶茶,其他,其他,饮品-奶茶,100g,100,g,,,,未明确,,,原始数据库（来源待追溯）,原始导入,未提供,2026-06-25,低,否,否,否,EXT2193,同名冲突待核验,原始数据保留；新增结构字段为规则化整理结果。,,96,
EXT2194,红豆沙,红豆沙，红豆馅，豆沙，蜜豆沙，赤豆沙,外卖-甜品,247,5.50,1.90,52.70,1.70,红豆沙,红豆沙，红豆馅，豆沙，蜜豆沙，赤豆沙,餐饮菜品,中式热菜及其他餐饮,外卖-甜品,100g,100,g,,,,未明确,,,原始数据库（来源待追溯）,原始导入,未提供,2026-06-25,低,是,是,否,EXT2194,同名冲突待核验,原始数据保留；新增结构字段为规则化整理结果。,,247,
EXT2195,绿豆沙,绿豆沙，绿豆羹，绿豆甜汤，海带绿豆沙,外卖-甜品,74,2.50,0.32,15.00,1.60,绿豆沙,绿豆沙，绿豆羹，绿豆甜汤，海带绿豆沙,餐饮菜品,中式热菜及其他餐饮,外卖-甜品,100g,100,g,,,,未明确,,,原始数据库（来源待追溯）,原始导入,未提供,2026-06-25,低,是,是,否,EXT2195,同名冲突待核验,原始数据保留；新增结构字段为规则化整理结果。,,74,
EXT2196,西米露,西米露，椰汁西米露，芒果西米露，西米露甜品,外卖-甜品,102.88,1.83,4.17,15.86,0.32,西米露,西米露，椰汁西米露，芒果西米露，西米露甜品,餐饮菜品,中式热菜及其他餐饮,外卖-甜品,100g,100,g,,,,未明确,,,原始数据库（来源待追溯）,原始导入,未提供,2026-06-25,低,是,是,是,EXT2196,待来源追溯,原始数据保留；新增结构字段为规则化整理结果。,,102.9,
EXT2197,豆腐花,豆腐花，豆腐脑，豆花，甜豆花，山水豆腐花,外卖-小吃,44,3.26,1.65,4.50,0,豆腐花,豆腐花，豆腐脑，豆花，甜豆花，山水豆腐花,餐饮菜品,小吃,外卖-小吃,100g,100,g,,,,未明确,,,原始数据库（来源待追溯）,原始导入,未提供,2026-06-25,低,是,是,否,EXT2197,同名冲突待核验,原始数据保留；新增结构字段为规则化整理结果。,,44,
EXT2198,红烧乳鸽,红烧乳鸽，烤乳鸽，烧乳鸽，脆皮乳鸽，炸乳鸽,外卖-粤菜,255,16.90,20.80,0,0,红烧乳鸽,红烧乳鸽，烤乳鸽，烧乳鸽，脆皮乳鸽，炸乳鸽,餐饮菜品,中式热菜及其他餐饮,外卖-粤菜,100g,100,g,,,,未明确,烧,,原始数据库（来源待追溯）,原始导入,未提供,2026-06-25,低,是,是,是,EXT2198,待来源追溯,原始数据保留；新增结构字段为规则化整理结果。,,255,
EXT2199,蛋烘糕,蛋烘糕，成都蛋烘糕，蛋饼糕，烘焙蛋饼,外卖-小吃,218,5.85,5.75,35.07,0.81,蛋烘糕,蛋烘糕，成都蛋烘糕，蛋饼糕，烘焙蛋饼,餐饮菜品,小吃,外卖-小吃,100g,100,g,,,,未明确,,,原始数据库（来源待追溯）,原始导入,未提供,2026-06-25,低,是,是,是,EXT2199,待来源追溯,原始数据保留；新增结构字段为规则化整理结果。,,218,
EXT2200,冰糖葫芦,冰糖葫芦，糖葫芦，老北京糖葫芦，山楂糖葫芦,外卖-小吃,348,0.80,0.80,81.00,0,冰糖葫芦,冰糖葫芦，糖葫芦，老北京糖葫芦，山楂糖葫芦,餐饮菜品,小吃,外卖-小吃,100g,100,g,,,,未明确,,,原始数据库（来源待追溯）,原始导入,未提供,2026-06-25,低,是,是,是,EXT2200,待来源追溯,原始数据保留；新增结构字段为规则化整理结果。,,348,
EXT2201,老酸奶,老酸奶，传统酸奶，凝固型酸奶，老北京酸奶,乳制品-酸奶,83.41,3.10,3.40,10.00,0,老酸奶,老酸奶，传统酸奶，凝固型酸奶，老北京酸奶,奶及乳制品,发酵乳,乳制品-酸奶,100g,100,g,,,,未明确,,,原始数据库（来源待追溯）,原始导入,未提供,2026-06-25,中,否,否,是,EXT2201,待来源追溯,原始数据保留；新增结构字段为规则化整理结果。,,83.4,
EXT2202,冬阴功汤,冬阴功汤，泰式酸辣汤，冬阴功，泰国国汤,外卖-异国料理,49,4.70,1.78,3.51,0,冬阴功汤,冬阴功汤，泰式酸辣汤，冬阴功，泰国国汤,餐饮菜品,汤羹,外卖-异国料理,100g,100,g,,,,未明确,,,原始数据库（来源待追溯）,原始导入,未提供,2026-06-25,低,是,是,是,EXT2202,待来源追溯,原始数据保留；新增结构字段为规则化整理结果。,,49,
EXT2203,干锅肥肠,干锅肥肠，干锅大肠，麻辣肥肠，肥肠干锅,外卖-川菜,266.91,5.61,24.73,4.75,0,干锅肥肠,干锅肥肠，干锅大肠，麻辣肥肠，肥肠干锅,餐饮菜品,中式热菜及其他餐饮,外卖-川菜,100g,100,g,,,,未明确,,,原始数据库（来源待追溯）,原始导入,未提供,2026-06-25,低,是,是,是,EXT2203,待来源追溯,原始数据保留；新增结构字段为规则化整理结果。,,266.9,
EXT2204,油泼面,油泼面，陕西油泼面，油泼扯面，biangbiang面,外卖-面食,199.41,5.11,5.53,33.01,0.99,油泼面,油泼面，陕西油泼面，油泼扯面，biangbiang面,餐饮菜品,面食,外卖-面食,100g,100,g,,,,未明确,,,原始数据库（来源待追溯）,原始导入,未提供,2026-06-25,低,是,是,是,EXT2204,待来源追溯,原始数据保留；新增结构字段为规则化整理结果。,,199.4,
EXT2205,云吞面,云吞面，馄饨面，鲜虾云吞面，广式云吞面,外卖-面食,110,5.91,2.63,15.07,0,云吞面,云吞面，馄饨面，鲜虾云吞面，广式云吞面,餐饮菜品,面食,外卖-面食,100g,100,g,,,,未明确,,,原始数据库（来源待追溯）,原始导入,未提供,2026-06-25,低,是,是,是,EXT2205,待来源追溯,原始数据保留；新增结构字段为规则化整理结果。,,110,
EXT2206,艇仔粥,艇仔粥，广东艇仔粥，海鲜粥，荔湾艇仔粥,外卖-粤菜,76,3.65,1.33,12.17,0.60,艇仔粥,艇仔粥，广东艇仔粥，海鲜粥，荔湾艇仔粥,餐饮菜品,中式热菜及其他餐饮,外卖-粤菜,100g,100,g,,,,未明确,,,原始数据库（来源待追溯）,原始导入,未提供,2026-06-25,低,是,是,是,EXT2206,待来源追溯,原始数据保留；新增结构字段为规则化整理结果。,,76,
EXT2207,牛杂,牛杂，萝卜牛杂，广式牛杂，香辣牛杂，牛杂煲,外卖-粤菜,171,21.10,9.30,0.80,0,牛杂,牛杂，萝卜牛杂，广式牛杂，香辣牛杂，牛杂煲,餐饮菜品,中式热菜及其他餐饮,外卖-粤菜,100g,100,g,,,,未明确,,,原始数据库（来源待追溯）,原始导入,未提供,2026-06-25,低,是,是,是,EXT2207,待来源追溯,原始数据保留；新增结构字段为规则化整理结果。,,171,
EXT2208,炸云吞,炸云吞，脆皮云吞，炸馄饨，煎云吞，酥炸云吞,外卖-小吃,420,9.70,29.00,31.00,1.20,炸云吞,炸云吞，脆皮云吞，炸馄饨，煎云吞，酥炸云吞,餐饮菜品,小吃,外卖-小吃,100g,100,g,,,,未明确,炸,,原始数据库（来源待追溯）,原始导入,未提供,2026-06-25,低,是,是,是,EXT2208,待来源追溯,原始数据保留；新增结构字段为规则化整理结果。,,420,
EXT2209,提拉米苏,提拉米苏，意大利提拉米苏，Tiramisu，咖啡甜点,外卖-甜品,283,4.77,18.20,24.41,0,提拉米苏,提拉米苏，意大利提拉米苏，Tiramisu，咖啡甜点,餐饮菜品,中式热菜及其他餐饮,外卖-甜品,100g,100,g,,,,未明确,,,原始数据库（来源待追溯）,原始导入,未提供,2026-06-25,低,是,是,否,EXT2076,重复兼容记录,与主记录营养和状态一致，保留编码兼容旧数据。,,283,
EXT2210,芝士蛋糕,芝士蛋糕，奶酪蛋糕，重芝士蛋糕，轻芝士蛋糕，巴斯克蛋糕,外卖-甜品,321,5.50,22.50,25.50,0,芝士蛋糕,芝士蛋糕，奶酪蛋糕，重芝士蛋糕，轻芝士蛋糕，巴斯克蛋糕,餐饮菜品,中式热菜及其他餐饮,外卖-甜品,100g,100,g,,,,未明确,,,原始数据库（来源待追溯）,原始导入,未提供,2026-06-25,低,是,是,否,EXT2210,同名冲突待核验,原始数据保留；新增结构字段为规则化整理结果。,,321,
EXT2211,抹茶芝士蛋糕,抹茶芝士蛋糕，抹茶蛋糕，抹茶奶酪蛋糕，日式抹茶蛋糕,外卖-甜品,315,6.40,21.60,24.10,0,抹茶芝士蛋糕,抹茶芝士蛋糕，抹茶蛋糕，抹茶奶酪蛋糕，日式抹茶蛋糕,餐饮菜品,中式热菜及其他餐饮,外卖-甜品,100g,100,g,,,,未明确,,,原始数据库（来源待追溯）,原始导入,未提供,2026-06-25,低,是,是,是,EXT2211,待来源追溯,原始数据保留；新增结构字段为规则化整理结果。,,315,
EXT2212,拿破仑蛋糕,拿破仑蛋糕，拿破仑酥，法式千层酥，Mille-feuille,外卖-甜品,454.42,5.75,31.06,37.77,0.98,拿破仑蛋糕,拿破仑蛋糕，拿破仑酥，法式千层酥，Mille-feuille,餐饮菜品,中式热菜及其他餐饮,外卖-甜品,100g,100,g,,,,未明确,,,原始数据库（来源待追溯）,原始导入,未提供,2026-06-25,低,是,是,是,EXT2212,待来源追溯,原始数据保留；新增结构字段为规则化整理结果。,,454.4,
EXT2213,老婆饼,老婆饼，广式老婆饼，冬蓉老婆饼，中式甜点,外卖-小吃,400,5.00,15.00,60.00,0,老婆饼,老婆饼，广式老婆饼，冬蓉老婆饼，中式甜点,餐饮菜品,小吃,外卖-小吃,100g,100,g,,,,未明确,,,原始数据库（来源待追溯）,原始导入,未提供,2026-06-25,低,是,是,否,EXT2213,同名冲突待核验,原始数据保留；新增结构字段为规则化整理结果。,,400,
EXT2214,瑞士卷,瑞士卷，蛋糕卷，瑞士蛋糕卷，奶油卷蛋糕，Swiss Roll,外卖-甜品,321,7.50,21.20,24.90,0,瑞士卷,瑞士卷，蛋糕卷，瑞士蛋糕卷，奶油卷蛋糕，Swiss Roll,餐饮菜品,中式热菜及其他餐饮,外卖-甜品,100g,100,g,,,,未明确,,,原始数据库（来源待追溯）,原始导入,未提供,2026-06-25,低,是,是,是,EXT2214,待来源追溯,原始数据保留；新增结构字段为规则化整理结果。,,321,
EXT2215,葡式蛋挞,蛋挞，葡式蛋挞，酥皮蛋挞，葡挞，港式蛋挞，牛油蛋挞,外卖-甜品,393,5.00,28.60,29.00,0,葡式蛋挞,葡式蛋挞，蛋挞，酥皮蛋挞，葡挞，港式蛋挞，牛油蛋挞,餐饮菜品,中式热菜及其他餐饮,外卖-甜品,100g,100,g,,,,未明确,,,原始数据库（来源待追溯）,原始导入,未提供,2026-06-25,低,是,是,是,EXT2215,待来源追溯,原始数据保留；新增结构字段为规则化整理结果。,,393,
EXT2216,叉烧包,叉烧包，叉烧大包，广式叉烧包，蜜汁叉烧包,外卖-小吃,263,7.70,6.90,41.60,0,叉烧包,叉烧包，叉烧大包，广式叉烧包，蜜汁叉烧包,餐饮菜品,小吃,外卖-小吃,100g,100,g,,,,未明确,烧,,原始数据库（来源待追溯）,原始导入,未提供,2026-06-25,低,是,是,否,EXT2216,同名冲突待核验,原始数据保留；新增结构字段为规则化整理结果。,,263,
EXT2217,奶黄包,奶黄包，奶皇包，奶油黄包，香甜奶黄包,外卖-小吃,271,6.29,6.31,47.68,0,奶黄包,奶黄包，奶皇包，奶油黄包，香甜奶黄包,餐饮菜品,小吃,外卖-小吃,100g,100,g,,,,未明确,,,原始数据库（来源待追溯）,原始导入,未提供,2026-06-25,低,是,是,否,EXT2217,同名冲突待核验,原始数据保留；新增结构字段为规则化整理结果。,,271,
EXT2218,流沙包,流沙包，金沙包，凤凰流沙包，流沙凤凰包,外卖-小吃,357,5.60,10.90,58.80,0,流沙包,流沙包，金沙包，凤凰流沙包，流沙凤凰包,餐饮菜品,小吃,外卖-小吃,100g,100,g,,,,未明确,,,原始数据库（来源待追溯）,原始导入,未提供,2026-06-25,低,是,是,否,EXT2218,同名冲突待核验,原始数据保留；新增结构字段为规则化整理结果。,,357,
EXT2219,马拉糕,马拉糕，古法马拉糕，红糖马拉糕，广式马拉糕,外卖-小吃,279.09,6.85,4.01,53.93,0.10,马拉糕,马拉糕，古法马拉糕，红糖马拉糕，广式马拉糕,餐饮菜品,小吃,外卖-小吃,100g,100,g,,,,未明确,,,原始数据库（来源待追溯）,原始导入,未提供,2026-06-25,低,是,是,否,EXT2219,同名冲突待核验,原始数据保留；新增结构字段为规则化整理结果。,,279.1,
EXT2220,糯米鸡,糯米鸡，荷叶糯米鸡，广式糯米鸡，糯米蒸鸡,外卖-粤菜,220,7.83,4.48,36.82,0,糯米鸡,糯米鸡，荷叶糯米鸡，广式糯米鸡，糯米蒸鸡,餐饮菜品,中式热菜及其他餐饮,外卖-粤菜,100g,100,g,,,,未明确,,,原始数据库（来源待追溯）,原始导入,未提供,2026-06-25,低,是,是,否,EXT2220,同名冲突待核验,原始数据保留；新增结构字段为规则化整理结果。,,220,
EXT2221,凤爪,凤爪，香酥凤爪，豉汁凤爪，虎皮凤爪，泡椒凤爪，蒸凤爪,外卖-粤菜,308,20.19,23.43,4.42,0.64,凤爪,凤爪，香酥凤爪，豉汁凤爪，虎皮凤爪，泡椒凤爪，蒸凤爪,餐饮菜品,中式热菜及其他餐饮,外卖-粤菜,100g,100,g,,,,未明确,,,原始数据库（来源待追溯）,原始导入,未提供,2026-06-25,低,是,是,是,EXT2221,待来源追溯,原始数据保留；新增结构字段为规则化整理结果。,,308,
EXT2222,虾饺,虾饺，水晶虾饺，鲜虾饺，广式虾饺，虾仁饺,外卖-小吃,168.78,9.00,5.13,21.81,0.55,虾饺,虾饺，水晶虾饺，鲜虾饺，广式虾饺，虾仁饺,餐饮菜品,小吃,外卖-小吃,100g,100,g,,,,未明确,,,原始数据库（来源待追溯）,原始导入,未提供,2026-06-25,低,是,是,否,EXT2222,同名冲突待核验,原始数据保留；新增结构字段为规则化整理结果。,,168.8,
EXT2223,烧卖,烧卖，烧麦，干蒸烧卖，猪肉烧卖，糯米烧卖，虾仁烧卖,外卖-小吃,252,7.59,3.50,27.69,0,烧卖,烧卖，烧麦，干蒸烧卖，猪肉烧卖，糯米烧卖，虾仁烧卖,餐饮菜品,小吃,外卖-小吃,100g,100,g,,,,未明确,烧,,原始数据库（来源待追溯）,原始导入,未提供,2026-06-25,低,是,是,否,EXT2223,同名冲突待核验,原始数据保留；新增结构字段为规则化整理结果。,,252,
EXT2224,豉汁蒸排骨,豉汁蒸排骨，豆豉蒸排骨，豉汁排骨，茶楼蒸排骨,外卖-粤菜,238.75,13.98,17.72,5.82,0.10,豉汁蒸排骨,豉汁蒸排骨，豆豉蒸排骨，豉汁排骨，茶楼蒸排骨,餐饮菜品,中式热菜及其他餐饮,外卖-粤菜,100g,100,g,,,,未明确,蒸,,原始数据库（来源待追溯）,原始导入,未提供,2026-06-25,低,是,是,是,EXT2224,待来源追溯,原始数据保留；新增结构字段为规则化整理结果。,,238.8,
EXT2225,炸馒头,炸馒头，金银馒头，炼乳炸馒头，酥炸馒头，脆皮馒头,外卖-小吃,420,4.90,23.00,48.00,1.80,炸馒头,炸馒头，金银馒头，炼乳炸馒头，酥炸馒头，脆皮馒头,餐饮菜品,小吃,外卖-小吃,100g,100,g,,,,未明确,炸,,原始数据库（来源待追溯）,原始导入,未提供,2026-06-25,低,是,是,是,EXT2225,待来源追溯,原始数据保留；新增结构字段为规则化整理结果。,,420,
EXT2226,萝卜糕,萝卜糕，广式萝卜糕，香煎萝卜糕，萝卜蒸糕,外卖-小吃,180,7.00,6.82,23.33,0.70,萝卜糕,萝卜糕，广式萝卜糕，香煎萝卜糕，萝卜蒸糕,餐饮菜品,小吃,外卖-小吃,100g,100,g,,,,未明确,,,原始数据库（来源待追溯）,原始导入,未提供,2026-06-25,低,是,是,否,EXT2226,同名冲突待核验,原始数据保留；新增结构字段为规则化整理结果。,,180,
EXT2227,牛肉丸,牛肉丸，潮汕牛肉丸，手打牛肉丸，牛筋丸，撒尿牛丸,外卖-小吃,141.42,20.25,5.78,2.12,0.03,牛肉丸,牛肉丸，潮汕牛肉丸，手打牛肉丸，牛筋丸，撒尿牛丸,餐饮菜品,小吃,外卖-小吃,100g,100,g,,,,未明确,,,原始数据库（来源待追溯）,原始导入,未提供,2026-06-25,低,是,是,否,EXT2058,重复兼容记录,与主记录营养和状态一致，保留编码兼容旧数据。,,141.4,
EXT2229,春卷,春卷，炸春卷，猪肉春卷，鲜肉春卷，素春卷，广式春卷,外卖-小吃,116,5.94,5.36,10.88,0.80,春卷,春卷，炸春卷，猪肉春卷，鲜肉春卷，素春卷，广式春卷,餐饮菜品,小吃,外卖-小吃,100g,100,g,,,,未明确,,,原始数据库（来源待追溯）,原始导入,未提供,2026-06-25,低,是,是,否,EXT2229,同名冲突待核验,原始数据保留；新增结构字段为规则化整理结果。,,116,
EXT2230,披萨,披萨，Pizza，至尊披萨，夏威夷披萨，意式披萨，芝士披萨,外卖-异国料理,275,13.80,11.90,28.70,0,披萨,披萨，Pizza，至尊披萨，夏威夷披萨，意式披萨，芝士披萨,餐饮菜品,中式热菜及其他餐饮,外卖-异国料理,100g,100,g,,,,未明确,,,原始数据库（来源待追溯）,原始导入,未提供,2026-06-25,低,是,是,否,EXT2114,重复兼容记录,与主记录营养和状态一致，保留编码兼容旧数据。,,275,
EXT2232,汉堡,汉堡，汉堡包，牛肉汉堡，芝士汉堡，Hamburger,外卖-异国料理,257,12.32,9.77,34.25,0,汉堡,汉堡，汉堡包，牛肉汉堡，芝士汉堡，Hamburger,餐饮菜品,中式热菜及其他餐饮,外卖-异国料理,100g,100,g,,,,未明确,,,原始数据库（来源待追溯）,原始导入,未提供,2026-06-25,低,是,是,否,EXT2232,同名冲突待核验,原始数据保留；新增结构字段为规则化整理结果。,,257,
EXT2233,石锅拌饭,石锅拌饭，韩式拌饭，全州拌饭，韩式石锅饭，Bibimbap,外卖-异国料理,146,5.51,3.50,22.45,0,石锅拌饭,石锅拌饭，韩式拌饭，全州拌饭，韩式石锅饭，Bibimbap,餐饮菜品,中式热菜及其他餐饮,外卖-异国料理,100g,100,g,,,,未明确,,,原始数据库（来源待追溯）,原始导入,未提供,2026-06-25,低,是,是,否,EXT2233,同名冲突待核验,原始数据保留；新增结构字段为规则化整理结果。,,146,
EXT2234,海南鸡饭,海南鸡饭，新加坡海南鸡饭，文昌鸡饭，油鸡饭,外卖-异国料理,201,6.70,9.30,22.70,1.50,海南鸡饭,海南鸡饭，新加坡海南鸡饭，文昌鸡饭，油鸡饭,餐饮菜品,中式热菜及其他餐饮,外卖-异国料理,100g,100,g,,,,未明确,,,原始数据库（来源待追溯）,原始导入,未提供,2026-06-25,低,是,是,否,EXT2128,重复兼容记录,与主记录营养和状态一致，保留编码兼容旧数据。,,201,
EXT2236,鳗鱼饭,鳗鱼饭，日式鳗鱼饭，烤鳗饭，蒲烧鳗鱼饭，Unagi Don,外卖-异国料理,158.44,8.38,6.05,16.99,0.17,鳗鱼饭,鳗鱼饭，日式鳗鱼饭，烤鳗饭，蒲烧鳗鱼饭，Unagi Don,餐饮菜品,中式热菜及其他餐饮,外卖-异国料理,100g,100,g,,,,未明确,,,原始数据库（来源待追溯）,原始导入,未提供,2026-06-25,低,是,是,是,EXT2236,待来源追溯,原始数据保留；新增结构字段为规则化整理结果。,,158.4,
EXT2237,亲子丼,亲子丼，鸡肉鸡蛋盖饭，Oyakodon，日式亲子饭,外卖-异国料理,133,8.88,3.33,15.54,0,亲子丼,亲子丼，鸡肉鸡蛋盖饭，Oyakodon，日式亲子饭,餐饮菜品,中式热菜及其他餐饮,外卖-异国料理,100g,100,g,,,,未明确,,,原始数据库（来源待追溯）,原始导入,未提供,2026-06-25,低,是,是,是,EXT2237,待来源追溯,原始数据保留；新增结构字段为规则化整理结果。,,133,
EXT2238,烤羊肉串,烤羊肉串，羊肉串，新疆羊肉串，孜然羊肉串，烤串,外卖-烧烤,206,26.0,10.3,2.4,0,烤羊肉串,烤羊肉串，羊肉串，新疆羊肉串，孜然羊肉串，烤串,餐饮菜品,中式热菜及其他餐饮,外卖-烧烤,100g,100,g,,,,未明确,烤,,原始数据库（来源待追溯）,原始导入,未提供,2026-06-25,低,是,是,否,EXT2024,重复兼容记录,与主记录营养和状态一致，保留编码兼容旧数据。,,206,
EXT2239,酸汤肥牛,酸汤肥牛，金汤肥牛，酸菜肥牛，肥牛锅,外卖-热菜,96.43,13.74,2.91,4.16,0.78,酸汤肥牛,酸汤肥牛，金汤肥牛，酸菜肥牛，肥牛锅,餐饮菜品,汤羹,外卖-热菜,100g,100,g,,,,未明确,,,原始数据库（来源待追溯）,原始导入,未提供,2026-06-25,低,是,是,是,EXT2239,待来源追溯,原始数据保留；新增结构字段为规则化整理结果。,,96.4,
EXT2240,毛肚,毛肚，牛百叶，火锅毛肚，千层肚，黑毛肚，白毛肚,外卖-火锅,72,14.5,1.6,0,0,毛肚,毛肚，牛百叶，火锅毛肚，千层肚，黑毛肚，白毛肚,餐饮菜品,中式热菜及其他餐饮,外卖-火锅,100g,100,g,,,,未明确,,,原始数据库（来源待追溯）,原始导入,未提供,2026-06-25,低,是,是,否,EXT2240,同名冲突待核验,原始数据保留；新增结构字段为规则化整理结果。,,72,
EXT2241,黄喉,黄喉，牛黄喉，猪黄喉，火锅黄喉，心管,外卖-火锅,49,11.6,0,0,0,黄喉,黄喉，牛黄喉，猪黄喉，火锅黄喉，心管,餐饮菜品,中式热菜及其他餐饮,外卖-火锅,100g,100,g,,,,未明确,,,原始数据库（来源待追溯）,原始导入,未提供,2026-06-25,低,是,是,是,EXT2241,待来源追溯,原始数据保留；新增结构字段为规则化整理结果。,,49,
EXT2242,烤鸡翅,烤鸡翅，烧烤鸡翅，奥尔良烤翅，蜜汁鸡翅，烤翅中,外卖-烧烤,288,26.64,19.3,0,0,烤鸡翅,烤鸡翅，烧烤鸡翅，奥尔良烤翅，蜜汁鸡翅，烤翅中,餐饮菜品,中式热菜及其他餐饮,外卖-烧烤,100g,100,g,,,,未明确,烤,,原始数据库（来源待追溯）,原始导入,未提供,2026-06-25,低,是,是,是,EXT2242,待来源追溯,原始数据保留；新增结构字段为规则化整理结果。,,288,
EXT2243,日式拉面,日式拉面，日本拉面，酱油拉面，豚骨拉面，味噌拉面，Ramen,外卖-异国料理,90,4.0,3.0,12.0,0,日式拉面,日式拉面，日本拉面，酱油拉面，豚骨拉面，味噌拉面，Ramen,餐饮菜品,面食,外卖-异国料理,100g,100,g,,,,未明确,,,原始数据库（来源待追溯）,原始导入,未提供,2026-06-25,低,是,是,是,EXT2243,待来源追溯,原始数据保留；新增结构字段为规则化整理结果。,,90,
EXT2244,烤茄子,烤茄子，蒜蓉烤茄子，烧烤茄子，烤长茄,外卖-烧烤,96,1.60,2.90,15.80,0,烤茄子,烤茄子，蒜蓉烤茄子，烧烤茄子，烤长茄,餐饮菜品,中式热菜及其他餐饮,外卖-烧烤,100g,100,g,,,,未明确,烤,,原始数据库（来源待追溯）,原始导入,未提供,2026-06-25,低,是,是,是,EXT2244,待来源追溯,原始数据保留；新增结构字段为规则化整理结果。,,96,
EXT2245,鸭肠,鸭肠，火锅鸭肠，涮鸭肠，卤鸭肠，麻辣鸭肠,外卖-火锅,129,14.20,7.80,0.40,0,鸭肠,鸭肠，火锅鸭肠，涮鸭肠，卤鸭肠，麻辣鸭肠,餐饮菜品,中式热菜及其他餐饮,外卖-火锅,100g,100,g,,,,未明确,,,原始数据库（来源待追溯）,原始导入,未提供,2026-06-25,低,是,是,否,EXT0854,重复兼容记录,与主记录营养和状态一致，保留编码兼容旧数据。,,129,
EXT2246,炸鸡,炸鸡，炸鸡腿，炸鸡排，炸鸡块，美式炸鸡，韩式炸鸡,外卖-小吃,260,28.62,15.35,0,0,炸鸡,炸鸡，炸鸡腿，炸鸡排，炸鸡块，美式炸鸡，韩式炸鸡,餐饮菜品,小吃,外卖-小吃,100g,100,g,,,,未明确,炸,,原始数据库（来源待追溯）,原始导入,未提供,2026-06-25,低,是,是,否,EXT2246,同名冲突待核验,原始数据保留；新增结构字段为规则化整理结果。,,260,
EXT2247,白灼虾,白灼虾，清蒸虾，水煮虾，白焯虾，清水虾,外卖-粤菜,112.45,15.97,3.30,5.61,1.78,白灼虾,白灼虾，清蒸虾，水煮虾，白焯虾，清水虾,餐饮菜品,中式热菜及其他餐饮,外卖-粤菜,100g,100,g,,,,未明确,,,原始数据库（来源待追溯）,原始导入,未提供,2026-06-25,低,是,是,是,EXT2247,待来源追溯,原始数据保留；新增结构字段为规则化整理结果。,,112.5,
EXT2248,手撕鸡,手撕鸡，凉拌手撕鸡，盐焗手撕鸡，川味手撕鸡,外卖-凉菜,114.30,13.80,4.65,4.52,0.73,手撕鸡,手撕鸡，凉拌手撕鸡，盐焗手撕鸡，川味手撕鸡,餐饮菜品,中式热菜及其他餐饮,外卖-凉菜,100g,100,g,,,,未明确,,,原始数据库（来源待追溯）,原始导入,未提供,2026-06-25,低,是,是,是,EXT2248,待来源追溯,原始数据保留；新增结构字段为规则化整理结果。,,114.3,
EXT2249,烤韭菜,烤韭菜，烧烤韭菜，孜然韭菜，碳烤韭菜,外卖-烧烤,25,2.4,0.4,4.5,0,烤韭菜,烤韭菜，烧烤韭菜，孜然韭菜，碳烤韭菜,餐饮菜品,中式热菜及其他餐饮,外卖-烧烤,100g,100,g,,,,未明确,烤,,原始数据库（来源待追溯）,原始导入,未提供,2026-06-25,低,是,是,是,EXT2249,待来源追溯,原始数据保留；新增结构字段为规则化整理结果。,,25,
EXT2250,韩式炒年糕,韩式炒年糕，辣炒年糕，Tteokbokki，韩式年糕，韩国年糕,外卖-异国料理,123.38,2.07,2.90,22.87,1.13,韩式炒年糕,韩式炒年糕，辣炒年糕，Tteokbokki，韩式年糕，韩国年糕,餐饮菜品,中式热菜及其他餐饮,外卖-异国料理,100g,100,g,,,,未明确,炒,,原始数据库（来源待追溯）,原始导入,未提供,2026-06-25,低,是,是,是,EXT2250,待来源追溯,原始数据保留；新增结构字段为规则化整理结果。,,123.4,
EXT2251,凯撒沙拉,凯撒沙拉，凯撒色拉，Caesar Salad，鸡肉凯撒沙拉,外卖-轻食,170,5.03,14.17,6.52,0,凯撒沙拉,凯撒沙拉，凯撒色拉，Caesar Salad，鸡肉凯撒沙拉,餐饮菜品,中式热菜及其他餐饮,外卖-轻食,100g,100,g,,,,未明确,,,原始数据库（来源待追溯）,原始导入,未提供,2026-06-25,低,是,是,否,EXT2251,同名冲突待核验,原始数据保留；新增结构字段为规则化整理结果。,,170,
EXT2252,薯条,薯条，炸薯条，French Fries，大薯条，中薯条,外卖-小吃,274,3.48,14.06,35.66,0,薯条,薯条，炸薯条，French Fries，大薯条，中薯条,餐饮菜品,小吃,外卖-小吃,100g,100,g,,,,未明确,,,原始数据库（来源待追溯）,原始导入,未提供,2026-06-25,低,是,是,否,EXT2252,同名冲突待核验,原始数据保留；新增结构字段为规则化整理结果。,,274,
EXT2253,珍珠奶茶,珍珠奶茶，奶茶，Bubble Tea，波霸奶茶，黑糖珍珠奶茶,饮品-奶茶,96,3.07,3.06,58.83,0,珍珠奶茶,珍珠奶茶，奶茶，Bubble Tea，波霸奶茶，黑糖珍珠奶茶,其他,其他,饮品-奶茶,100g,100,g,,,,未明确,,,原始数据库（来源待追溯）,原始导入,未提供,2026-06-25,低,否,否,否,EXT2253,同名冲突待核验,原始数据保留；新增结构字段为规则化整理结果。,,96,
EXT2254,布朗尼,布朗尼，Brownie，巧克力布朗尼，核桃布朗尼，软心布朗尼,甜品-西点,405,4.57,16.84,64.95,0,布朗尼,布朗尼，Brownie，巧克力布朗尼，核桃布朗尼，软心布朗尼,零食甜品,糕点甜品,甜品-西点,100g,100,g,,,,未明确,,,原始数据库（来源待追溯）,原始导入,未提供,2026-06-25,中,否,否,是,EXT2254,待来源追溯,原始数据保留；新增结构字段为规则化整理结果。,,405,
EXT2255,热干面,热干面，武汉热干面，干拌热干面，芝麻酱热干面,外卖-面食,150,6.45,4.32,45.71,0,热干面,热干面，武汉热干面，干拌热干面，芝麻酱热干面,餐饮菜品,面食,外卖-面食,100g,100,g,,,,未明确,,,原始数据库（来源待追溯）,原始导入,未提供,2026-06-25,低,是,是,否,EXT2255,同名冲突待核验,原始数据保留；新增结构字段为规则化整理结果。,,150,
EXT2256,红油抄手,红油抄手，抄手，龙抄手，红油馄饨，川味抄手,外卖-面食,311.10,15.04,11.55,38.69,1.92,红油抄手,红油抄手，抄手，龙抄手，红油馄饨，川味抄手,餐饮菜品,面食,外卖-面食,100g,100,g,,,,未明确,,,原始数据库（来源待追溯）,原始导入,未提供,2026-06-25,低,是,是,是,EXT2256,待来源追溯,原始数据保留；新增结构字段为规则化整理结果。,,311.1,
EXT2257,葱油饼,葱油饼，葱花饼，葱油大饼，千层葱油饼，手抓葱油饼,外卖-小吃,152.73,6.69,1.85,28.93,1.73,葱油饼,葱油饼，葱花饼，葱油大饼，千层葱油饼，手抓葱油饼,餐饮菜品,小吃,外卖-小吃,100g,100,g,,,,未明确,,,原始数据库（来源待追溯）,原始导入,未提供,2026-06-25,低,是,是,否,EXT2257,同名冲突待核验,原始数据保留；新增结构字段为规则化整理结果。,,152.7,
EXT2258,钵钵鸡,钵钵鸡，冷串串，钵钵鸡串串，乐山钵钵鸡，红油钵钵鸡,外卖-川菜,217.97,15.93,15.57,3.15,0.86,钵钵鸡,钵钵鸡，冷串串，钵钵鸡串串，乐山钵钵鸡，红油钵钵鸡,餐饮菜品,中式热菜及其他餐饮,外卖-川菜,100g,100,g,,,,未明确,,,原始数据库（来源待追溯）,原始导入,未提供,2026-06-25,低,是,是,否,EXT2258,同名冲突待核验,原始数据保留；新增结构字段为规则化整理结果。,,218,
EXT2259,拿铁咖啡,拿铁，Latte，拿铁咖啡，热拿铁，冰拿铁，榛果拿铁，香草拿铁,饮品-咖啡,33,2.16,1.35,3.03,0,拿铁咖啡,拿铁咖啡，拿铁，Latte，热拿铁，冰拿铁，榛果拿铁，香草拿铁,饮料,咖啡,饮品-咖啡,100g,100,g,,,,未明确,,,原始数据库（来源待追溯）,原始导入,未提供,2026-06-25,低,否,否,否,EXT2259,同名冲突待核验,原始数据保留；新增结构字段为规则化整理结果。,,33,
EXT2260,担担面,担担面，川味担担面，成都担担面，拌担担面,外卖-面食,146,4.04,7.08,16.99,0,担担面,担担面，川味担担面，成都担担面，拌担担面,餐饮菜品,面食,外卖-面食,100g,100,g,,,,未明确,,,原始数据库（来源待追溯）,原始导入,未提供,2026-06-25,低,是,是,否,EXT2260,同名冲突待核验,原始数据保留；新增结构字段为规则化整理结果。,,146,
EXT2261,桂林米粉,桂林米粉，米粉，桂林卤粉，干拌桂林米粉，酸笋桂林米粉,外卖-面食,303.73,8.22,11.18,45.99,3.53,桂林米粉,桂林米粉，米粉，桂林卤粉，干拌桂林米粉，酸笋桂林米粉,餐饮菜品,面食,外卖-面食,100g,100,g,,,,未明确,,,原始数据库（来源待追溯）,原始导入,未提供,2026-06-25,低,是,是,否,EXT2131,重复兼容记录,与主记录营养和状态一致，保留编码兼容旧数据。,,303.7,
EXT2263,美式咖啡,美式咖啡，Americano，冰美式，热美式，黑咖啡,饮品-咖啡,1,0.12,0.02,0.04,0,美式咖啡,美式咖啡，Americano，冰美式，热美式，黑咖啡,饮料,咖啡,饮品-咖啡,100g,100,g,,,,未明确,,,原始数据库（来源待追溯）,原始导入,未提供,2026-06-25,低,否,否,否,EXT2263,同名冲突待核验,原始数据保留；新增结构字段为规则化整理结果。,,1,
EXT2264,双皮奶,双皮奶，顺德双皮奶，双层奶皮，炖奶，牛奶炖蛋,甜品-中式,77.38,3.79,2.63,9.69,0,双皮奶,双皮奶，顺德双皮奶，双层奶皮，炖奶，牛奶炖蛋,零食甜品,糕点甜品,甜品-中式,100g,100,g,,,,未明确,,,原始数据库（来源待追溯）,原始导入,未提供,2026-06-25,低,否,否,否,EXT2264,同名冲突待核验,原始数据保留；新增结构字段为规则化整理结果。,,77.4,
EXT2265,肉夹馍,肉夹馍，陕西肉夹馍，西安肉夹馍，腊汁肉夹馍，潼关肉夹馍,外卖-小吃,238,13.67,6.36,34.15,0,肉夹馍,肉夹馍，陕西肉夹馍，西安肉夹馍，腊汁肉夹馍，潼关肉夹馍,餐饮菜品,小吃,外卖-小吃,100g,100,g,,,,未明确,,,原始数据库（来源待追溯）,原始导入,未提供,2026-06-25,低,是,是,否,EXT2265,同名冲突待核验,原始数据保留；新增结构字段为规则化整理结果。,,238,
EXT2266,煎饼果子,煎饼果子，煎饼，山东煎饼，鸡蛋煎饼，杂粮煎饼,外卖-小吃,163.17,7.79,2.46,28.19,1.49,煎饼果子,煎饼果子，煎饼，山东煎饼，鸡蛋煎饼，杂粮煎饼,餐饮菜品,小吃,外卖-小吃,100g,100,g,,,,未明确,煎,,原始数据库（来源待追溯）,原始导入,未提供,2026-06-25,低,是,是,否,EXT2266,同名冲突待核验,原始数据保留；新增结构字段为规则化整理结果。,,163.2,
EXT2267,酸辣粉,酸辣粉，重庆酸辣粉，酸辣粉条，正宗酸辣粉，酸辣粉儿,外卖-面食,97.46,1.80,3.87,14.63,0,酸辣粉,酸辣粉，重庆酸辣粉，酸辣粉条，正宗酸辣粉，酸辣粉儿,餐饮菜品,面食,外卖-面食,100g,100,g,,,,未明确,,,原始数据库（来源待追溯）,原始导入,未提供,2026-06-25,低,是,是,否,EXT2267,同名冲突待核验,原始数据保留；新增结构字段为规则化整理结果。,,97.5,
EXT2268,羊肉泡馍,羊肉泡馍，泡馍，西安泡馍，葫芦头泡馍，水盆羊肉,外卖-西北菜,126.32,5.03,4.43,17.09,0.98,羊肉泡馍,羊肉泡馍，泡馍，西安泡馍，葫芦头泡馍，水盆羊肉,餐饮菜品,中式热菜及其他餐饮,外卖-西北菜,100g,100,g,,,,未明确,,,原始数据库（来源待追溯）,原始导入,未提供,2026-06-25,低,是,是,是,EXT2268,待来源追溯,原始数据保留；新增结构字段为规则化整理结果。,,126.3,
EXT2269,麻辣拌,麻辣拌，麻辣拌菜，东北麻辣拌，抚顺麻辣拌，干拌麻辣拌,外卖-小吃,146,2.78,5.64,21.09,0,麻辣拌,麻辣拌，麻辣拌菜，东北麻辣拌，抚顺麻辣拌，干拌麻辣拌,餐饮菜品,小吃,外卖-小吃,100g,100,g,,,,未明确,,,原始数据库（来源待追溯）,原始导入,未提供,2026-06-25,低,是,是,是,EXT2269,待来源追溯,原始数据保留；新增结构字段为规则化整理结果。,,146,
EXT2270,农家小炒肉,农家小炒肉，小炒肉，湘味小炒肉，辣椒炒肉，杭椒小炒肉,外卖-湘菜,310.48,10.54,28.36,3.68,0.37,农家小炒肉,农家小炒肉，小炒肉，湘味小炒肉，辣椒炒肉，杭椒小炒肉,餐饮菜品,中式热菜及其他餐饮,外卖-湘菜,100g,100,g,,,,未明确,炒,,原始数据库（来源待追溯）,原始导入,未提供,2026-06-25,低,是,是,是,EXT2270,待来源追溯,原始数据保留；新增结构字段为规则化整理结果。,,310.5,
EXT2271,番茄炒蛋,番茄炒蛋，西红柿炒鸡蛋，番茄炒鸡蛋，西红柿炒蛋，番茄蛋,外卖-家常菜,105.88,5.25,8.49,3.22,1.08,番茄炒蛋,番茄炒蛋，西红柿炒鸡蛋，番茄炒鸡蛋，西红柿炒蛋，番茄蛋,餐饮菜品,中式热菜及其他餐饮,外卖-家常菜,100g,100,g,,,,未明确,炒,,原始数据库（来源待追溯）,原始导入,未提供,2026-06-25,低,是,是,否,EXT2271,同名冲突待核验,原始数据保留；新增结构字段为规则化整理结果。,,105.9,
EXT2272,麻婆豆腐,麻婆豆腐，麻辣豆腐，麻婆豆腐饭，四川麻婆豆腐,外卖-川菜,138.58,12.81,7.85,4.49,0.58,麻婆豆腐,麻婆豆腐，麻辣豆腐，麻婆豆腐饭，四川麻婆豆腐,餐饮菜品,中式热菜及其他餐饮,外卖-川菜,100g,100,g,,,,未明确,,,原始数据库（来源待追溯）,原始导入,未提供,2026-06-25,低,是,是,否,EXT2272,同名冲突待核验,原始数据保留；新增结构字段为规则化整理结果。,,138.6,
EXT2273,关东煮,关东煮，Oden，日式关东煮，煮物，好炖，711关东煮,外卖-异国料理,124,7.31,5.58,10.73,0,关东煮,关东煮，Oden，日式关东煮，煮物，好炖，711关东煮,餐饮菜品,中式热菜及其他餐饮,外卖-异国料理,100g,100,g,,,,未明确,煮,,原始数据库（来源待追溯）,原始导入,未提供,2026-06-25,低,是,是,否,EXT2094,重复兼容记录,与主记录营养和状态一致，保留编码兼容旧数据。,,124,
EXT2276,三明治,三明治，Sandwich，三文治，午餐三明治，三明治面包，火腿芝士三明治,外卖-简餐,220,12.18,11.39,16.72,0,三明治,三明治，Sandwich，三文治，午餐三明治，三明治面包，火腿芝士三明治,餐饮菜品,中式热菜及其他餐饮,外卖-简餐,100g,100,g,,,,未明确,,,原始数据库（来源待追溯）,原始导入,未提供,2026-06-25,低,是,是,否,EXT2276,同名冲突待核验,原始数据保留；新增结构字段为规则化整理结果。,,220,
EXT2277,香草冰淇淋,香草冰淇淋，香草味冰淇淋，Vanilla Ice Cream，香草冰激凌，香草雪糕，香草甜筒,零食-冷饮甜品,201,3.50,11.00,23.60,0,香草冰淇淋,香草冰淇淋，香草味冰淇淋，Vanilla Ice Cream，香草冰激凌，香草雪糕，香草甜筒,零食甜品,糕点甜品,零食-冷饮甜品,100g,100,g,,,,未明确,,,原始数据库（来源待追溯）,原始导入,未提供,2026-06-25,中,否,否,是,EXT2277,待来源追溯,原始数据保留；新增结构字段为规则化整理结果。,,201,
EXT2278,椰子水,椰子水，Coconut Water，椰青水，鲜椰子水，天然椰子水,饮料-果蔬汁,19,0.72,0.20,3.71,0,椰子水,椰子水，Coconut Water，椰青水，鲜椰子水，天然椰子水,饮料,其他饮料,饮料-果蔬汁,100g,100,g,,,,未明确,,,原始数据库（来源待追溯）,原始导入,未提供,2026-06-25,中,否,否,是,EXT2278,待来源追溯,原始数据保留；新增结构字段为规则化整理结果。,,19,
EXT2279,蛋白棒,蛋白棒，蛋白质棒，Protein Bar，能量蛋白棒，健身蛋白棒，高蛋白零食,运动营养,371,31.00,17.00,36.00,0,蛋白棒,蛋白棒，蛋白质棒，Protein Bar，能量蛋白棒，健身蛋白棒，高蛋白零食,运动营养,其他,运动营养,100g,100,g,,,,未明确,,,原始数据库（来源待追溯）,原始导入,未提供,2026-06-25,低,否,否,否,EXT2279,同名冲突待核验,原始数据保留；新增结构字段为规则化整理结果。,,371,
EXT2280,酸梅汤,酸梅汤，乌梅汤，冰镇酸梅汤，老北京酸梅汤，桂花酸梅汤,饮料-茶饮,46,0.31,0.01,12.14,0,酸梅汤,酸梅汤，乌梅汤，冰镇酸梅汤，老北京酸梅汤，桂花酸梅汤,饮料,茶饮,饮料-茶饮,100g,100,g,,,,未明确,,,原始数据库（来源待追溯）,原始导入,未提供,2026-06-25,低,是,是,否,EXT2280,同名冲突待核验,原始数据保留；新增结构字段为规则化整理结果。,,46,
EXT2281,凉茶,凉茶，王老吉，加多宝，广东凉茶，癍痧凉茶，和其正，草本凉茶,饮料-茶饮,36,0,0,8.90,0,凉茶,凉茶，王老吉，加多宝，广东凉茶，癍痧凉茶，和其正，草本凉茶,饮料,茶饮,饮料-茶饮,100g,100,g,,,,未明确,,,原始数据库（来源待追溯）,原始导入,未提供,2026-06-25,中,否,否,是,EXT2281,待来源追溯,原始数据保留；新增结构字段为规则化整理结果。,,36,
EXT2282,运动饮料,运动饮料，佳得乐，宝矿力，脉动，尖叫，Sports Drink，电解质饮料,饮料-功能饮料,27,0,0.10,6.76,0,运动饮料,运动饮料，佳得乐，宝矿力，脉动，尖叫，Sports Drink，电解质饮料,饮料,其他饮料,饮料-功能饮料,100g,100,g,,,,未明确,,,原始数据库（来源待追溯）,原始导入,未提供,2026-06-25,中,否,否,是,EXT2282,待来源追溯,原始数据保留；新增结构字段为规则化整理结果。,,27,
EXT2283,气泡水,气泡水，苏打水，Sparkling Water，无糖气泡水，零糖气泡水，元气森林，巴黎水,饮料-气泡水,0,0,0,0,0,气泡水,气泡水，苏打水，Sparkling Water，无糖气泡水，零糖气泡水，元气森林，巴黎水,饮料,其他饮料,饮料-气泡水,100g,100,g,,,,未明确,,,原始数据库（来源待追溯）,原始导入,未提供,2026-06-25,中,否,否,是,EXT2283,待来源追溯,原始数据保留；新增结构字段为规则化整理结果。,,0,
EXT2284,豆浆,豆浆，豆奶，Soy Milk，现磨豆浆，热豆浆，无糖豆浆,饮料-植物蛋白饮,33,2.67,1.26,2.98,0,豆浆,豆浆，豆奶，Soy Milk，现磨豆浆，热豆浆，无糖豆浆,饮料,其他饮料,饮料-植物蛋白饮,100g,100,g,,,,未明确,,,原始数据库（来源待追溯）,原始导入,未提供,2026-06-25,低,否,否,否,EXT2284,同名冲突待核验,原始数据保留；新增结构字段为规则化整理结果。,,33,
EXT2285,红牛,红牛，Red Bull，RedBull，红牛维生素功能饮料，红牛能量饮料，黄罐红牛,饮料-功能饮料,46,0,0,11.00,0,红牛,红牛，Red Bull，RedBull，红牛维生素功能饮料，红牛能量饮料，黄罐红牛,饮料,其他饮料,饮料-功能饮料,100g,100,g,,,,未明确,,,原始数据库（来源待追溯）,原始导入,未提供,2026-06-25,中,否,否,是,EXT2285,待来源追溯,原始数据保留；新增结构字段为规则化整理结果。,,46,
EXT2286,蛋挞,蛋挞，葡式蛋挞，Egg Tart，葡挞，港式蛋挞，蛋塔，酥皮蛋挞,零食-甜品,376.41,6.86,22.10,37.78,0.67,蛋挞,蛋挞，葡式蛋挞，Egg Tart，葡挞，港式蛋挞，蛋塔，酥皮蛋挞,零食甜品,糕点甜品,零食-甜品,100g,100,g,,,,未明确,,,原始数据库（来源待追溯）,原始导入,未提供,2026-06-25,低,否,否,否,EXT2286,同名冲突待核验,原始数据保留；新增结构字段为规则化整理结果。,,376.4,
EXT2287,泡芙,泡芙，奶油泡芙，Puff，Cream Puff，酥皮泡芙，闪电泡芙，卡仕达泡芙,零食-甜品,258,6.70,15.50,22.90,0,泡芙,泡芙，奶油泡芙，Puff，Cream Puff，酥皮泡芙，闪电泡芙，卡仕达泡芙,零食甜品,糕点甜品,零食-甜品,100g,100,g,,,,未明确,,,原始数据库（来源待追溯）,原始导入,未提供,2026-06-25,中,否,否,是,EXT2287,待来源追溯,原始数据保留；新增结构字段为规则化整理结果。,,258,
EXT2288,芒果糯米饭,芒果糯米饭，泰式芒果糯米饭，Mango Sticky Rice，芒果糯米饭甜品,外卖-异国料理,175,2.50,3.00,37.50,0,芒果糯米饭,芒果糯米饭，泰式芒果糯米饭，Mango Sticky Rice，芒果糯米饭甜品,餐饮菜品,中式热菜及其他餐饮,外卖-异国料理,100g,100,g,,,,未明确,,,原始数据库（来源待追溯）,原始导入,未提供,2026-06-25,低,是,是,是,EXT2288,待来源追溯,原始数据保留；新增结构字段为规则化整理结果。,,175,
EXT2289,巧克力冰淇淋,巧克力冰淇淋，巧克力味冰淇淋，Chocolate Ice Cream，巧克力雪糕，巧克力冰激凌,零食-冷饮甜品,216,3.80,11.00,28.20,1.2,巧克力冰淇淋,巧克力冰淇淋，巧克力味冰淇淋，Chocolate Ice Cream，巧克力雪糕，巧克力冰激凌,零食甜品,糕点甜品,零食-冷饮甜品,100g,100,g,,,,未明确,,,原始数据库（来源待追溯）,原始导入,未提供,2026-06-25,中,否,否,是,EXT2289,待来源追溯,原始数据保留；新增结构字段为规则化整理结果。,,216,
EXT2290,手抓饼,手抓饼，葱抓饼，台湾手抓饼，千层手抓饼，原味手抓饼，酥脆手抓饼,外卖-小吃,308.21,11.43,11.46,40.35,1.12,手抓饼,手抓饼，葱抓饼，台湾手抓饼，千层手抓饼，原味手抓饼，酥脆手抓饼,餐饮菜品,小吃,外卖-小吃,100g,100,g,,,,未明确,,,原始数据库（来源待追溯）,原始导入,未提供,2026-06-25,低,是,是,否,EXT2290,同名冲突待核验,原始数据保留；新增结构字段为规则化整理结果。,,308.2,
EXT2291,烤冷面,烤冷面，东北烤冷面，韩式烤冷面，烤冷面加蛋，铁板烤冷面,外卖-小吃,166,7.27,3.29,26.32,0,烤冷面,烤冷面，东北烤冷面，韩式烤冷面，烤冷面加蛋，铁板烤冷面,餐饮菜品,面食,外卖-小吃,100g,100,g,,,,未明确,烤,,原始数据库（来源待追溯）,原始导入,未提供,2026-06-25,低,是,是,否,EXT2291,同名冲突待核验,原始数据保留；新增结构字段为规则化整理结果。,,166,
EXT2292,鸡蛋灌饼,鸡蛋灌饼，灌饼，蛋灌饼，鸡蛋灌饼加肠，烙馍卷蛋,外卖-小吃,263.35,11.57,9.45,33.37,0.94,鸡蛋灌饼,鸡蛋灌饼，灌饼，蛋灌饼，鸡蛋灌饼加肠，烙馍卷蛋,餐饮菜品,小吃,外卖-小吃,100g,100,g,,,,未明确,,,原始数据库（来源待追溯）,原始导入,未提供,2026-06-25,低,是,是,否,EXT2292,同名冲突待核验,原始数据保留；新增结构字段为规则化整理结果。,,263.4,
EXT2293,可颂,可颂，牛角包，Croissant，黄油可颂，法式可颂，羊角面包，牛角面包,面包-酥皮,406,8.20,21.00,45.80,0,可颂,可颂，牛角包，Croissant，黄油可颂，法式可颂，羊角面包，牛角面包,谷薯及主食,面食及面点,面包-酥皮,100g,100,g,,,,未明确,,,原始数据库（来源待追溯）,原始导入,未提供,2026-06-25,中,否,否,是,EXT2293,待来源追溯,原始数据保留；新增结构字段为规则化整理结果。,,406,生熟状态未明确
EXT2294,贝果,贝果，Bagel，硬面包圈，百吉饼，原味贝果，全麦贝果,面包-主食,257,10.02,1.62,50.50,2.2,贝果,贝果，Bagel，硬面包圈，百吉饼，原味贝果，全麦贝果,谷薯及主食,面食及面点,面包-主食,100g,100,g,,,,未明确,,,原始数据库（来源待追溯）,原始导入,未提供,2026-06-25,中,否,否,是,EXT2294,待来源追溯,原始数据保留；新增结构字段为规则化整理结果。,,257,生熟状态未明确
EXT2295,烧卖,烧卖，烧麦，干蒸烧卖，猪肉烧卖，虾仁烧卖，糯米烧卖，Shumai,外卖-点心,252,10.81,4.98,39.43,0,烧卖,烧卖，烧麦，干蒸烧卖，猪肉烧卖，虾仁烧卖，糯米烧卖，Shumai,餐饮菜品,中式热菜及其他餐饮,外卖-点心,100g,100,g,,,,未明确,烧,,原始数据库（来源待追溯）,原始导入,未提供,2026-06-25,低,是,是,否,EXT2295,同名冲突待核验,原始数据保留；新增结构字段为规则化整理结果。,,252,
EXT2296,糯米鸡,糯米鸡，荷叶糯米鸡，广式糯米鸡，蚝油糯米鸡，蒸糯米鸡,外卖-点心,190.01,8.30,4.30,29.20,0,糯米鸡,糯米鸡，荷叶糯米鸡，广式糯米鸡，蚝油糯米鸡，蒸糯米鸡,餐饮菜品,中式热菜及其他餐饮,外卖-点心,100g,100,g,,,,未明确,,,原始数据库（来源待追溯）,原始导入,未提供,2026-06-25,低,是,是,否,EXT2296,同名冲突待核验,原始数据保留；新增结构字段为规则化整理结果。,,190,
EXT2297,虾饺,虾饺，水晶虾饺，鲜虾饺，Har Gow，广式虾饺，虾饺皇，蒸虾饺,外卖-点心,141,6.20,4.80,18.10,0,虾饺,虾饺，水晶虾饺，鲜虾饺，Har Gow，广式虾饺，虾饺皇，蒸虾饺,餐饮菜品,中式热菜及其他餐饮,外卖-点心,100g,100,g,,,,未明确,,,原始数据库（来源待追溯）,原始导入,未提供,2026-06-25,低,是,是,否,EXT2297,同名冲突待核验,原始数据保留；新增结构字段为规则化整理结果。,,141,
EXT2298,豉汁凤爪,豉汁凤爪，凤爪，豉汁蒸凤爪，虎皮凤爪，广式凤爪，蒸凤爪，鸡爪,外卖-点心,239,19.46,12.62,12.25,0,豉汁凤爪,豉汁凤爪，凤爪，豉汁蒸凤爪，虎皮凤爪，广式凤爪，蒸凤爪，鸡爪,餐饮菜品,中式热菜及其他餐饮,外卖-点心,100g,100,g,,,,未明确,,,原始数据库（来源待追溯）,原始导入,未提供,2026-06-25,低,是,是,是,EXT2298,待来源追溯,原始数据保留；新增结构字段为规则化整理结果。,,239,
EXT2299,马拉糕,马拉糕，马来糕，红糖马拉糕，港式马拉糕，蒸马拉糕,外卖-点心,279.09,6.85,4.01,53.93,0.10,马拉糕,马拉糕，马来糕，红糖马拉糕，港式马拉糕，蒸马拉糕,餐饮菜品,中式热菜及其他餐饮,外卖-点心,100g,100,g,,,,未明确,,,原始数据库（来源待追溯）,原始导入,未提供,2026-06-25,低,是,是,否,EXT2299,同名冲突待核验,原始数据保留；新增结构字段为规则化整理结果。,,279.1,
EXT2300,烤红薯,烤红薯，烤地瓜，烤番薯，烘山芋，Baked Sweet Potato，街边烤红薯,零食-小吃,131.26,1.38,0.25,30.88,2.00,烤红薯,烤红薯，烤地瓜，烤番薯，烘山芋，Baked Sweet Potato，街边烤红薯,餐饮菜品,小吃,零食-小吃,100g,100,g,,,,未明确,烤,,原始数据库（来源待追溯）,原始导入,未提供,2026-06-25,中,否,否,否,EXT2172,重复兼容记录,与主记录营养和状态一致，保留编码兼容旧数据。,,131.3,
EXT2302,煮玉米,煮玉米，水煮玉米，熟玉米棒，白水煮玉米，甜玉米煮熟,主食-粗粮,85,1.98,0.38,18.10,1.70,煮玉米,煮玉米，水煮玉米，熟玉米棒，白水煮玉米，甜玉米煮熟,谷薯及主食,谷物及制品,主食-粗粮,100g,100,g,,,,未明确,煮,,原始数据库（来源待追溯）,原始导入,未提供,2026-06-25,中,否,否,是,EXT2302,待来源追溯,原始数据保留；新增结构字段为规则化整理结果。,,85,生熟状态未明确
EXT2303,龟苓膏,龟苓膏，龟苓膏冻，草本龟苓膏，Guilinggao，清热龟苓膏，生和堂龟苓膏,零食-甜品,57,0.63,0.11,33.75,0,龟苓膏,龟苓膏，龟苓膏冻，草本龟苓膏，Guilinggao，清热龟苓膏，生和堂龟苓膏,零食甜品,糕点甜品,零食-甜品,100g,100,g,,,,未明确,,,原始数据库（来源待追溯）,原始导入,未提供,2026-06-25,中,否,否,是,EXT2303,待来源追溯,原始数据保留；新增结构字段为规则化整理结果。,,57,
EXT2304,银耳羹,银耳羹，银耳汤，红枣银耳羹，冰糖银耳羹，白木耳汤，银耳莲子羹,外卖-甜品,119.49,0.41,0.06,29.97,1.25,银耳羹,银耳羹，银耳汤，红枣银耳羹，冰糖银耳羹，白木耳汤，银耳莲子羹,餐饮菜品,汤羹,外卖-甜品,100g,100,g,,,,未明确,,,原始数据库（来源待追溯）,原始导入,未提供,2026-06-25,低,是,是,是,EXT2304,待来源追溯,原始数据保留；新增结构字段为规则化整理结果。,,119.5,
EXT2305,枇杷,枇杷，芦橘，金丸，芦枝，Loquat，炎果，焦子，早春枇杷,水果-热带,41.00,0.80,0.20,9.30,0.80,枇杷,枇杷，芦橘，金丸，芦枝，Loquat，炎果，焦子，早春枇杷,水果,鲜果,水果-热带,100g,100,g,,,,未明确,,,原始数据库（来源待追溯）,原始导入,未提供,2026-06-25,中,否,否,否,EXT0585,重复兼容记录,与主记录营养和状态一致，保留编码兼容旧数据。,,41,
EXT2306,杨梅,杨梅，树梅，山杨梅，龙睛，朱红，水杨梅，白蒂梅，圣生梅，Yumberry,水果-浆果,30,0.80,0.20,6.70,1.00,杨梅,杨梅，树梅，山杨梅，龙睛，朱红，水杨梅，白蒂梅，圣生梅，Yumberry,水果,鲜果,水果-浆果,100g,100,g,,,,未明确,,,原始数据库（来源待追溯）,原始导入,未提供,2026-06-25,中,否,否,是,EXT2306,待来源追溯,原始数据保留；新增结构字段为规则化整理结果。,,30,
EXT2307,百香果,百香果，西番莲，Passion Fruit，热情果，鸡蛋果，巴西果，紫果西番莲,水果-热带,51.00,0.40,0.10,13.60,0,百香果,百香果，西番莲，Passion Fruit，热情果，鸡蛋果，巴西果，紫果西番莲,水果,鲜果,水果-热带,100g,100,g,,,,未明确,,,原始数据库（来源待追溯）,原始导入,未提供,2026-06-25,中,否,否,是,EXT2307,待来源追溯,原始数据保留；新增结构字段为规则化整理结果。,,51,
EXT2308,莲雾,莲雾，天桃，水蒲桃，洋蒲桃，Wax Apple，爪哇浦桃，琏雾,水果-热带,33.00,0.69,0,7.68,0,莲雾,莲雾，天桃，水蒲桃，洋蒲桃，Wax Apple，爪哇浦桃，琏雾,水果,鲜果,水果-热带,100g,100,g,,,,未明确,,,原始数据库（来源待追溯）,原始导入,未提供,2026-06-25,中,否,否,是,EXT2308,待来源追溯,原始数据保留；新增结构字段为规则化整理结果。,,33,
EXT2309,菠萝蜜,菠萝蜜，波罗蜜，木菠萝，树菠萝，大树菠萝，Jackfruit，苞萝，蜜冬瓜,水果-热带,105.00,0.20,0.30,25.70,0.80,菠萝蜜,菠萝蜜，波罗蜜，木菠萝，树菠萝，大树菠萝，Jackfruit，苞萝，蜜冬瓜,水果,鲜果,水果-热带,100g,100,g,,,,未明确,,,原始数据库（来源待追溯）,原始导入,未提供,2026-06-25,低,否,否,否,EXT2309,同名冲突待核验,原始数据保留；新增结构字段为规则化整理结果。,,105,
EXT2310,释迦,释迦，番荔枝，释迦果，佛头果，Sugar Apple，凤梨释迦，番鬼荔枝,水果-热带,105.00,1.62,0.13,24.00,1.17,释迦,释迦，番荔枝，释迦果，佛头果，Sugar Apple，凤梨释迦，番鬼荔枝,水果,鲜果,水果-热带,100g,100,g,,,,未明确,,,原始数据库（来源待追溯）,原始导入,未提供,2026-06-25,中,否,否,是,EXT2310,待来源追溯,原始数据保留；新增结构字段为规则化整理结果。,,105,
EXT2311,酸辣土豆丝,酸辣土豆丝，醋溜土豆丝，酸辣炒土豆丝，Hot and Sour Shredded Potato,外卖-热菜,120,2.14,5.79,17.13,0,酸辣土豆丝,酸辣土豆丝，醋溜土豆丝，酸辣炒土豆丝，Hot and Sour Shredded Potato,餐饮菜品,中式热菜及其他餐饮,外卖-热菜,100g,100,g,,,,未明确,,,原始数据库（来源待追溯）,原始导入,未提供,2026-06-25,低,是,是,否,EXT2311,同名冲突待核验,原始数据保留；新增结构字段为规则化整理结果。,,120,
EXT2312,干煸四季豆,"干煸四季豆，干煸豆角，干炒四季豆，Dry-fried Green Beans, 干扁四季豆",外卖-热菜,119.65,13.33,5.08,5.73,1.11,干煸四季豆,干煸四季豆，干煸豆角，干炒四季豆，Dry-fried Green Beans，干扁四季豆,餐饮菜品,中式热菜及其他餐饮,外卖-热菜,100g,100,g,,,,未明确,,,原始数据库（来源待追溯）,原始导入,未提供,2026-06-25,低,是,是,否,EXT2312,同名冲突待核验,原始数据保留；新增结构字段为规则化整理结果。,,119.7,
EXT2313,蒜蓉西兰花,蒜蓉西兰花，蒜蓉西蓝花，蒜炒西兰花，Garlic Broccoli，蒜泥西兰花,外卖-热菜,42,3.47,2.11,4.15,2.52,蒜蓉西兰花,蒜蓉西兰花，蒜蓉西蓝花，蒜炒西兰花，Garlic Broccoli，蒜泥西兰花,餐饮菜品,中式热菜及其他餐饮,外卖-热菜,100g,100,g,,,,未明确,,,原始数据库（来源待追溯）,原始导入,未提供,2026-06-25,低,是,是,否,EXT2313,同名冲突待核验,原始数据保留；新增结构字段为规则化整理结果。,,42,
EXT2315,韩国泡菜,韩国泡菜，Kimchi，韩式泡菜，辣白菜，韩式辣白菜，辛奇，泡菜,零食-腌菜,19.00,2.00,0.60,0,0,韩国泡菜,韩国泡菜，Kimchi，韩式泡菜，辣白菜，韩式辣白菜，辛奇，泡菜,零食甜品,零食糖果,零食-腌菜,100g,100,g,,,,未明确,,,原始数据库（来源待追溯）,原始导入,未提供,2026-06-25,中,否,否,是,EXT2315,待来源追溯,原始数据保留；新增结构字段为规则化整理结果。,,19,
EXT2316,烧饼,烧饼，芝麻烧饼，油酥烧饼，糖火烧，烤饼，Shaobing，北方烧饼,主食-面点,260,8.89,3.45,48.67,0.31,烧饼,烧饼，芝麻烧饼，油酥烧饼，糖火烧，烤饼，Shaobing，北方烧饼,谷薯及主食,谷物及制品,主食-面点,100g,100,g,,,,未明确,烧,,原始数据库（来源待追溯）,原始导入,未提供,2026-06-25,低,否,否,否,EXT2316,同名冲突待核验,原始数据保留；新增结构字段为规则化整理结果。,,260,生熟状态未明确
EXT2317,酱香饼,酱香饼，土家酱香饼，酱香千层饼，香辣酱香饼，Jiangxiangbing，土家掉渣饼,外卖-小吃,385,8.50,16.60,32.10,2.40,酱香饼,酱香饼，土家酱香饼，酱香千层饼，香辣酱香饼，Jiangxiangbing，土家掉渣饼,餐饮菜品,小吃,外卖-小吃,100g,100,g,,,,未明确,,,原始数据库（来源待追溯）,原始导入,未提供,2026-06-25,低,是,是,是,EXT2317,待来源追溯,原始数据保留；新增结构字段为规则化整理结果。,,385,
EXT2318,发糕,发糕，米发糕，蒸糕，红糖发糕，白发糕，Fa Gao，大米发糕,主食-面点,253.67,8.09,1.60,53.74,2.53,发糕,发糕，米发糕，蒸糕，红糖发糕，白发糕，Fa Gao，大米发糕,谷薯及主食,谷物及制品,主食-面点,100g,100,g,,,,未明确,,,原始数据库（来源待追溯）,原始导入,未提供,2026-06-25,中,否,否,是,EXT2318,待来源追溯,原始数据保留；新增结构字段为规则化整理结果。,,253.7,生熟状态未明确
EXT2319,红豆沙,红豆沙，豆沙馅，甜豆沙，Red Bean Paste，红豆泥，油豆沙，水豆沙,调味品-馅料,271,5.00,4.00,53.00,0,红豆沙,红豆沙，豆沙馅，甜豆沙，Red Bean Paste，红豆泥，油豆沙，水豆沙,调味品,基础调味及香辛料,调味品-馅料,100g,100,g,,,,未明确,,,原始数据库（来源待追溯）,原始导入,未提供,2026-06-25,低,否,否,否,EXT2319,同名冲突待核验,原始数据保留；新增结构字段为规则化整理结果。,,271,
EXT2320,凉拌木耳,凉拌木耳，凉拌黑木耳，蒜泥木耳，Cold Wood Ear Salad，凉拌云耳,外卖-凉菜,46.30,1.70,2.06,6.39,2.47,凉拌木耳,凉拌木耳，凉拌黑木耳，蒜泥木耳，Cold Wood Ear Salad，凉拌云耳,餐饮菜品,中式热菜及其他餐饮,外卖-凉菜,100g,100,g,,,,未明确,,,原始数据库（来源待追溯）,原始导入,未提供,2026-06-25,低,是,是,否,EXT2320,同名冲突待核验,原始数据保留；新增结构字段为规则化整理结果。,,46.3,
EXT2321,粽子,粽子，糯米粽，Zongzi，端午粽，蛋黄肉粽，猪肉粽，豆沙粽，蜜枣粽,主食-节令,195,5.57,0.54,43.73,0,粽子,粽子，糯米粽，Zongzi，端午粽，蛋黄肉粽，猪肉粽，豆沙粽，蜜枣粽,谷薯及主食,谷物及制品,主食-节令,100g,100,g,,,,未明确,,,原始数据库（来源待追溯）,原始导入,未提供,2026-06-25,中,否,否,是,EXT2321,待来源追溯,原始数据保留；新增结构字段为规则化整理结果。,,195,生熟状态未明确
EXT2322,青团,青团，清明果，艾草青团，Qingtuan，豆沙青团，蛋黄肉松青团,零食-节令,345,2.50,3.60,65.40,0,青团,青团，清明果，艾草青团，Qingtuan，豆沙青团，蛋黄肉松青团,零食甜品,零食糖果,零食-节令,100g,100,g,,,,未明确,,,原始数据库（来源待追溯）,原始导入,未提供,2026-06-25,中,否,否,是,EXT2322,待来源追溯,原始数据保留；新增结构字段为规则化整理结果。,,345,
EXT2323,绿豆糕,绿豆糕，绿豆饼，Mung Bean Cake，绿豆冰糕，绿豆酥,零食-糕点,351.00,12.80,1.00,73.40,1.20,绿豆糕,绿豆糕，绿豆饼，Mung Bean Cake，绿豆冰糕，绿豆酥,零食甜品,糕点甜品,零食-糕点,100g,100,g,,,,未明确,,,原始数据库（来源待追溯）,原始导入,未提供,2026-06-25,低,否,否,否,EXT2323,同名冲突待核验,原始数据保留；新增结构字段为规则化整理结果。,,351,
EXT2324,汤圆,汤圆，元宵，黑芝麻汤圆，Tangyuan，芝麻汤圆，花生汤圆，甜汤圆,主食-节令,327,6.79,6.75,59.12,0,汤圆,汤圆，元宵，黑芝麻汤圆，Tangyuan，芝麻汤圆，花生汤圆，甜汤圆,谷薯及主食,谷物及制品,主食-节令,100g,100,g,,,,未明确,,,原始数据库（来源待追溯）,原始导入,未提供,2026-06-25,低,是,是,是,EXT2324,待来源追溯,原始数据保留；新增结构字段为规则化整理结果。,,327,生熟状态未明确
EXT2325,醪糟汤圆,醪糟汤圆，酒酿汤圆，甜酒汤圆，米酒汤圆，醪糟小圆子，酒酿圆子,外卖-甜品,164.33,5.15,1.37,33.16,0.43,醪糟汤圆,醪糟汤圆，酒酿汤圆，甜酒汤圆，米酒汤圆，醪糟小圆子，酒酿圆子,餐饮菜品,汤羹,外卖-甜品,100g,100,g,,,,未明确,,,原始数据库（来源待追溯）,原始导入,未提供,2026-06-25,低,是,是,是,EXT2325,待来源追溯,原始数据保留；新增结构字段为规则化整理结果。,,164.3,
EXT2326,珍珠奶茶,珍珠奶茶，Bubble Tea，波霸奶茶，黑糖珍珠奶茶，珍奶，珍珠奶绿，奶茶加珍珠,饮品-奶茶,92,1.04,1.04,19.97,0.07,珍珠奶茶,珍珠奶茶，Bubble Tea，波霸奶茶，黑糖珍珠奶茶，珍奶，珍珠奶绿，奶茶加珍珠,其他,其他,饮品-奶茶,100g,100,g,,,,未明确,,,原始数据库（来源待追溯）,原始导入,未提供,2026-06-25,低,否,否,否,EXT2326,同名冲突待核验,原始数据保留；新增结构字段为规则化整理结果。,,92,
EXT2327,拿铁咖啡,拿铁，Latte，咖啡拿铁，奶咖，Caffè Latte，牛奶咖啡,饮品-咖啡,51,1.90,1.40,7.70,0,拿铁咖啡,拿铁咖啡，拿铁，Latte，咖啡拿铁，奶咖，Caffè Latte，牛奶咖啡,饮料,咖啡,饮品-咖啡,100g,100,g,,,,未明确,,,原始数据库（来源待追溯）,原始导入,未提供,2026-06-25,低,否,否,否,EXT2327,同名冲突待核验,原始数据保留；新增结构字段为规则化整理结果。,,51,
EXT2328,美式咖啡,美式，Americano，黑咖啡，清咖，美式黑咖啡，滤泡咖啡,饮品-咖啡,3,0.22,0,0.66,0,美式咖啡,美式咖啡，美式，Americano，黑咖啡，清咖，美式黑咖啡，滤泡咖啡,饮料,咖啡,饮品-咖啡,100g,100,g,,,,未明确,,,原始数据库（来源待追溯）,原始导入,未提供,2026-06-25,低,否,否,否,EXT2328,同名冲突待核验,原始数据保留；新增结构字段为规则化整理结果。,,3,
EXT2329,冰红茶,冰红茶，柠檬冰红茶，Iced Tea，冰镇红茶，甜冰茶，康师傅冰红茶,饮品-茶饮,41,0,0,9.90,0,冰红茶,冰红茶，柠檬冰红茶，Iced Tea，冰镇红茶，甜冰茶，康师傅冰红茶,饮料,茶饮,饮品-茶饮,100g,100,g,,,,未明确,,,原始数据库（来源待追溯）,原始导入,未提供,2026-06-25,中,否,否,是,EXT2329,待来源追溯,原始数据保留；新增结构字段为规则化整理结果。,,41,
EXT2330,柠檬茶,柠檬茶，港式柠檬茶，冻柠茶，Lemon Tea，冰柠檬茶，维他柠檬茶,饮品-茶饮,47,0.17,0,12.24,0,柠檬茶,柠檬茶，港式柠檬茶，冻柠茶，Lemon Tea，冰柠檬茶，维他柠檬茶,饮料,茶饮,饮品-茶饮,100g,100,g,,,,未明确,,,原始数据库（来源待追溯）,原始导入,未提供,2026-06-25,中,否,否,否,EXT2155,重复兼容记录,与主记录营养和状态一致，保留编码兼容旧数据。,,47,
EXT2332,方便面,方便面，泡面，Instant Noodles，速食面，杯面，快餐面，快熟面,主食-速食,473.00,9.50,21.10,61.60,0.70,方便面,方便面，泡面，Instant Noodles，速食面，杯面，快餐面，快熟面,谷薯及主食,谷物及制品,主食-速食,100g,100,g,,,,未明确,,,原始数据库（来源待追溯）,原始导入,未提供,2026-06-25,中,否,否,是,EXT2332,待来源追溯,原始数据保留；新增结构字段为规则化整理结果。,,473,生熟状态未明确
EXT2333,酸辣粉,酸辣粉，Hot and Sour Noodles，重庆酸辣粉，红薯酸辣粉，街边酸辣粉,外卖-面食,97.05,1.81,3.87,14.61,1.07,酸辣粉,酸辣粉，Hot and Sour Noodles，重庆酸辣粉，红薯酸辣粉，街边酸辣粉,餐饮菜品,面食,外卖-面食,100g,100,g,,,,未明确,,,原始数据库（来源待追溯）,原始导入,未提供,2026-06-25,低,是,是,否,EXT2333,同名冲突待核验,原始数据保留；新增结构字段为规则化整理结果。,,97,
EXT2334,寿司,寿司，Sushi，日式寿司，握寿司，卷寿司，三文鱼寿司，加州卷，军舰寿司,外卖-日韩,151,4.29,0.43,31.73,0,寿司,寿司，Sushi，日式寿司，握寿司，卷寿司，三文鱼寿司，加州卷，军舰寿司,餐饮菜品,中式热菜及其他餐饮,外卖-日韩,100g,100,g,,,,未明确,,,原始数据库（来源待追溯）,原始导入,未提供,2026-06-25,低,是,是,否,EXT2334,同名冲突待核验,原始数据保留；新增结构字段为规则化整理结果。,,151,
EXT2335,味噌汤,味噌汤，Miso Soup，日式酱汤，味增汤，豆腐味噌汤，日式汤,汤品,19.19,1.71,0.64,2.09,0.61,味噌汤,味噌汤，Miso Soup，日式酱汤，味增汤，豆腐味噌汤，日式汤,其他,其他,汤品,100g,100,g,,,,未明确,,,原始数据库（来源待追溯）,原始导入,未提供,2026-06-25,低,是,是,是,EXT2335,待来源追溯,原始数据保留；新增结构字段为规则化整理结果。,,19.2,
EXT2336,石锅拌饭,石锅拌饭，Bibimbap，韩式拌饭，韩国石锅饭，韩式石锅拌饭，韩式拌饭,外卖-日韩,113,4.98,3.63,15.50,0.62,石锅拌饭,石锅拌饭，Bibimbap，韩式拌饭，韩国石锅饭，韩式石锅拌饭,餐饮菜品,中式热菜及其他餐饮,外卖-日韩,100g,100,g,,,,未明确,,,原始数据库（来源待追溯）,原始导入,未提供,2026-06-25,低,是,是,否,EXT2336,同名冲突待核验,原始数据保留；新增结构字段为规则化整理结果。,,113,
EXT2337,韩式炸鸡,韩式炸鸡，Korean Fried Chicken，甜辣炸鸡，韩式酱料炸鸡，蒜香炸鸡，裹酱炸鸡,外卖-日韩,276.89,14.21,23.43,2.31,0,韩式炸鸡,韩式炸鸡，Korean Fried Chicken，甜辣炸鸡，韩式酱料炸鸡，蒜香炸鸡，裹酱炸鸡,餐饮菜品,中式热菜及其他餐饮,外卖-日韩,100g,100,g,,,,未明确,炸,,原始数据库（来源待追溯）,原始导入,未提供,2026-06-25,低,是,是,否,EXT2337,同名冲突待核验,原始数据保留；新增结构字段为规则化整理结果。,,276.9,
EXT2338,紫菜包饭,紫菜包饭，Kimbap，韩式饭卷，韩国紫菜卷，韩式寿司卷，Gimbap，海苔饭卷,外卖-日韩,140,6.39,3.37,19.95,0,紫菜包饭,紫菜包饭，Kimbap，韩式饭卷，韩国紫菜卷，韩式寿司卷，Gimbap，海苔饭卷,餐饮菜品,中式热菜及其他餐饮,外卖-日韩,100g,100,g,,,,未明确,,,原始数据库（来源待追溯）,原始导入,未提供,2026-06-25,低,是,是,否,EXT2338,同名冲突待核验,原始数据保留；新增结构字段为规则化整理结果。,,140,
EXT2339,炒河粉,炒河粉，Stir-fried Rice Noodles，家常炒河粉，牛肉炒河粉，素炒河粉，湿炒河粉,外卖-面食,175,5.05,6.37,23.76,0,炒河粉,炒河粉，Stir-fried Rice Noodles，家常炒河粉，牛肉炒河粉，素炒河粉，湿炒河粉,餐饮菜品,面食,外卖-面食,100g,100,g,,,,未明确,炒,,原始数据库（来源待追溯）,原始导入,未提供,2026-06-25,低,是,是,否,EXT2339,同名冲突待核验,原始数据保留；新增结构字段为规则化整理结果。,,175,
EXT2340,干炒牛河,干炒牛河，Beef Chow Fun，干炒牛肉河粉，牛河，粤式炒牛河，干炒河粉,外卖-面食,118,6.17,3.76,14.87,0,干炒牛河,干炒牛河，Beef Chow Fun，干炒牛肉河粉，牛河，粤式炒牛河，干炒河粉,餐饮菜品,面食,外卖-面食,100g,100,g,,,,未明确,炒,,原始数据库（来源待追溯）,原始导入,未提供,2026-06-25,低,是,是,是,EXT2340,待来源追溯,原始数据保留；新增结构字段为规则化整理结果。,,118,
EXT2341,烤鸭,烤鸭，Roast Duck，北京烤鸭，广式烧鸭，片皮鸭，烤鸭卷，Roasted Duck,外卖-肉类,265,18.66,20.61,0,0,烤鸭,烤鸭，Roast Duck，北京烤鸭，广式烧鸭，片皮鸭，烤鸭卷，Roasted Duck,餐饮菜品,中式热菜及其他餐饮,外卖-肉类,100g,100,g,,,,未明确,烤,,原始数据库（来源待追溯）,原始导入,未提供,2026-06-25,低,是,是,是,EXT2341,待来源追溯,原始数据保留；新增结构字段为规则化整理结果。,,265,
EXT2342,白切鸡,白切鸡，白斩鸡，白切鸡腿，Poached Chicken，白切，湛江白切鸡，白切鸡饭,外卖-肉类,192.48,17.63,12.94,1.40,0.06,白切鸡,白切鸡，白斩鸡，白切鸡腿，Poached Chicken，白切，湛江白切鸡，白切鸡饭,餐饮菜品,中式热菜及其他餐饮,外卖-肉类,100g,100,g,,,,未明确,,,原始数据库（来源待追溯）,原始导入,未提供,2026-06-25,低,是,是,是,EXT2342,待来源追溯,原始数据保留；新增结构字段为规则化整理结果。,,192.5,
EXT2343,冒菜,冒菜，Mao Cai，麻辣冒菜，红油冒菜，自选冒菜，四川冒菜，清汤冒菜,外卖-川味,194,4.30,17.00,6.40,0,冒菜,冒菜，Mao Cai，麻辣冒菜，红油冒菜，自选冒菜，四川冒菜，清汤冒菜,餐饮菜品,中式热菜及其他餐饮,外卖-川味,100g,100,g,,,,未明确,,,原始数据库（来源待追溯）,原始导入,未提供,2026-06-25,低,是,是,否,EXT2343,同名冲突待核验,原始数据保留；新增结构字段为规则化整理结果。,,194,
EXT2344,豆浆,豆浆，Soy Milk，现磨豆浆，甜豆浆，原味豆浆，豆汁，热豆浆，速溶豆浆,饮品-植物奶,49,2.16,1.20,7.44,0,豆浆,豆浆，Soy Milk，现磨豆浆，甜豆浆，原味豆浆，豆汁，热豆浆，速溶豆浆,豆类及豆制品,豆制品,饮品-植物奶,100g,100,g,,,,未明确,,,原始数据库（来源待追溯）,原始导入,未提供,2026-06-25,低,否,否,否,EXT2344,同名冲突待核验,原始数据保留；新增结构字段为规则化整理结果。,,49,
EXT2345,豆奶,豆奶，Soy Milk，维他奶，豆乳，植物豆奶，原味豆奶，So Good，统一豆奶,饮品-植物奶,47,2.00,1.40,6.50,0,豆奶,豆奶，Soy Milk，维他奶，豆乳，植物豆奶，原味豆奶，So Good，统一豆奶,其他,其他,饮品-植物奶,100g,100,g,,,,未明确,,,原始数据库（来源待追溯）,原始导入,未提供,2026-06-25,中,否,否,是,EXT2345,待来源追溯,原始数据保留；新增结构字段为规则化整理结果。,,47,
EXT2346,原味酸奶,原味酸奶，Yogurt，纯酸奶，发酵乳，Plain Yogurt，酸牛奶，老酸奶，希腊酸奶,乳制品-发酵,63,5.25,1.55,7.04,0,原味酸奶,原味酸奶，Yogurt，纯酸奶，发酵乳，Plain Yogurt，酸牛奶，老酸奶，希腊酸奶,奶及乳制品,发酵乳,乳制品-发酵,100g,100,g,,,,未明确,,,原始数据库（来源待追溯）,原始导入,未提供,2026-06-25,中,否,否,是,EXT2346,待来源追溯,原始数据保留；新增结构字段为规则化整理结果。,,63,
EXT2347,椰奶,椰奶，Coconut Milk，椰汁，椰子奶，生榨椰奶，椰浆，椰乳，海南椰奶,饮品-植物奶,45,0.50,4.50,1.50,0,椰奶,椰奶，Coconut Milk，椰汁，椰子奶，生榨椰奶，椰浆，椰乳，海南椰奶,其他,其他,饮品-植物奶,100g,100,g,,,,未明确,,,原始数据库（来源待追溯）,原始导入,未提供,2026-06-25,中,否,否,是,EXT2347,待来源追溯,原始数据保留；新增结构字段为规则化整理结果。,,45,
EXT2348,绿豆沙,绿豆沙，Mung Bean Paste，绿豆冰沙，绿豆泥，绿豆糊，糖水绿豆沙，冰绿豆沙,外卖-甜品,65,1.50,0,14.60,0,绿豆沙,绿豆沙，Mung Bean Paste，绿豆冰沙，绿豆泥，绿豆糊，糖水绿豆沙，冰绿豆沙,餐饮菜品,中式热菜及其他餐饮,外卖-甜品,100g,100,g,,,,未明确,,,原始数据库（来源待追溯）,原始导入,未提供,2026-06-25,低,是,是,否,EXT2348,同名冲突待核验,原始数据保留；新增结构字段为规则化整理结果。,,65,
EXT2349,肥牛卷,肥牛卷，Beef Roll，火锅肥牛，雪花肥牛，涮肥牛，肥牛片，速冻肥牛卷，美国肥牛,外卖-火锅,301,13.80,27.70,0,0,肥牛卷,肥牛卷，Beef Roll，火锅肥牛，雪花肥牛，涮肥牛，肥牛片，速冻肥牛卷，美国肥牛,餐饮菜品,中式热菜及其他餐饮,外卖-火锅,100g,100,g,,,,未明确,,,原始数据库（来源待追溯）,原始导入,未提供,2026-06-25,低,是,是,否,EXT2060,重复兼容记录,与主记录营养和状态一致，保留编码兼容旧数据。,,301,
EXT2351,虾滑,虾滑，Shrimp Paste，火锅虾滑，虾丸滑，涮虾滑，纯虾滑，手打虾滑，虾泥,外卖-火锅,75,11.30,0.60,5.90,0,虾滑,虾滑，Shrimp Paste，火锅虾滑，虾丸滑，涮虾滑，纯虾滑，手打虾滑，虾泥,餐饮菜品,中式热菜及其他餐饮,外卖-火锅,100g,100,g,,,,未明确,,,原始数据库（来源待追溯）,原始导入,未提供,2026-06-25,低,是,是,否,EXT2351,同名冲突待核验,原始数据保留；新增结构字段为规则化整理结果。,,75,
EXT2352,鸭血,鸭血，Duck Blood，火锅鸭血，血豆腐，鸭血豆腐，鲜鸭血，血旺，毛血旺鸭血,外卖-火锅,108,13.33,0.39,12.54,0,鸭血,鸭血，Duck Blood，火锅鸭血，血豆腐，鸭血豆腐，鲜鸭血，血旺，毛血旺鸭血,餐饮菜品,中式热菜及其他餐饮,外卖-火锅,100g,100,g,,,,未明确,,,原始数据库（来源待追溯）,原始导入,未提供,2026-06-25,低,是,是,是,EXT2352,待来源追溯,原始数据保留；新增结构字段为规则化整理结果。,,108,
EXT2353,千张,千张，Qianzhang，豆腐皮，百页，豆片，鲜豆腐皮，千张结，千张丝，干豆腐,外卖-火锅,262,24.50,16.00,5.50,1.00,千张,千张，Qianzhang，豆腐皮，百页，豆片，鲜豆腐皮，千张结，千张丝，干豆腐,餐饮菜品,中式热菜及其他餐饮,外卖-火锅,100g,100,g,,,,未明确,,,原始数据库（来源待追溯）,原始导入,未提供,2026-06-25,低,是,是,是,EXT2353,待来源追溯,原始数据保留；新增结构字段为规则化整理结果。,,262,
EXT2354,鱼丸,鱼丸，Fish Ball，火锅鱼丸，手打鱼丸，包心鱼丸，福州鱼丸，潮汕鱼丸，鱼蛋,外卖-火锅,107,11.27,1.23,11.72,0,鱼丸,鱼丸，Fish Ball，火锅鱼丸，手打鱼丸，包心鱼丸，福州鱼丸，潮汕鱼丸，鱼蛋,餐饮菜品,中式热菜及其他餐饮,外卖-火锅,100g,100,g,,,,未明确,,,原始数据库（来源待追溯）,原始导入,未提供,2026-06-25,低,是,是,否,EXT2354,同名冲突待核验,原始数据保留；新增结构字段为规则化整理结果。,,107,
EXT2355,牛肉丸,牛肉丸，Beef Ball，潮汕牛肉丸，手打牛肉丸，火锅牛肉丸，汕头牛肉丸，牛丸，撒尿牛丸,外卖-火锅,141.42,20.25,5.78,2.12,0.03,牛肉丸,牛肉丸，Beef Ball，潮汕牛肉丸，手打牛肉丸，火锅牛肉丸，汕头牛肉丸，牛丸，撒尿牛丸,餐饮菜品,中式热菜及其他餐饮,外卖-火锅,100g,100,g,,,,未明确,,,原始数据库（来源待追溯）,原始导入,未提供,2026-06-25,低,是,是,否,EXT2058,重复兼容记录,与主记录营养和状态一致，保留编码兼容旧数据。,,141.4,
EXT2357,蛋饺,蛋饺，Egg Dumpling，火锅蛋饺，黄金蛋饺，鸡蛋饺，手工蛋饺，蒸蛋饺，小蛋饺,外卖-火锅,170,10.83,11.23,5.78,0,蛋饺,蛋饺，Egg Dumpling，火锅蛋饺，黄金蛋饺，鸡蛋饺，手工蛋饺，蒸蛋饺，小蛋饺,餐饮菜品,中式热菜及其他餐饮,外卖-火锅,100g,100,g,,,,未明确,,,原始数据库（来源待追溯）,原始导入,未提供,2026-06-25,低,是,是,是,EXT2357,待来源追溯,原始数据保留；新增结构字段为规则化整理结果。,,170,
EXT2358,午餐肉,午餐肉，Luncheon Meat，Spam，火锅午餐肉，方腿，世棒，梅林午餐肉，火腿午餐肉,外卖-火锅,310,13.24,27.24,3.03,0,午餐肉,午餐肉，Luncheon Meat，Spam，火锅午餐肉，方腿，世棒，梅林午餐肉，火腿午餐肉,餐饮菜品,中式热菜及其他餐饮,外卖-火锅,100g,100,g,,,,未明确,,,原始数据库（来源待追溯）,原始导入,未提供,2026-06-25,低,是,是,否,EXT2150,重复兼容记录,与主记录营养和状态一致，保留编码兼容旧数据。,,310,
EXT2360,锅包肉,锅包肉，Guobaorou，东北锅包肉，糖醋锅包肉，Double Cooked Pork Slices，猪肉锅包肉，酸甜锅包肉，老式锅包肉,外卖-东北菜,202.59,14.19,13.74,5.84,0.36,锅包肉,锅包肉，Guobaorou，东北锅包肉，糖醋锅包肉，Double Cooked Pork Slices，猪肉锅包肉，酸甜锅包肉，老式锅包肉,餐饮菜品,中式热菜及其他餐饮,外卖-东北菜,100g,100,g,,,,未明确,,,原始数据库（来源待追溯）,原始导入,未提供,2026-06-25,低,是,是,否,EXT2360,同名冲突待核验,原始数据保留；新增结构字段为规则化整理结果。,,202.6,
EXT2361,溜肉段,溜肉段，Liurouduan，溜肉段盖饭，焦溜肉段，东北溜肉段，Sautéed Pork Slices，肉段，家常溜肉段,外卖-东北菜,137.49,16.84,5.78,3.77,0.11,溜肉段,溜肉段，Liurouduan，溜肉段盖饭，焦溜肉段，东北溜肉段，Sautéed Pork Slices，肉段，家常溜肉段,餐饮菜品,中式热菜及其他餐饮,外卖-东北菜,100g,100,g,,,,未明确,,,原始数据库（来源待追溯）,原始导入,未提供,2026-06-25,低,是,是,是,EXT2361,待来源追溯,原始数据保留；新增结构字段为规则化整理结果。,,137.5,
EXT2362,猪肉炖粉条,猪肉炖粉条，Braised Pork with Vermicelli，东北乱炖，炖菜，猪肉白菜炖粉条，五花肉炖粉条，农家炖粉条，杀猪菜,外卖-东北菜,198.27,2.71,18.88,4.54,0.29,猪肉炖粉条,猪肉炖粉条，Braised Pork with Vermicelli，东北乱炖，炖菜，猪肉白菜炖粉条，五花肉炖粉条，农家炖粉条，杀猪菜,餐饮菜品,面食,外卖-东北菜,100g,100,g,,,,未明确,炖,,原始数据库（来源待追溯）,原始导入,未提供,2026-06-25,低,是,是,是,EXT2362,待来源追溯,原始数据保留；新增结构字段为规则化整理结果。,,198.3,
EXT2363,地锅鸡,地锅鸡，Dig Guo Ji，徐州地锅鸡，农家地锅鸡，贴饼地锅鸡，柴火鸡，土灶地锅鸡，皖北地锅鸡,外卖-江淮菜,148.54,16.46,8.21,2.57,0.47,地锅鸡,地锅鸡，Dig Guo Ji，徐州地锅鸡，农家地锅鸡，贴饼地锅鸡，柴火鸡，土灶地锅鸡，皖北地锅鸡,餐饮菜品,中式热菜及其他餐饮,外卖-江淮菜,100g,100,g,,,,未明确,,,原始数据库（来源待追溯）,原始导入,未提供,2026-06-25,低,是,是,是,EXT2363,待来源追溯,原始数据保留；新增结构字段为规则化整理结果。,,148.5,
EXT2364,肉夹馍,肉夹馍，Rou Jia Mo，Chinese Burger，陕西肉夹馍，潼关肉夹馍，腊汁肉夹馍，白吉馍夹肉，清真肉夹馍,外卖-小吃,238,13.67,6.36,34.15,0,肉夹馍,肉夹馍，Rou Jia Mo，Chinese Burger，陕西肉夹馍，潼关肉夹馍，腊汁肉夹馍，白吉馍夹肉，清真肉夹馍,餐饮菜品,小吃,外卖-小吃,100g,100,g,,,,未明确,,,原始数据库（来源待追溯）,原始导入,未提供,2026-06-25,低,是,是,否,EXT2364,同名冲突待核验,原始数据保留；新增结构字段为规则化整理结果。,,238,
EXT2365,煎饼果子,煎饼果子，Jianbing，煎饼，天津煎饼果子，杂粮煎饼，薄脆煎饼，山东煎饼，鸡蛋煎饼,外卖-小吃,163.17,7.79,2.46,28.19,1.49,煎饼果子,煎饼果子，Jianbing，煎饼，天津煎饼果子，杂粮煎饼，薄脆煎饼，山东煎饼，鸡蛋煎饼,餐饮菜品,小吃,外卖-小吃,100g,100,g,,,,未明确,煎,,原始数据库（来源待追溯）,原始导入,未提供,2026-06-25,低,是,是,否,EXT2365,同名冲突待核验,原始数据保留；新增结构字段为规则化整理结果。,,163.2,
EXT2366,鸡蛋灌饼,鸡蛋灌饼，Egg-filled Pancake，灌饼，鸡蛋饼，灌蛋饼，Egg Pocket Bread，煎鸡蛋灌饼，葱花灌饼,外卖-小吃,263.35,11.57,9.45,33.37,0.94,鸡蛋灌饼,鸡蛋灌饼，Egg-filled Pancake，灌饼，鸡蛋饼，灌蛋饼，Egg Pocket Bread，煎鸡蛋灌饼，葱花灌饼,餐饮菜品,小吃,外卖-小吃,100g,100,g,,,,未明确,,,原始数据库（来源待追溯）,原始导入,未提供,2026-06-25,低,是,是,否,EXT2366,同名冲突待核验,原始数据保留；新增结构字段为规则化整理结果。,,263.4,
EXT2367,烤冷面,烤冷面，Baked Cold Noodles，铁板烤冷面，韩式烤冷面，煎冷面，冷面卷，东北烤冷面，烤冷面皮,外卖-小吃,166,7.27,3.29,26.32,0,烤冷面,烤冷面，Baked Cold Noodles，铁板烤冷面，韩式烤冷面，煎冷面，冷面卷，东北烤冷面，烤冷面皮,餐饮菜品,面食,外卖-小吃,100g,100,g,,,,未明确,烤,,原始数据库（来源待追溯）,原始导入,未提供,2026-06-25,低,是,是,否,EXT2367,同名冲突待核验,原始数据保留；新增结构字段为规则化整理结果。,,166,
EXT2368,手抓饼,手抓饼，Shredded Pancake，葱抓饼，手撕饼，千层饼，煎饼果子饼皮，台湾手抓饼，冷冻手抓饼,外卖-小吃,345,7.40,16.10,42.50,0,手抓饼,手抓饼，Shredded Pancake，葱抓饼，手撕饼，千层饼，煎饼果子饼皮，台湾手抓饼，冷冻手抓饼,餐饮菜品,小吃,外卖-小吃,100g,100,g,,,,未明确,,,原始数据库（来源待追溯）,原始导入,未提供,2026-06-25,低,是,是,否,EXT2368,同名冲突待核验,原始数据保留；新增结构字段为规则化整理结果。,,345,
EXT2369,红烧肉,hongshaorou,家常热菜,478.07,7.5,47.07,5.01,0.05,红烧肉,红烧肉，hongshaorou,其他,其他,家常热菜,100g,100,g,,,,未明确,烧,,原始数据库（来源待追溯）,原始导入,未提供,2026-06-25,低,否,否,否,EXT2369,同名冲突待核验,原始数据保留；新增结构字段为规则化整理结果。,,478.1,
EXT2370,糖醋排骨,tangcupaigu,家常热菜,347.91,10.53,27.13,15.16,0.14,糖醋排骨,糖醋排骨，tangcupaigu,调味品,酱料及调味汁,家常热菜,100g,100,g,,,,未明确,,,原始数据库（来源待追溯）,原始导入,未提供,2026-06-25,低,否,否,否,EXT2370,同名冲突待核验,原始数据保留；新增结构字段为规则化整理结果。,,347.9,
EXT2371,鱼香茄子,yuxiangqiezi,家常热菜,86.0,4.32,4.51,7.61,0.0,鱼香茄子,鱼香茄子，yuxiangqiezi,其他,其他,家常热菜,100g,100,g,,,,未明确,,,原始数据库（来源待追溯）,原始导入,未提供,2026-06-25,低,否,否,否,EXT2371,同名冲突待核验,原始数据保留；新增结构字段为规则化整理结果。,,86,
EXT2372,干煸四季豆,ganbiansijidou,家常热菜,119.65,13.33,5.08,5.73,1.11,干煸四季豆,干煸四季豆，ganbiansijidou,其他,其他,家常热菜,100g,100,g,,,,未明确,,,原始数据库（来源待追溯）,原始导入,未提供,2026-06-25,低,否,否,否,EXT2372,同名冲突待核验,原始数据保留；新增结构字段为规则化整理结果。,,119.7,
EXT2373,西红柿炒鸡蛋,xihongshichaojidan,家常热菜,105.88,5.25,8.49,3.22,1.08,西红柿炒鸡蛋,西红柿炒鸡蛋，xihongshichaojidan,蛋类,其他,家常热菜,100g,100,g,,,,未明确,炒,,原始数据库（来源待追溯）,原始导入,未提供,2026-06-25,中,否,否,是,EXT2373,待来源追溯,原始数据保留；新增结构字段为规则化整理结果。,,105.9,生熟状态未明确
EXT2374,蚝油生菜,haoyoushengcai,家常热菜,77.77,4.51,4.11,8.23,2.87,蚝油生菜,蚝油生菜，haoyoushengcai,其他,其他,家常热菜,100g,100,g,,,,生/鲜,,,原始数据库（来源待追溯）,原始导入,未提供,2026-06-25,低,否,否,否,EXT2374,同名冲突待核验,原始数据保留；新增结构字段为规则化整理结果。,,77.8,
EXT2375,紫菜蛋花汤,zicaidanhuatang,汤品,29.0,2.03,1.18,2.57,0.0,紫菜蛋花汤,紫菜蛋花汤，zicaidanhuatang,菌藻类,藻类,汤品,100g,100,g,,,,未明确,,,原始数据库（来源待追溯）,原始导入,未提供,2026-06-25,低,是,是,是,EXT2375,待来源追溯,原始数据保留；新增结构字段为规则化整理结果。,,29,
EXT2376,酸辣汤,suanlatang,汤品,48.0,6.2,1.2,2.0,0.0,酸辣汤,酸辣汤，suanlatang,其他,其他,汤品,100g,100,g,,,,未明确,,,原始数据库（来源待追溯）,原始导入,未提供,2026-06-25,低,是,是,是,EXT2376,待来源追溯,原始数据保留；新增结构字段为规则化整理结果。,,48,
EXT2377,麻婆豆腐,mapodoufu,家常热菜,96.07,9.81,4.45,4.24,0.42,麻婆豆腐,麻婆豆腐，mapodoufu,豆类及豆制品,豆制品,家常热菜,100g,100,g,,,,未明确,,,原始数据库（来源待追溯）,原始导入,未提供,2026-06-25,低,否,否,否,EXT2377,同名冲突待核验,原始数据保留；新增结构字段为规则化整理结果。,,96.1,
EXT2378,回锅肉,huiguorou,家常热菜,183.95,13.85,11.51,6.59,0.54,回锅肉,回锅肉，huiguorou,其他,其他,家常热菜,100g,100,g,,,,未明确,,,原始数据库（来源待追溯）,原始导入,未提供,2026-06-25,低,否,否,否,EXT2378,同名冲突待核验,原始数据保留；新增结构字段为规则化整理结果。,,183.9,
EXT2379,宫保鸡丁,gongbaojiding,家常热菜,168.37,16.16,7.74,8.64,0.56,宫保鸡丁,宫保鸡丁，gongbaojiding,其他,其他,家常热菜,100g,100,g,,,,未明确,,,原始数据库（来源待追溯）,原始导入,未提供,2026-06-25,低,否,否,否,EXT2379,同名冲突待核验,原始数据保留；新增结构字段为规则化整理结果。,,168.4,
EXT2380,水煮肉片,shuizhuroupian,家常热菜,185.0,18.0,11.0,3.0,0.0,水煮肉片,水煮肉片，shuizhuroupian,其他,其他,家常热菜,100g,100,g,,,,未明确,煮,,原始数据库（来源待追溯）,原始导入,未提供,2026-06-25,低,否,否,否,EXT2380,同名冲突待核验,原始数据保留；新增结构字段为规则化整理结果。,,185,
EXT2381,西红柿鸡蛋汤,xihongshijidantang,汤品,24.0,1.37,1.58,1.3,0.33,西红柿鸡蛋汤,西红柿鸡蛋汤，xihongshijidantang,蛋类,其他,汤品,100g,100,g,,,,未明确,,,原始数据库（来源待追溯）,原始导入,未提供,2026-06-25,低,是,是,是,EXT2381,待来源追溯,原始数据保留；新增结构字段为规则化整理结果。,,24,生熟状态未明确
EXT2382,冬瓜排骨汤,dongguapaigutang,汤品,52.0,3.55,3.61,1.39,0.0,冬瓜排骨汤,冬瓜排骨汤，dongguapaigutang,其他,其他,汤品,100g,100,g,,,,未明确,,,原始数据库（来源待追溯）,原始导入,未提供,2026-06-25,低,是,是,是,EXT2382,待来源追溯,原始数据保留；新增结构字段为规则化整理结果。,,52,
EXT2383,珍珠奶茶,zhenzhunaicha,奶茶饮品,96.0,3.07,3.06,58.83,0.0,珍珠奶茶,珍珠奶茶，zhenzhunaicha,饮料,茶饮,奶茶饮品,100g,100,g,,,,未明确,,,原始数据库（来源待追溯）,原始导入,未提供,2026-06-25,低,否,否,否,EXT2383,同名冲突待核验,原始数据保留；新增结构字段为规则化整理结果。,,96,
EXT2384,椰果奶茶,yeguonaicha,奶茶饮品,44.0,0.6,1.5,6.9,0.0,椰果奶茶,椰果奶茶，yeguonaicha,饮料,茶饮,奶茶饮品,100g,100,g,,,,未明确,,,原始数据库（来源待追溯）,原始导入,未提供,2026-06-25,中,否,否,是,EXT2384,待来源追溯,原始数据保留；新增结构字段为规则化整理结果。,,44,
EXT2385,蛋挞,danta,烘焙面糕,374.83,6.33,22.44,37.05,0.9,蛋挞,蛋挞，danta,谷薯及主食,面食及面点,烘焙面糕,100g,100,g,,,,未明确,,,原始数据库（来源待追溯）,原始导入,未提供,2026-06-25,低,否,否,否,EXT2385,同名冲突待核验,原始数据保留；新增结构字段为规则化整理结果。,,374.8,生熟状态未明确
EXT2386,老婆饼,laopobing,烘焙面糕,393.0,6.09,20.23,47.21,0.0,老婆饼,老婆饼，laopobing,谷薯及主食,面食及面点,烘焙面糕,100g,100,g,,,,未明确,,,原始数据库（来源待追溯）,原始导入,未提供,2026-06-25,低,否,否,否,EXT2386,同名冲突待核验,原始数据保留；新增结构字段为规则化整理结果。,,393,生熟状态未明确
EXT2387,辣条,latiao,零食,378.0,8.34,15.33,50.13,0.0,辣条,辣条，latiao,零食甜品,零食糖果,零食,100g,100,g,,,,未明确,,,原始数据库（来源待追溯）,原始导入,未提供,2026-06-25,中,否,否,否,EXT2085,重复兼容记录,与主记录营养和状态一致，保留编码兼容旧数据。,,378,
EXT2388,薯片,shupian,零食,547.0,6.56,37.47,49.74,4.4,薯片,薯片，shupian,零食甜品,零食糖果,零食,100g,100,g,,,,未明确,,,原始数据库（来源待追溯）,原始导入,未提供,2026-06-25,中,否,否,否,EXT2088,重复兼容记录,与主记录营养和状态一致，保留编码兼容旧数据。,,547,
EXT2389,酸辣粉,suanlafen,粉面,94.0,3.53,6.2,27.56,0.0,酸辣粉,酸辣粉，suanlafen,其他,其他,粉面,100g,100,g,,,,未明确,,,原始数据库（来源待追溯）,原始导入,未提供,2026-06-25,低,否,否,否,EXT2389,同名冲突待核验,原始数据保留；新增结构字段为规则化整理结果。,,94,
EXT2390,螺蛳粉,luoshifen,粉面,263.0,4.0,11.0,36.8,0.0,螺蛳粉,螺蛳粉，luoshifen,其他,其他,粉面,100g,100,g,,,,未明确,,,原始数据库（来源待追溯）,原始导入,未提供,2026-06-25,低,否,否,否,EXT2390,同名冲突待核验,原始数据保留；新增结构字段为规则化整理结果。,,263,
EXT2391,热干面,reganmian,粉面,367.0,12.2,1.4,75.0,0.0,热干面,热干面，reganmian,其他,其他,粉面,100g,100,g,,,,未明确,,,原始数据库（来源待追溯）,原始导入,未提供,2026-06-25,低,否,否,否,EXT2391,同名冲突待核验,原始数据保留；新增结构字段为规则化整理结果。,,367,
EXT2392,炸鸡排,zhajipai,街头小吃,203.86,16.22,10.97,15.94,0.17,炸鸡排,炸鸡排，zhajipai,餐饮菜品,小吃,街头小吃,100g,100,g,,,,未明确,炸,,原始数据库（来源待追溯）,原始导入,未提供,2026-06-25,中,否,否,是,EXT2392,待来源追溯,原始数据保留；新增结构字段为规则化整理结果。,,203.9,
EXT2393,章鱼小丸子,zhangyuxiaowanzi,街头小吃,121.0,10.2,2.3,14.6,0.0,章鱼小丸子,章鱼小丸子，zhangyuxiaowanzi,餐饮菜品,小吃,街头小吃,100g,100,g,,,,未明确,,,原始数据库（来源待追溯）,原始导入,未提供,2026-06-25,中,否,否,是,EXT2393,待来源追溯,原始数据保留；新增结构字段为规则化整理结果。,,121,
EXT2394,烤冷面,kaolengmian,街头小吃,166.00,7.27,3.29,26.32,0.00,烤冷面,烤冷面，kaolengmian,餐饮菜品,面食,街头小吃,100g,100,g,,,,未明确,烤,,原始数据库（来源待追溯）,原始导入,未提供,2026-06-25,低,否,否,否,EXT2394,同名冲突待核验,原始数据保留；新增结构字段为规则化整理结果。,,166,
EXT2395,牛角包,niujiaobao,烘焙面糕,406.0,8.2,21.0,45.8,0.0,牛角包,牛角包，niujiaobao,谷薯及主食,面食及面点,烘焙面糕,100g,100,g,,,,未明确,,,原始数据库（来源待追溯）,原始导入,未提供,2026-06-25,中,否,否,是,EXT2395,待来源追溯,原始数据保留；新增结构字段为规则化整理结果。,,406,生熟状态未明确
EXT2396,面包,mianbao,烘焙面糕,282.0,8.8,9.0,40.0,0.0,面包,面包，mianbao,谷薯及主食,面食及面点,烘焙面糕,100g,100,g,,,,未明确,,,原始数据库（来源待追溯）,原始导入,未提供,2026-06-25,中,否,否,是,EXT2396,待来源追溯,原始数据保留；新增结构字段为规则化整理结果。,,282,生熟状态未明确
EXT2397,芝士蛋糕,zhishidangao,烘焙面糕,321.0,5.5,22.5,25.5,0.4,芝士蛋糕,芝士蛋糕，zhishidangao,谷薯及主食,面食及面点,烘焙面糕,100g,100,g,,,,未明确,,,原始数据库（来源待追溯）,原始导入,未提供,2026-06-25,低,否,否,否,EXT2397,同名冲突待核验,原始数据保留；新增结构字段为规则化整理结果。,,321,生熟状态未明确
EXT2398,巧克力蛋糕,qiaokelidangao,烘焙面糕,367.0,4.1,16.4,54.6,0.0,巧克力蛋糕,巧克力蛋糕，qiaokelidangao,谷薯及主食,面食及面点,烘焙面糕,100g,100,g,,,,未明确,,,原始数据库（来源待追溯）,原始导入,未提供,2026-06-25,中,否,否,是,EXT2398,待来源追溯,原始数据保留；新增结构字段为规则化整理结果。,,367,生熟状态未明确
EXT2399,芋圆奶茶,yuyuannaicha,奶茶饮品,427.0,2.54,15.71,68.41,0.0,芋圆奶茶,芋圆奶茶，yuyuannaicha,饮料,茶饮,奶茶饮品,100g,100,g,,,,未明确,,,原始数据库（来源待追溯）,原始导入,未提供,2026-06-25,中,否,否,是,EXT2399,待来源追溯,原始数据保留；新增结构字段为规则化整理结果。,,427,
EXT2400,烧仙草,shaoxiancao,奶茶饮品,63.0,1.48,2.96,7.9,0.0,烧仙草,烧仙草，shaoxiancao,饮料,茶饮,奶茶饮品,100g,100,g,,,,未明确,烧,,原始数据库（来源待追溯）,原始导入,未提供,2026-06-25,中,否,否,否,EXT2191,重复兼容记录,与主记录营养和状态一致，保留编码兼容旧数据。,,63,
EXT2401,双皮奶,shuangpinai,甜品,78.0,3.73,2.36,10.56,0.0,双皮奶,双皮奶，shuangpinai,零食甜品,糕点甜品,甜品,100g,100,g,,,,未明确,,,原始数据库（来源待追溯）,原始导入,未提供,2026-06-25,低,否,否,否,EXT2401,同名冲突待核验,原始数据保留；新增结构字段为规则化整理结果。,,78,
EXT2402,杨枝甘露,yangzhiganlu,甜品,86.00,1.30,2.00,15.40,0.00,杨枝甘露,杨枝甘露，yangzhiganlu,零食甜品,糕点甜品,甜品,100g,100,g,,,,未明确,,,原始数据库（来源待追溯）,原始导入,未提供,2026-06-25,低,否,否,否,EXT2402,同名冲突待核验,原始数据保留；新增结构字段为规则化整理结果。,,86,
EXT2403,曲奇饼干,quqibinggan,零食,486.0,4.5,21.5,67.5,0.0,曲奇饼干,曲奇饼干，quqibinggan,零食甜品,零食糖果,零食,100g,100,g,,,,未明确,,,原始数据库（来源待追溯）,原始导入,未提供,2026-06-25,中,否,否,是,EXT2403,待来源追溯,原始数据保留；新增结构字段为规则化整理结果。,,486,
EXT2404,炸酱面,zhajiangmian,粉面,168.0,6.47,7.12,19.32,0.0,炸酱面,炸酱面，zhajiangmian,其他,其他,粉面,100g,100,g,,,,未明确,炸,,原始数据库（来源待追溯）,原始导入,未提供,2026-06-25,低,否,否,否,EXT2404,同名冲突待核验,原始数据保留；新增结构字段为规则化整理结果。,,168,
EXT2405,担担面,dandanmian,粉面,146.0,4.04,7.08,16.99,0.0,担担面,担担面，dandanmian,其他,其他,粉面,100g,100,g,,,,未明确,,,原始数据库（来源待追溯）,原始导入,未提供,2026-06-25,低,否,否,否,EXT2405,同名冲突待核验,原始数据保留；新增结构字段为规则化整理结果。,,146,
EXT2406,兰州拉面,lanzhoulamian,粉面,117.0,4.85,3.95,15.21,0.0,兰州拉面,兰州拉面，lanzhoulamian,其他,其他,粉面,100g,100,g,,,,未明确,,,原始数据库（来源待追溯）,原始导入,未提供,2026-06-25,低,否,否,否,EXT2406,同名冲突待核验,原始数据保留；新增结构字段为规则化整理结果。,,117,
EXT2407,臭豆腐,choudoufu,街头小吃,150.0,17.0,4.3,11.0,1.4,臭豆腐,臭豆腐，choudoufu,餐饮菜品,小吃,街头小吃,100g,100,g,,,,未明确,,,原始数据库（来源待追溯）,原始导入,未提供,2026-06-25,中,否,否,是,EXT2407,待来源追溯,原始数据保留；新增结构字段为规则化整理结果。,,150,
EXT2408,铁板鱿鱼,tiebanyouyu,街头小吃,216.0,32.3,0.6,19.5,0.0,铁板鱿鱼,铁板鱿鱼，tiebanyouyu,餐饮菜品,小吃,街头小吃,100g,100,g,,,,未明确,,,原始数据库（来源待追溯）,原始导入,未提供,2026-06-25,中,否,否,是,EXT2408,待来源追溯,原始数据保留；新增结构字段为规则化整理结果。,,216,
EXT2409,麻辣小龙虾,malaxiaolongxia,街头小吃,116.0,18.9,2.1,1.5,0.0,麻辣小龙虾,麻辣小龙虾，malaxiaolongxia,餐饮菜品,小吃,街头小吃,100g,100,g,,,,未明确,,,原始数据库（来源待追溯）,原始导入,未提供,2026-06-25,中,否,否,是,EXT2409,待来源追溯,原始数据保留；新增结构字段为规则化整理结果。,,116,
EXT2410,烤猪蹄,kaozhuti,街头小吃,216.0,18.9,15.9,0.0,0.0,烤猪蹄,烤猪蹄，kaozhuti,餐饮菜品,小吃,街头小吃,100g,100,g,,,,未明确,烤,,原始数据库（来源待追溯）,原始导入,未提供,2026-06-25,中,否,否,是,EXT2410,待来源追溯,原始数据保留；新增结构字段为规则化整理结果。,,216,
EXT2411,烤生蚝,kaoshenghao,街头小吃,104.0,7.1,6.7,3.4,0.0,烤生蚝,烤生蚝，kaoshenghao,餐饮菜品,小吃,街头小吃,100g,100,g,,,,生/鲜,烤,,原始数据库（来源待追溯）,原始导入,未提供,2026-06-25,中,否,否,是,EXT2411,待来源追溯,原始数据保留；新增结构字段为规则化整理结果。,,104,
EXT2412,烤面筋,kaomianjin,街头小吃,256.0,21.4,12.6,14.2,0.0,烤面筋,烤面筋，kaomianjin,餐饮菜品,面食,街头小吃,100g,100,g,,,,未明确,烤,,原始数据库（来源待追溯）,原始导入,未提供,2026-06-25,低,否,否,否,EXT2412,同名冲突待核验,原始数据保留；新增结构字段为规则化整理结果。,,256,
EXT2413,桂花糕,guihuagao,面糕点心,257.0,2.76,0.77,65.17,0.0,桂花糕,桂花糕，guihuagao,谷薯及主食,面食及面点,面糕点心,100g,100,g,,,,未明确,,,原始数据库（来源待追溯）,原始导入,未提供,2026-06-25,中,否,否,是,EXT2413,待来源追溯,原始数据保留；新增结构字段为规则化整理结果。,,257,生熟状态未明确
EXT2414,绿豆糕,lvdougao,面糕点心,238.0,6.4,1.13,51.22,0.0,绿豆糕,绿豆糕，lvdougao,谷薯及主食,面食及面点,面糕点心,100g,100,g,,,,未明确,,,原始数据库（来源待追溯）,原始导入,未提供,2026-06-25,低,否,否,否,EXT2414,同名冲突待核验,原始数据保留；新增结构字段为规则化整理结果。,,238,生熟状态未明确
EXT2415,豆沙包,doushabao,面糕点心,230.0,5.15,0.5,39.42,0.0,豆沙包,豆沙包，doushabao,谷薯及主食,面食及面点,面糕点心,100g,100,g,,,,未明确,,,原始数据库（来源待追溯）,原始导入,未提供,2026-06-25,中,否,否,是,EXT2415,待来源追溯,原始数据保留；新增结构字段为规则化整理结果。,,230,生熟状态未明确
EXT2416,肉松面包,rousongmianbao,烘焙面糕,356.0,8.7,13.6,49.2,0.0,肉松面包,肉松面包，rousongmianbao,谷薯及主食,面食及面点,烘焙面糕,100g,100,g,,,,未明确,,,原始数据库（来源待追溯）,原始导入,未提供,2026-06-25,中,否,否,是,EXT2416,待来源追溯,原始数据保留；新增结构字段为规则化整理结果。,,356,生熟状态未明确
EXT2417,驴打滚,lvdagun,面糕点心,289.0,0.8,0.8,68.5,0.0,驴打滚,驴打滚，lvdagun,谷薯及主食,面食及面点,面糕点心,100g,100,g,,,,未明确,,,原始数据库（来源待追溯）,原始导入,未提供,2026-06-25,中,否,否,是,EXT2417,待来源追溯,原始数据保留；新增结构字段为规则化整理结果。,,289,生熟状态未明确
EXT2418,麻辣烫,malatang,家常热菜,107.91,5.03,7.79,4.88,0.83,麻辣烫,麻辣烫，malatang,其他,其他,家常热菜,100g,100,g,,,,未明确,,,原始数据库（来源待追溯）,原始导入,未提供,2026-06-25,低,是,是,否,EXT2418,同名冲突待核验,原始数据保留；新增结构字段为规则化整理结果。,,107.9,
EXT2419,冒菜,maocai,家常热菜,111.0,4.7,8.0,21.8,2.1,冒菜,冒菜，maocai,其他,其他,家常热菜,100g,100,g,,,,未明确,,,原始数据库（来源待追溯）,原始导入,未提供,2026-06-25,低,否,否,否,EXT2419,同名冲突待核验,原始数据保留；新增结构字段为规则化整理结果。,,111,
EXT2420,薯条,shutiao,零食,288.0,3.42,14.04,35.96,0.0,薯条,薯条，shutiao,零食甜品,零食糖果,零食,100g,100,g,,,,未明确,,,原始数据库（来源待追溯）,原始导入,未提供,2026-06-25,低,否,否,否,EXT2420,同名冲突待核验,原始数据保留；新增结构字段为规则化整理结果。,,288,
EXT2421,爆米花,baomihua,零食,541.0,7.46,33.0,57.54,0.0,爆米花,爆米花，baomihua,零食甜品,零食糖果,零食,100g,100,g,,,,未明确,,,原始数据库（来源待追溯）,原始导入,未提供,2026-06-25,中,否,否,是,EXT2421,待来源追溯,原始数据保留；新增结构字段为规则化整理结果。,,541,
EXT2422,洋葱圈,yangcongquan,零食,329.0,6.76,19.39,31.98,1.4,洋葱圈,洋葱圈，yangcongquan,零食甜品,零食糖果,零食,100g,100,g,,,,未明确,,,原始数据库（来源待追溯）,原始导入,未提供,2026-06-25,中,否,否,是,EXT2422,待来源追溯,原始数据保留；新增结构字段为规则化整理结果。,,329,
EXT2423,炸鸡腿,zhajitui,街头小吃,273.0,21.77,16.17,8.72,0.0,炸鸡腿,炸鸡腿，zhajitui,餐饮菜品,小吃,街头小吃,100g,100,g,,,,未明确,炸,,原始数据库（来源待追溯）,原始导入,未提供,2026-06-25,中,否,否,是,EXT2423,待来源追溯,原始数据保留；新增结构字段为规则化整理结果。,,273,
EXT2424,油条,youtiao,面糕点心,388.0,6.9,17.6,51.0,0.9,油条,油条，youtiao,谷薯及主食,面食及面点,面糕点心,100g,100,g,,,,未明确,,,原始数据库（来源待追溯）,原始导入,未提供,2026-06-25,低,否,否,否,EXT2424,同名冲突待核验,原始数据保留；新增结构字段为规则化整理结果。,,388,生熟状态未明确
EXT2425,花卷,huajuan,面糕点心,235.96,10.67,1.66,47.07,2.49,花卷,花卷，huajuan,谷薯及主食,面食及面点,面糕点心,100g,100,g,,,,未明确,,,原始数据库（来源待追溯）,原始导入,未提供,2026-06-25,低,否,否,否,EXT2425,同名冲突待核验,原始数据保留；新增结构字段为规则化整理结果。,,236,生熟状态未明确
EXT2426,葱油饼,congyoubing,面糕点心,163.0,6.37,2.64,27.58,0.0,葱油饼,葱油饼，congyoubing,谷薯及主食,面食及面点,面糕点心,100g,100,g,,,,未明确,,,原始数据库（来源待追溯）,原始导入,未提供,2026-06-25,低,否,否,否,EXT2426,同名冲突待核验,原始数据保留；新增结构字段为规则化整理结果。,,163,生熟状态未明确
EXT2427,馒头,mantou,面糕点心,233.0,3.67,0.76,23.76,3.3,馒头,馒头，mantou,谷薯及主食,面食及面点,面糕点心,100g,100,g,,,,未明确,,,原始数据库（来源待追溯）,原始导入,未提供,2026-06-25,低,否,否,否,EXT2427,同名冲突待核验,原始数据保留；新增结构字段为规则化整理结果。,,233,生熟状态未明确
EXT2428,肉包子,roubaozi,面糕点心,175.78,6.83,5.72,25.78,1.78,肉包子,肉包子，roubaozi,谷薯及主食,面食及面点,面糕点心,100g,100,g,,,,未明确,,,原始数据库（来源待追溯）,原始导入,未提供,2026-06-25,低,是,是,是,EXT2428,待来源追溯,原始数据保留；新增结构字段为规则化整理结果。,,175.8,生熟状态未明确
EXT2429,素包子,subaozi,面糕点心,143.0,5.97,1.26,29.75,0.0,素包子,素包子，subaozi,谷薯及主食,面食及面点,面糕点心,100g,100,g,,,,未明确,,,原始数据库（来源待追溯）,原始导入,未提供,2026-06-25,低,是,是,是,EXT2429,待来源追溯,原始数据保留；新增结构字段为规则化整理结果。,,143,生熟状态未明确
EXT2430,烧饼,shaobing,面糕点心,298.0,8.0,2.1,62.7,2.1,烧饼,烧饼，shaobing,谷薯及主食,面食及面点,面糕点心,100g,100,g,,,,未明确,烧,,原始数据库（来源待追溯）,原始导入,未提供,2026-06-25,低,否,否,否,EXT2430,同名冲突待核验,原始数据保留；新增结构字段为规则化整理结果。,,298,生熟状态未明确
EXT2431,韭菜盒子,jiucaihezi,面糕点心,174.0,7.65,4.12,29.91,0.0,韭菜盒子,韭菜盒子，jiucaihezi,谷薯及主食,面食及面点,面糕点心,100g,100,g,,,,未明确,,,原始数据库（来源待追溯）,原始导入,未提供,2026-06-25,中,否,否,是,EXT2431,待来源追溯,原始数据保留；新增结构字段为规则化整理结果。,,174,生熟状态未明确
EXT2432,冰淇淋,bingqilin,零食,201.0,3.52,10.72,24.4,0.0,冰淇淋,冰淇淋，bingqilin,零食甜品,糕点甜品,零食,100g,100,g,,,,未明确,,,原始数据库（来源待追溯）,原始导入,未提供,2026-06-25,低,否,否,否,EXT2432,同名冲突待核验,原始数据保留；新增结构字段为规则化整理结果。,,201,
EXT2433,小笼包,xiaolongbao,面糕点心,238.0,12.32,11.54,22.62,0.0,小笼包,小笼包，xiaolongbao,谷薯及主食,面食及面点,面糕点心,100g,100,g,,,,未明确,,,原始数据库（来源待追溯）,原始导入,未提供,2026-06-25,低,否,否,否,EXT2433,同名冲突待核验,原始数据保留；新增结构字段为规则化整理结果。,,238,生熟状态未明确
EXT2434,生煎包,shengjianbao,面糕点心,250.0,8.0,10.0,30.0,0.0,生煎包,生煎包，shengjianbao,谷薯及主食,面食及面点,面糕点心,100g,100,g,,,,生/鲜,煎,,原始数据库（来源待追溯）,原始导入,未提供,2026-06-25,低,否,否,否,EXT2434,同名冲突待核验,原始数据保留；新增结构字段为规则化整理结果。,,250,
EXT2435,扬州炒饭,yangzhouchao,粉面,141.22,6.82,5.86,15.45,0.3,扬州炒饭,扬州炒饭，yangzhouchao,餐饮菜品,面食,粉面,100g,100,g,,,,未明确,炒,,原始数据库（来源待追溯）,原始导入,未提供,2026-06-25,低,是,是,是,EXT2435,待来源追溯,原始数据保留；新增结构字段为规则化整理结果。,,141.2,
EXT2436,蛋炒饭,danchaofan,粉面,164.0,5.08,7.88,17.76,0.0,蛋炒饭,蛋炒饭，danchaofan,餐饮菜品,面食,粉面,100g,100,g,,,,未明确,炒,,原始数据库（来源待追溯）,原始导入,未提供,2026-06-25,低,是,是,是,EXT2436,待来源追溯,原始数据保留；新增结构字段为规则化整理结果。,,164,
EXT2437,叉烧包,chashaobao,面糕点心,263.0,7.7,6.9,41.6,0.0,叉烧包,叉烧包，chashaobao,谷薯及主食,面食及面点,面糕点心,100g,100,g,,,,未明确,烧,,原始数据库（来源待追溯）,原始导入,未提供,2026-06-25,低,否,否,否,EXT2437,同名冲突待核验,原始数据保留；新增结构字段为规则化整理结果。,,263,生熟状态未明确
EXT2438,奶黄包,naihuangbao,面糕点心,289.0,7.06,7.08,48.74,0.0,奶黄包,奶黄包，naihuangbao,谷薯及主食,面食及面点,面糕点心,100g,100,g,,,,未明确,,,原始数据库（来源待追溯）,原始导入,未提供,2026-06-25,低,否,否,否,EXT2438,同名冲突待核验,原始数据保留；新增结构字段为规则化整理结果。,,289,生熟状态未明确
EXT2439,流沙包,liushabao,面糕点心,311.0,5.9,11.57,45.67,0.0,流沙包,流沙包，liushabao,谷薯及主食,面食及面点,面糕点心,100g,100,g,,,,未明确,,,原始数据库（来源待追溯）,原始导入,未提供,2026-06-25,低,否,否,否,EXT2439,同名冲突待核验,原始数据保留；新增结构字段为规则化整理结果。,,311,生熟状态未明确
EXT2440,包子,baozi,面糕点心,216.0,6.3,3.45,19.79,0.0,包子,包子，baozi,谷薯及主食,面食及面点,面糕点心,100g,100,g,,,,未明确,,,原始数据库（来源待追溯）,原始导入,未提供,2026-06-25,低,是,是,是,EXT2440,待来源追溯,原始数据保留；新增结构字段为规则化整理结果。,,216,生熟状态未明确
EXT2441,菜包,caibao,面糕点心,169.0,3.48,0.86,17.36,0.0,菜包,菜包，caibao,谷薯及主食,面食及面点,面糕点心,100g,100,g,,,,未明确,,,原始数据库（来源待追溯）,原始导入,未提供,2026-06-25,低,否,否,否,EXT2441,同名冲突待核验,原始数据保留；新增结构字段为规则化整理结果。,,169,生熟状态未明确
EXT2442,过桥米线,guoqiaomixian,粉面,92.0,4.0,3.8,11.8,1.4,过桥米线,过桥米线，guoqiaomixian,其他,其他,粉面,100g,100,g,,,,未明确,,,原始数据库（来源待追溯）,原始导入,未提供,2026-06-25,低,否,否,否,EXT2442,同名冲突待核验,原始数据保留；新增结构字段为规则化整理结果。,,92,
EXT2443,凉皮,liangpi,粉面,117.0,3.34,0.67,25.26,2.7,凉皮,凉皮，liangpi,其他,其他,粉面,100g,100,g,,,,未明确,,,原始数据库（来源待追溯）,原始导入,未提供,2026-06-25,低,否,否,否,EXT2443,同名冲突待核验,原始数据保留；新增结构字段为规则化整理结果。,,117,
EXT2444,米线,mixian,粉面,100.0,2.5,0.5,22.0,0.5,米线,米线，mixian,其他,其他,粉面,100g,100,g,,,,未明确,,,原始数据库（来源待追溯）,原始导入,未提供,2026-06-25,中,否,否,是,EXT2444,待来源追溯,原始数据保留；新增结构字段为规则化整理结果。,,100,
EXT2445,红烧牛肉面,hongshaoniurou,粉面,130.0,9.3,3.8,14.0,1.1,红烧牛肉面,红烧牛肉面，hongshaoniurou,畜肉,牛肉及制品,粉面,100g,100,g,,,,未明确,烧,,原始数据库（来源待追溯）,原始导入,未提供,2026-06-25,中,否,否,是,EXT2445,待来源追溯,原始数据保留；新增结构字段为规则化整理结果。,,130,生熟状态未明确
EXT2446,红烧牛肉方便面,hongshaofangbian,粉面,447.0,10.2,17.9,62.6,1.4,红烧牛肉方便面,红烧牛肉方便面，hongshaofangbian,畜肉,牛肉及制品,粉面,100g,100,g,,,,未明确,烧,,原始数据库（来源待追溯）,原始导入,未提供,2026-06-25,中,否,否,是,EXT2446,待来源追溯,原始数据保留；新增结构字段为规则化整理结果。,,447,生熟状态未明确
EXT2447,千层饼,qiancengbing,面糕点心,290.53,7.42,7.59,48.75,1.39,千层饼,千层饼，qiancengbing,谷薯及主食,面食及面点,面糕点心,100g,100,g,,,,未明确,,,原始数据库（来源待追溯）,原始导入,未提供,2026-06-25,中,否,否,是,EXT2447,待来源追溯,原始数据保留；新增结构字段为规则化整理结果。,,290.5,生熟状态未明确
EXT2448,烙饼,laobing,面糕点心,250.0,7.52,2.91,47.12,0.0,烙饼,烙饼，laobing,谷薯及主食,面食及面点,面糕点心,100g,100,g,,,,未明确,,,原始数据库（来源待追溯）,原始导入,未提供,2026-06-25,中,否,否,是,EXT2448,待来源追溯,原始数据保留；新增结构字段为规则化整理结果。,,250,生熟状态未明确
EXT2449,葱香千层饼,congxiangqian,面糕点心,285.17,9.88,8.57,44.5,2.5,葱香千层饼,葱香千层饼，congxiangqian,谷薯及主食,面食及面点,面糕点心,100g,100,g,,,,未明确,,,原始数据库（来源待追溯）,原始导入,未提供,2026-06-25,中,否,否,是,EXT2449,待来源追溯,原始数据保留；新增结构字段为规则化整理结果。,,285.2,生熟状态未明确
EXT2450,鸡蛋灌饼,jidan,面糕点心,506.0,24.54,14.93,69.34,0.0,鸡蛋灌饼,鸡蛋灌饼，jidan,蛋类,其他,面糕点心,100g,100,g,,,,未明确,,,原始数据库（来源待追溯）,原始导入,未提供,2026-06-25,低,否,否,否,EXT2450,同名冲突待核验,原始数据保留；新增结构字段为规则化整理结果。,,506,生熟状态未明确
EXT2451,馄饨,huntun,粉面,199.0,7.5,6.6,27.1,0.0,馄饨,馄饨，huntun,其他,其他,粉面,100g,100,g,,,,未明确,,,原始数据库（来源待追溯）,原始导入,未提供,2026-06-25,低,否,否,否,EXT2451,同名冲突待核验,原始数据保留；新增结构字段为规则化整理结果。,,199,
EXT2452,凉面,liangmian,粉面,167.0,4.8,1.7,33.3,0.2,凉面,凉面，liangmian,其他,其他,粉面,100g,100,g,,,,未明确,,,原始数据库（来源待追溯）,原始导入,未提供,2026-06-25,中,否,否,是,EXT2452,待来源追溯,原始数据保留；新增结构字段为规则化整理结果。,,167,
EXT2453,冷面,lengmian,粉面,157.0,5.5,1.74,32.12,0.0,冷面,冷面，lengmian,其他,其他,粉面,100g,100,g,,,,未明确,,,原始数据库（来源待追溯）,原始导入,未提供,2026-06-25,中,否,否,是,EXT2453,待来源追溯,原始数据保留；新增结构字段为规则化整理结果。,,157,
EXT2454,糖葫芦,tanghulu,零食,295.0,0.51,0.73,74.42,0.0,糖葫芦,糖葫芦，tanghulu,零食甜品,零食糖果,零食,100g,100,g,,,,未明确,,,原始数据库（来源待追溯）,原始导入,未提供,2026-06-25,中,否,否,是,EXT2454,待来源追溯,原始数据保留；新增结构字段为规则化整理结果。,,295,
EXT2455,棉花糖,mianhuatang,零食,318.0,1.8,0.2,81.3,0.0,棉花糖,棉花糖，mianhuatang,零食甜品,零食糖果,零食,100g,100,g,,,,未明确,,,原始数据库（来源待追溯）,原始导入,未提供,2026-06-25,中,否,否,是,EXT2455,待来源追溯,原始数据保留；新增结构字段为规则化整理结果。,,318,
EXT2456,麦芽糖,maiyatang,零食,328.0,0.32,0.06,84.43,0.0,麦芽糖,麦芽糖，maiyatang,零食甜品,零食糖果,零食,100g,100,g,,,,未明确,,,原始数据库（来源待追溯）,原始导入,未提供,2026-06-25,中,否,否,是,EXT2456,待来源追溯,原始数据保留；新增结构字段为规则化整理结果。,,328,
EXT2457,汉堡包,hanbaobao,面糕点心,274.0,12.32,11.82,30.51,0.0,汉堡包,汉堡包，hanbaobao,谷薯及主食,面食及面点,面糕点心,100g,100,g,,,,未明确,,,原始数据库（来源待追溯）,原始导入,未提供,2026-06-25,低,是,是,是,EXT2457,待来源追溯,原始数据保留；新增结构字段为规则化整理结果。,,274,生熟状态未明确
EXT2458,热狗,regou,面糕点心,261.0,10.9,11.9,27.5,0.0,热狗,热狗，regou,谷薯及主食,面食及面点,面糕点心,100g,100,g,,,,未明确,,,原始数据库（来源待追溯）,原始导入,未提供,2026-06-25,中,否,否,是,EXT2458,待来源追溯,原始数据保留；新增结构字段为规则化整理结果。,,261,生熟状态未明确
EXT2459,三明治,sanmingzhi,面糕点心,237.0,9.5,10.3,26.6,0.0,三明治,三明治，sanmingzhi,谷薯及主食,面食及面点,面糕点心,100g,100,g,,,,未明确,,,原始数据库（来源待追溯）,原始导入,未提供,2026-06-25,低,否,否,否,EXT2459,同名冲突待核验,原始数据保留；新增结构字段为规则化整理结果。,,237,生熟状态未明确
EXT2460,蛋黄酥,danhuangsu,零食,388.0,11.7,3.9,76.9,0.8,蛋黄酥,蛋黄酥，danhuangsu,零食甜品,零食糖果,零食,100g,100,g,,,,未明确,,,原始数据库（来源待追溯）,原始导入,未提供,2026-06-25,中,否,否,是,EXT2460,待来源追溯,原始数据保留；新增结构字段为规则化整理结果。,,388,
EXT2461,桃酥,taosu,零食,460.0,6.83,20.36,64.09,0.0,桃酥,桃酥，taosu,水果,鲜果,零食,100g,100,g,,,,未明确,,,原始数据库（来源待追溯）,原始导入,未提供,2026-06-25,中,否,否,否,EXT2164,重复兼容记录,与主记录营养和状态一致，保留编码兼容旧数据。,,460,
EXT2462,水饺,shuijiao,粉面,200.0,6.93,6.51,27.51,0.0,水饺,水饺，shuijiao,其他,其他,粉面,100g,100,g,,,,未明确,,,原始数据库（来源待追溯）,原始导入,未提供,2026-06-25,低,是,是,是,EXT2462,待来源追溯,原始数据保留；新增结构字段为规则化整理结果。,,200,
EXT2463,饺子,jiaozi,粉面,200.0,6.93,6.51,27.51,0.0,饺子,饺子，jiaozi,其他,其他,粉面,100g,100,g,,,,未明确,,,原始数据库（来源待追溯）,原始导入,未提供,2026-06-25,低,是,是,否,EXT2463,同名冲突待核验,原始数据保留；新增结构字段为规则化整理结果。,,200,
EXT2464,月饼,yuebing,零食,427.0,6.66,20.95,54.09,0.0,月饼,月饼，yuebing,零食甜品,零食糖果,零食,100g,100,g,,,,未明确,,,原始数据库（来源待追溯）,原始导入,未提供,2026-06-25,中,否,否,是,EXT2464,待来源追溯,原始数据保留；新增结构字段为规则化整理结果。,,427,
EXT2465,五仁月饼,wurenyuebing,零食,414.0,7.97,20.69,51.15,0.0,五仁月饼,五仁月饼，wurenyuebing,零食甜品,零食糖果,零食,100g,100,g,,,,未明确,,,原始数据库（来源待追溯）,原始导入,未提供,2026-06-25,中,否,否,是,EXT2465,待来源追溯,原始数据保留；新增结构字段为规则化整理结果。,,414,
EXT2466,鸭脖,yabo,卤味,190.0,32.0,3.2,7.9,0.0,鸭脖,鸭脖，yabo,其他,其他,卤味,100g,100,g,,,,未明确,,,原始数据库（来源待追溯）,原始导入,未提供,2026-06-25,中,否,否,否,EXT2167,重复兼容记录,与主记录营养和状态一致，保留编码兼容旧数据。,,190,
EXT2467,鸭翅,yachi,卤味,182.0,28.8,3.6,8.4,0.0,鸭翅,鸭翅，yachi,其他,其他,卤味,100g,100,g,,,,未明确,,,原始数据库（来源待追溯）,原始导入,未提供,2026-06-25,低,否,否,否,EXT2467,同名冲突待核验,原始数据保留；新增结构字段为规则化整理结果。,,182,
EXT2468,卤鸭掌,luyazhang,卤味,241.0,23.1,11.8,10.5,0.0,卤鸭掌,卤鸭掌，luyazhang,其他,其他,卤味,100g,100,g,,,,未明确,卤,,原始数据库（来源待追溯）,原始导入,未提供,2026-06-25,中,否,否,是,EXT2468,待来源追溯,原始数据保留；新增结构字段为规则化整理结果。,,241,
EXT2469,卤鸭胗,luyazhen,卤味,183.0,34.9,2.2,5.3,0.0,卤鸭胗,卤鸭胗，luyazhen,其他,其他,卤味,100g,100,g,,,,未明确,卤,,原始数据库（来源待追溯）,原始导入,未提供,2026-06-25,中,否,否,是,EXT2469,待来源追溯,原始数据保留；新增结构字段为规则化整理结果。,,183,
EXT2470,卤鸡爪,lujizhua,卤味,254.0,23.9,16.4,0.0,0.0,卤鸡爪,卤鸡爪，lujizhua,其他,其他,卤味,100g,100,g,,,,未明确,卤,,原始数据库（来源待追溯）,原始导入,未提供,2026-06-25,中,否,否,是,EXT2470,待来源追溯,原始数据保留；新增结构字段为规则化整理结果。,,254,
EXT2471,卤蛋,ludan,卤味,132.0,6.05,4.08,1.09,0.0,卤蛋,卤蛋，ludan,其他,其他,卤味,100g,100,g,,,,未明确,卤,,原始数据库（来源待追溯）,原始导入,未提供,2026-06-25,低,否,否,否,EXT2471,同名冲突待核验,原始数据保留；新增结构字段为规则化整理结果。,,132,
EXT2472,凉拌海带丝,liangbanhaidaisi,凉菜,39.79,1.33,2.29,3.78,0.87,凉拌海带丝,凉拌海带丝，liangbanhaidaisi,菌藻类,藻类,凉菜,100g,100,g,,,,未明确,,,原始数据库（来源待追溯）,原始导入,未提供,2026-06-25,中,否,否,是,EXT2472,待来源追溯,原始数据保留；新增结构字段为规则化整理结果。,,39.8,
EXT2473,凉拌木耳,liangbanmuer,凉菜,26.95,0.51,0.05,7.01,0.0,凉拌木耳,凉拌木耳，liangbanmuer,菌藻类,菌类,凉菜,100g,100,g,,,,未明确,,,原始数据库（来源待追溯）,原始导入,未提供,2026-06-25,低,否,否,否,EXT2473,同名冲突待核验,原始数据保留；新增结构字段为规则化整理结果。,,26.9,
EXT2474,提拉米苏,tilamisu,甜品,283.0,4.77,18.2,24.41,0.0,提拉米苏,提拉米苏，tilamisu,零食甜品,糕点甜品,甜品,100g,100,g,,,,未明确,,,原始数据库（来源待追溯）,原始导入,未提供,2026-06-25,中,否,否,否,EXT2076,重复兼容记录,与主记录营养和状态一致，保留编码兼容旧数据。,,283,
EXT2475,巧克力慕斯蛋糕,qiaokelimusi,甜品,209.0,4.16,15.11,16.1,0.0,巧克力慕斯蛋糕,巧克力慕斯蛋糕，qiaokelimusi,零食甜品,糕点甜品,甜品,100g,100,g,,,,未明确,,,原始数据库（来源待追溯）,原始导入,未提供,2026-06-25,中,否,否,是,EXT2475,待来源追溯,原始数据保留；新增结构字段为规则化整理结果。,,209,
EXT2476,布丁,buding,甜品,130.0,2.3,3.6,22.0,0.0,布丁,布丁，buding,零食甜品,糕点甜品,甜品,100g,100,g,,,,未明确,,,原始数据库（来源待追溯）,原始导入,未提供,2026-06-25,中,否,否,是,EXT2476,待来源追溯,原始数据保留；新增结构字段为规则化整理结果。,,130,
EXT2477,面包布丁,mianbaobuding,甜品,153.0,5.27,4.74,23.26,0.0,面包布丁,面包布丁，mianbaobuding,谷薯及主食,面食及面点,甜品,100g,100,g,,,,未明确,,,原始数据库（来源待追溯）,原始导入,未提供,2026-06-25,中,否,否,是,EXT2477,待来源追溯,原始数据保留；新增结构字段为规则化整理结果。,,153,生熟状态未明确
EXT2478,杏仁,xingren,坚果,578.0,21.26,50.64,19.74,0.0,杏仁,杏仁，xingren,坚果及种子,坚果,坚果,100g,100,g,,,,未明确,,,原始数据库（来源待追溯）,原始导入,未提供,2026-06-25,低,否,否,否,EXT2478,同名冲突待核验,原始数据保留；新增结构字段为规则化整理结果。,,578,
EXT2479,核桃,hetao,坚果,654.0,15.23,65.21,13.71,0.0,核桃,核桃，hetao,水果,鲜果,坚果,100g,100,g,,,,未明确,,,原始数据库（来源待追溯）,原始导入,未提供,2026-06-25,中,否,否,是,EXT2479,待来源追溯,原始数据保留；新增结构字段为规则化整理结果。,,654,
EXT2480,腰果,yaoguo,坚果,581.0,16.84,47.77,30.16,0.0,腰果,腰果，yaoguo,坚果及种子,坚果,坚果,100g,100,g,,,,未明确,,,原始数据库（来源待追溯）,原始导入,未提供,2026-06-25,中,否,否,是,EXT2480,待来源追溯,原始数据保留；新增结构字段为规则化整理结果。,,581,
EXT2481,开心果,kaixinguo,坚果,560.0,20.2,45.3,27.2,0.0,开心果,开心果，kaixinguo,坚果及种子,坚果,坚果,100g,100,g,,,,未明确,,,原始数据库（来源待追溯）,原始导入,未提供,2026-06-25,中,否,否,是,EXT2481,待来源追溯,原始数据保留；新增结构字段为规则化整理结果。,,560,
EXT2482,夏威夷果,xiaweiyiguo,坚果,718.0,7.91,75.77,13.82,0.0,夏威夷果,夏威夷果，xiaweiyiguo,坚果及种子,坚果,坚果,100g,100,g,,,,未明确,,,原始数据库（来源待追溯）,原始导入,未提供,2026-06-25,中,否,否,是,EXT2482,待来源追溯,原始数据保留；新增结构字段为规则化整理结果。,,718,
EXT2483,花生,huasheng,坚果,567.0,25.8,49.24,16.13,0.0,花生,花生，huasheng,坚果及种子,坚果,坚果,100g,100,g,,,,生/鲜,,,原始数据库（来源待追溯）,原始导入,未提供,2026-06-25,中,否,否,是,EXT2483,待来源追溯,原始数据保留；新增结构字段为规则化整理结果。,,567,
EXT2484,松子,songzi,坚果,673.0,13.7,68.4,13.1,0.0,松子,松子，songzi,坚果及种子,坚果,坚果,100g,100,g,,,,未明确,,,原始数据库（来源待追溯）,原始导入,未提供,2026-06-25,中,否,否,是,EXT2484,待来源追溯,原始数据保留；新增结构字段为规则化整理结果。,,673,
EXT2485,碧根果,bigen'guo,坚果,691.0,9.17,71.97,13.86,0.0,碧根果,碧根果，bigen'guo,坚果及种子,坚果,坚果,100g,100,g,,,,未明确,,,原始数据库（来源待追溯）,原始导入,未提供,2026-06-25,中,否,否,是,EXT2485,待来源追溯,原始数据保留；新增结构字段为规则化整理结果。,,691,
EXT2486,拍黄瓜,paiguanggua,凉菜,37.0,0.67,0.09,8.06,0.0,拍黄瓜,拍黄瓜，paiguanggua,其他,其他,凉菜,100g,100,g,,,,未明确,,,原始数据库（来源待追溯）,原始导入,未提供,2026-06-25,中,否,否,是,EXT2486,待来源追溯,原始数据保留；新增结构字段为规则化整理结果。,,37,
EXT2487,凉拌菠菜,liangbanbocai,凉菜,24.0,2.6,0.3,4.5,1.7,凉拌菠菜,凉拌菠菜，liangbanbocai,其他,其他,凉菜,100g,100,g,,,,未明确,,,原始数据库（来源待追溯）,原始导入,未提供,2026-06-25,中,否,否,是,EXT2487,待来源追溯,原始数据保留；新增结构字段为规则化整理结果。,,24,
EXT2488,抹茶蛋糕,mochadangao,甜品,336.0,6.8,24.9,21.7,0.0,抹茶蛋糕,抹茶蛋糕，mochadangao,零食甜品,糕点甜品,甜品,100g,100,g,,,,未明确,,,原始数据库（来源待追溯）,原始导入,未提供,2026-06-25,中,否,否,是,EXT2488,待来源追溯,原始数据保留；新增结构字段为规则化整理结果。,,336,
EXT2489,榴莲千层蛋糕,liulianqianceng,甜品,263.0,4.2,17.0,23.6,0.0,榴莲千层蛋糕,榴莲千层蛋糕，liulianqianceng,零食甜品,糕点甜品,甜品,100g,100,g,,,,未明确,,,原始数据库（来源待追溯）,原始导入,未提供,2026-06-25,中,否,否,是,EXT2489,待来源追溯,原始数据保留；新增结构字段为规则化整理结果。,,263,
EXT2490,葡萄干,putaogan,干果,299.0,3.07,0.46,79.18,0.0,葡萄干,葡萄干，putaogan,水果,水果制品,干果,100g,100,g,,,,未明确,,,原始数据库（来源待追溯）,原始导入,未提供,2026-06-25,低,否,否,否,EXT2490,同名冲突待核验,原始数据保留；新增结构字段为规则化整理结果。,,299,
EXT2491,红枣,hongzao,干果,287.0,3.7,1.1,73.6,0.0,红枣,红枣，hongzao,其他,其他,干果,100g,100,g,,,,未明确,,,原始数据库（来源待追溯）,原始导入,未提供,2026-06-25,中,否,否,是,EXT2491,待来源追溯,原始数据保留；新增结构字段为规则化整理结果。,,287,
EXT2492,桂圆干,guiyuangan,干果,286.0,4.9,0.4,74.0,0.0,桂圆干,桂圆干，guiyuangan,其他,其他,干果,100g,100,g,,,,未明确,,,原始数据库（来源待追溯）,原始导入,未提供,2026-06-25,中,否,否,是,EXT2492,待来源追溯,原始数据保留；新增结构字段为规则化整理结果。,,286,
EXT2493,枸杞,gouqi,干果,349.0,13.4,0.5,64.1,0.0,枸杞,枸杞，gouqi,其他,其他,干果,100g,100,g,,,,未明确,,,原始数据库（来源待追溯）,原始导入,未提供,2026-06-25,中,否,否,是,EXT2493,待来源追溯,原始数据保留；新增结构字段为规则化整理结果。,,349,
EXT2494,山楂片,shanzhapian,干果,347.0,0.06,2.94,83.81,0.0,山楂片,山楂片，shanzhapian,其他,其他,干果,100g,100,g,,,,未明确,,,原始数据库（来源待追溯）,原始导入,未提供,2026-06-25,中,否,否,是,EXT2494,待来源追溯,原始数据保留；新增结构字段为规则化整理结果。,,347,
EXT2495,皮蛋豆腐,pidandoufu,凉菜,137.28,7.92,9.94,4.18,0.16,皮蛋豆腐,皮蛋豆腐，pidandoufu,豆类及豆制品,豆制品,凉菜,100g,100,g,,,,未明确,,,原始数据库（来源待追溯）,原始导入,未提供,2026-06-25,低,否,否,否,EXT2495,同名冲突待核验,原始数据保留；新增结构字段为规则化整理结果。,,137.3,
EXT2496,杏仁豆腐,xingrendoufu,甜品,79.2,1.69,2.92,11.54,0.0,杏仁豆腐,杏仁豆腐，xingrendoufu,豆类及豆制品,豆制品,甜品,100g,100,g,,,,未明确,,,原始数据库（来源待追溯）,原始导入,未提供,2026-06-25,中,否,否,是,EXT2496,待来源追溯,原始数据保留；新增结构字段为规则化整理结果。,,79.2,
EXT2497,椰奶冻,yenaidong,甜品,150.0,1.0,1.5,35.0,0.0,椰奶冻,椰奶冻，yenaidong,零食甜品,糕点甜品,甜品,100g,100,g,,,,未明确,,,原始数据库（来源待追溯）,原始导入,未提供,2026-06-25,中,否,否,是,EXT2497,待来源追溯,原始数据保留；新增结构字段为规则化整理结果。,,150,
EXT2498,西瓜子,xiaguazi,坚果,573.0,29.6,46.3,12.2,0.0,西瓜子,西瓜子，xiaguazi,坚果及种子,坚果,坚果,100g,100,g,,,,未明确,,,原始数据库（来源待追溯）,原始导入,未提供,2026-06-25,低,否,否,否,EXT2498,同名冲突待核验,原始数据保留；新增结构字段为规则化整理结果。,,573,
EXT2499,南瓜子,nanguazi,坚果,559.0,30.2,49.1,10.7,0.0,南瓜子,南瓜子，nanguazi,坚果及种子,坚果,坚果,100g,100,g,,,,未明确,,,原始数据库（来源待追溯）,原始导入,未提供,2026-06-25,中,否,否,是,EXT2499,待来源追溯,原始数据保留；新增结构字段为规则化整理结果。,,559,
EXT2500,葵花籽,kuihuazi,坚果,584.0,20.8,51.5,20.0,0.0,葵花籽,葵花籽，kuihuazi,坚果及种子,坚果,坚果,100g,100,g,,,,未明确,,,原始数据库（来源待追溯）,原始导入,未提供,2026-06-25,中,否,否,是,EXT2500,待来源追溯,原始数据保留；新增结构字段为规则化整理结果。,,584,
EXT2501,酱牛肉,jiangniurou,熟食肉类,223.0,29.47,10.1,2.02,0.0,酱牛肉,酱牛肉，jiangniurou,畜肉,牛肉及制品,熟食肉类,100g,100,g,,,,未明确,,,原始数据库（来源待追溯）,原始导入,未提供,2026-06-25,低,否,否,否,EXT2501,同名冲突待核验,原始数据保留；新增结构字段为规则化整理结果。,,223,生熟状态未明确
EXT2502,烤鸭,kaoya,熟食肉类,265.0,18.66,20.61,0.0,0.0,烤鸭,烤鸭，kaoya,其他,其他,熟食肉类,100g,100,g,,,,未明确,烤,,原始数据库（来源待追溯）,原始导入,未提供,2026-06-25,中,否,否,否,EXT2341,重复兼容记录,与主记录营养和状态一致，保留编码兼容旧数据。,,265,
EXT2503,北京烤鸭,beijingkaoya,熟食肉类,431.0,16.6,38.4,6.0,0.0,北京烤鸭,北京烤鸭，beijingkaoya,其他,其他,熟食肉类,100g,100,g,,,,未明确,烤,,原始数据库（来源待追溯）,原始导入,未提供,2026-06-25,低,否,否,否,EXT2503,同名冲突待核验,原始数据保留；新增结构字段为规则化整理结果。,,431,
EXT2504,卤牛肉,luniurou,熟食肉类,151.0,19.85,6.27,3.07,0.0,卤牛肉,卤牛肉，luniurou,畜肉,牛肉及制品,熟食肉类,100g,100,g,,,,未明确,卤,,原始数据库（来源待追溯）,原始导入,未提供,2026-06-25,中,否,否,否,EXT2096,重复兼容记录,与主记录营养和状态一致，保留编码兼容旧数据。,,151,生熟状态未明确
EXT2505,虾饺,xiajiao,点心,141.0,6.2,4.8,18.1,0.0,虾饺,虾饺，xiajiao,其他,其他,点心,100g,100,g,,,,未明确,,,原始数据库（来源待追溯）,原始导入,未提供,2026-06-25,低,是,是,否,EXT2505,同名冲突待核验,原始数据保留；新增结构字段为规则化整理结果。,,141,
EXT2506,烧卖,shaomai,点心,214.0,9.1,12.2,15.7,0.0,烧卖,烧卖，shaomai,其他,其他,点心,100g,100,g,,,,未明确,烧,,原始数据库（来源待追溯）,原始导入,未提供,2026-06-25,低,否,否,否,EXT2506,同名冲突待核验,原始数据保留；新增结构字段为规则化整理结果。,,214,
EXT2507,叉烧包,chashaobao,点心,229.0,7.5,4.5,37.5,0.0,叉烧包,叉烧包，chashaobao,其他,其他,点心,100g,100,g,,,,未明确,烧,,原始数据库（来源待追溯）,原始导入,未提供,2026-06-25,低,否,否,否,EXT2507,同名冲突待核验,原始数据保留；新增结构字段为规则化整理结果。,,229,
EXT2508,糯米鸡,nuomiji,点心,220.0,7.83,4.48,36.82,0.0,糯米鸡,糯米鸡，nuomiji,其他,其他,点心,100g,100,g,,,,未明确,,,原始数据库（来源待追溯）,原始导入,未提供,2026-06-25,低,否,否,否,EXT2508,同名冲突待核验,原始数据保留；新增结构字段为规则化整理结果。,,220,
EXT2509,萝卜糕,luobogao,点心,95.0,2.3,3.6,13.0,0.0,萝卜糕,萝卜糕，luobogao,其他,其他,点心,100g,100,g,,,,未明确,,,原始数据库（来源待追溯）,原始导入,未提供,2026-06-25,低,否,否,否,EXT2509,同名冲突待核验,原始数据保留；新增结构字段为规则化整理结果。,,95,
EXT2510,肠粉,changfen,点心,110.0,3.9,2.2,17.0,0.0,肠粉,肠粉，changfen,其他,其他,点心,100g,100,g,,,,未明确,,,原始数据库（来源待追溯）,原始导入,未提供,2026-06-25,低,否,否,否,EXT2510,同名冲突待核验,原始数据保留；新增结构字段为规则化整理结果。,,110,
EXT2511,鸡肉卷,jiroujuan,速食,225.0,17.69,11.6,28.31,0.0,鸡肉卷,鸡肉卷，jiroujuan,禽肉,鸡肉及制品,速食,100g,100,g,,,,未明确,,,原始数据库（来源待追溯）,原始导入,未提供,2026-06-25,中,否,否,是,EXT2511,待来源追溯,原始数据保留；新增结构字段为规则化整理结果。,,225,生熟状态未明确
EXT2512,芒果布丁,mangguobuding,甜品,97.0,2.2,2.2,17.0,0.0,芒果布丁,芒果布丁，mangguobuding,零食甜品,糕点甜品,甜品,100g,100,g,,,,未明确,,,原始数据库（来源待追溯）,原始导入,未提供,2026-06-25,中,否,否,是,EXT2512,待来源追溯,原始数据保留；新增结构字段为规则化整理结果。,,97,
EXT2513,豆腐花,doufuhua,甜品,55.0,2.2,1.3,8.6,0.0,豆腐花,豆腐花，doufuhua,豆类及豆制品,豆制品,甜品,100g,100,g,,,,未明确,,,原始数据库（来源待追溯）,原始导入,未提供,2026-06-25,低,否,否,否,EXT2513,同名冲突待核验,原始数据保留；新增结构字段为规则化整理结果。,,55,
EXT2514,牛奶(全脂),niunai,乳制品,60.0,3.32,3.35,4.66,0.0,牛奶(全脂),牛奶(全脂)，niunai,奶及乳制品,液态乳及其他乳制品,乳制品,100g,100,g,,,,未明确,,,原始数据库（来源待追溯）,原始导入,未提供,2026-06-25,中,否,否,是,EXT2514,待来源追溯,原始数据保留；新增结构字段为规则化整理结果。,,60,
EXT2515,奶酪,nailao,乳制品,300.0,22.17,22.35,2.19,0.0,奶酪,奶酪，nailao,奶及乳制品,奶酪,乳制品,100g,100,g,,,,未明确,,,原始数据库（来源待追溯）,原始导入,未提供,2026-06-25,中,否,否,是,EXT2515,待来源追溯,原始数据保留；新增结构字段为规则化整理结果。,,300,
EXT2516,黄油,huangyou,乳制品,717.0,0.9,81.1,0.1,0.0,黄油,黄油，huangyou,油脂,动物油及其他油脂,乳制品,100g,100,g,,,,未明确,,,原始数据库（来源待追溯）,原始导入,未提供,2026-06-25,低,否,否,否,EXT2516,同名冲突待核验,原始数据保留；新增结构字段为规则化整理结果。,,717,
EXT2517,马拉糕,malagao,点心,278.0,5.84,4.01,54.18,0.0,马拉糕,马拉糕，malagao,其他,其他,点心,100g,100,g,,,,未明确,,,原始数据库（来源待追溯）,原始导入,未提供,2026-06-25,低,否,否,否,EXT2517,同名冲突待核验,原始数据保留；新增结构字段为规则化整理结果。,,278,
EXT2518,马蹄糕,matigao,点心,121.0,0.93,0.73,29.05,0.0,马蹄糕,马蹄糕，matigao,其他,其他,点心,100g,100,g,,,,未明确,,,原始数据库（来源待追溯）,原始导入,未提供,2026-06-25,中,否,否,是,EXT2518,待来源追溯,原始数据保留；新增结构字段为规则化整理结果。,,121,
EXT2519,春卷,chunjuan,点心,350.0,9.1,24.0,24.0,0.0,春卷,春卷，chunjuan,其他,其他,点心,100g,100,g,,,,未明确,,,原始数据库（来源待追溯）,原始导入,未提供,2026-06-25,低,否,否,否,EXT2519,同名冲突待核验,原始数据保留；新增结构字段为规则化整理结果。,,350,
EXT2520,红豆沙,hongdousha,甜品,110.0,3.6,0.36,22.0,0.0,红豆沙,红豆沙，hongdousha,零食甜品,糕点甜品,甜品,100g,100,g,,,,未明确,,,原始数据库（来源待追溯）,原始导入,未提供,2026-06-25,低,否,否,否,EXT2520,同名冲突待核验,原始数据保留；新增结构字段为规则化整理结果。,,110,
EXT2521,绿豆沙,lvdousha,甜品,80.0,2.5,0.32,17.0,0.0,绿豆沙,绿豆沙，lvdousha,零食甜品,糕点甜品,甜品,100g,100,g,,,,未明确,,,原始数据库（来源待追溯）,原始导入,未提供,2026-06-25,低,否,否,否,EXT2521,同名冲突待核验,原始数据保留；新增结构字段为规则化整理结果。,,80,
EXT2522,啤酒,pijiu,饮品,44.0,0.47,0.0,3.6,0.0,啤酒,啤酒，pijiu,酒类,啤酒,饮品,100g,100,g,,,,未明确,,,原始数据库（来源待追溯）,原始导入,未提供,2026-06-25,低,否,否,否,EXT2522,同名冲突待核验,原始数据保留；新增结构字段为规则化整理结果。,,44,
EXT2523,白酒,baijiu,饮品,291.0,0.17,0.0,0.2,0.0,白酒,白酒，baijiu,酒类,白酒及蒸馏酒,饮品,100g,100,g,,,,未明确,,,原始数据库（来源待追溯）,原始导入,未提供,2026-06-25,中,否,否,是,EXT2523,待来源追溯,原始数据保留；新增结构字段为规则化整理结果。,,291,
EXT2524,可乐,cola,饮品,42.0,0.0,0.0,10.6,0.0,可乐,可乐，cola,饮料,其他饮料,饮品,100g,100,g,,,,未明确,,,原始数据库（来源待追溯）,原始导入,未提供,2026-06-25,中,否,否,是,EXT2524,待来源追溯,原始数据保留；新增结构字段为规则化整理结果。,,42,
EXT2525,蚝油,haoyou,调味品,114.0,2.8,1.0,21.0,0.0,蚝油,蚝油，haoyou,调味品,基础调味及香辛料,调味品,100g,100,g,,,,未明确,,,原始数据库（来源待追溯）,原始导入,未提供,2026-06-25,中,否,否,是,EXT2525,待来源追溯,原始数据保留；新增结构字段为规则化整理结果。,,114,
EXT2526,番茄酱,fanqiejiang,调味品,37.0,1.3,0.2,7.41,0.0,番茄酱,番茄酱，fanqiejiang,调味品,酱料及调味汁,调味品,100g,100,g,,,,未明确,,,原始数据库（来源待追溯）,原始导入,未提供,2026-06-25,中,否,否,是,EXT2526,待来源追溯,原始数据保留；新增结构字段为规则化整理结果。,,37,
EXT2527,酱油,jiangyou,调味品,53.0,6.28,0.04,7.61,0.8,酱油,酱油，jiangyou,调味品,酱料及调味汁,调味品,100g,100,g,,,,未明确,,,原始数据库（来源待追溯）,原始导入,未提供,2026-06-25,中,否,否,是,EXT2527,待来源追溯,原始数据保留；新增结构字段为规则化整理结果。,,53,
EXT2528,豆瓣酱,doubanjiang,调味品,150.0,12.12,2.74,22.79,8.5,豆瓣酱,豆瓣酱，doubanjiang,调味品,酱料及调味汁,调味品,100g,100,g,,,,未明确,,,原始数据库（来源待追溯）,原始导入,未提供,2026-06-25,中,否,否,是,EXT2528,待来源追溯,原始数据保留；新增结构字段为规则化整理结果。,,150,
EXT2529,辣椒酱(老干妈),lajiaojiang,调味品,537.0,5.8,55.6,5.4,0.0,辣椒酱(老干妈),辣椒酱(老干妈)，lajiaojiang,调味品,酱料及调味汁,调味品,100g,100,g,,,,未明确,,,原始数据库（来源待追溯）,原始导入,未提供,2026-06-25,中,否,否,是,EXT2529,待来源追溯,原始数据保留；新增结构字段为规则化整理结果。,,537,
